time,ts_iso,ax,ay,az,wx,wy,wz,roll,pitch,yaw,acc_mag,gyro_mag,baseline_acc,vib,envelope,threshold,enhanced,is_above,is_peak_confirmed
1779347896.2573247,2026-05-21T16:18:16.257,0.00927734375,0.0185546875,1.044921875,0.1220703125,0.0,0.0,-0.604248046875,7.855224609375,59.5623779296875,1.0451277770630698,0.1220703125,1.0451277770630698,0.0,0.0,0.02,0.0,0,0
1779347896.2573247,2026-05-21T16:18:16.257,0.0087890625,0.0185546875,1.04541015625,0.0,0.0,0.0,-0.59326171875,7.8277587890625,59.5843505859375,1.045611743831572,0.0,1.045611743831572,0.0,0.0,0.02,0.0,0,0
1779347896.2573247,2026-05-21T16:18:16.257,0.00830078125,0.017578125,1.0439453125,0.0,0.1220703125,0.0,-0.5877685546875,7.8057861328125,59.6063232421875,1.0441262897459285,0.1220703125,1.0441262897459285,0.0,0.0,0.02,0.0,0,0
1779347896.2573247,2026-05-21T16:18:16.257,0.00732421875,0.01806640625,1.04296875,0.06103515625,0.0,0.0,-0.582275390625,7.7838134765625,59.6282958984375,1.0431509251741333,0.06103515625,1.0431509251741333,0.0,0.0,0.02,0.0,0,0
1779347896.2573247,2026-05-21T16:18:16.257,0.00830078125,0.02001953125,1.044921875,0.0,0.0,0.0,-0.5767822265625,7.75634765625,59.6502685546875,1.045146597111786,0.0,1.045146597111786,0.0,0.0,0.02,0.0,0,0
1779347896.2573247,2026-05-21T16:18:16.257,0.0078125,0.0166015625,1.04345703125,0.0,0.0,0.0,-0.5712890625,7.734375,59.666748046875,1.0436183321017098,0.0,1.0436183321017098,0.0,0.0,0.02,0.0,0,0
1779347896.2573247,2026-05-21T16:18:16.257,0.00830078125,0.01806640625,1.04296875,0.0,0.06103515625,0.0,-0.5657958984375,7.7069091796875,59.6832275390625,1.0431582389459007,0.06103515625,1.0431582389459007,0.0,0.0,0.02,0.0,0,0
1779347896.2573247,2026-05-21T16:18:16.257,0.0078125,0.01953125,1.0439453125,0.0,0.1220703125,0.0,-0.5548095703125,7.6849365234375,59.7052001953125,1.0441572297185588,0.1220703125,1.0441572297185588,0.0,0.0,0.02,0.0,0,0
1779347896.287334,2026-05-21T16:18:16.287,0.0087890625,0.0166015625,1.0458984375,0.0,0.1220703125,0.0,-0.54931640625,7.6629638671875,59.7271728515625,1.0460671111654414,0.1220703125,1.0460671111654414,0.0,0.0,0.02,0.0,0,0
1779347896.287334,2026-05-21T16:18:16.287,0.00927734375,0.01904296875,1.044921875,0.06103515625,0.0,0.0,-0.5438232421875,7.635498046875,59.7491455078125,1.0451365597946447,0.06103515625,1.0451365597946447,0.0,0.0,0.02,0.0,0,0
1779347896.287334,2026-05-21T16:18:16.287,0.01025390625,0.02099609375,1.04296875,0.1220703125,0.0,0.0,-0.538330078125,7.613525390625,59.765625,1.043230459688896,0.1220703125,1.0446425033908144,0.0014120437019184973,0.00028240874038369944,0.02,0.00028240874038369944,0,0
1779347896.287334,2026-05-21T16:18:16.287,0.0078125,0.0205078125,1.04443359375,0.0,0.0,0.0,-0.5328369140625,7.591552734375,59.78759765625,1.044664126541792,0.0,1.0441572297185588,0.0005068968232331272,0.00032730635695358504,0.02,0.00032730635695358504,0,0
1779347896.287334,2026-05-21T16:18:16.287,0.0068359375,0.01806640625,1.0458984375,0.06103515625,0.0,0.0,-0.52734375,7.5640869140625,59.8095703125,1.0460767976784664,0.06103515625,1.0444106781301754,0.0016661195482909896,0.000595068995221066,0.02,0.000595068995221066,0,0
1779347896.287334,2026-05-21T16:18:16.287,0.0078125,0.01806640625,1.04443359375,0.0,0.0,0.0,-0.516357421875,7.5421142578125,59.83154296875,1.0446190511112556,0.0,1.044664126541792,4.507543053633434e-05,0.0004850702822841196,0.02,0.0004850702822841196,0,0
1779347896.287334,2026-05-21T16:18:16.287,0.0107421875,0.02001953125,1.04345703125,0.0,0.1220703125,0.0,-0.5108642578125,7.5201416015625,59.853515625,1.0437043414151435,0.1220703125,1.044641588826524,0.0009372474113804596,0.0005755057081033877,0.02,0.0005755057081033877,0,0
1779347896.287334,2026-05-21T16:18:16.287,0.00927734375,0.01806640625,1.04443359375,0.06103515625,0.1220703125,0.0,-0.50537109375,7.4981689453125,59.87548828125,1.0446310333775202,0.13647875839232115,1.0446190511112556,1.1982266264531916e-05,0.00046280101973561656,0.02,0.00046280101973561656,0,0
1779347896.3463533,2026-05-21T16:18:16.346,0.00927734375,0.02001953125,1.04150390625,0.0,0.0,0.0,-0.4998779296875,7.470703125,59.8974609375,1.0417376049046776,0.0,1.044625042244388,0.002887437339710308,0.0009477282837305549,0.02,0.0009477282837305549,0,0
1779347896.3463533,2026-05-21T16:18:16.346,0.0087890625,0.01806640625,1.04443359375,0.0,0.06103515625,0.0,-0.494384765625,7.44873046875,59.9249267578125,1.0446268110708048,0.06103515625,1.0446190511112556,7.759959549158424e-06,0.0007597346188942756,0.02,0.0007597346188942756,0,0
1779347896.3463533,2026-05-21T16:18:16.346,0.0078125,0.017578125,1.03955078125,0.0,0.0,0.0,-0.4888916015625,7.4267578125,59.9468994140625,1.0397287398318136,0.0,1.0446229310910302,0.00489419125921664,0.0015866259469587488,0.02,0.0015866259469587488,0,0
1779347896.3463533,2026-05-21T16:18:16.346,0.0087890625,0.01953125,1.044921875,0.0,0.1220703125,0.0,-0.4833984375,7.40478515625,59.9688720703125,1.0451413503443958,0.1220703125,1.0446190511112556,0.0005222992331401777,0.0013737606041950346,0.02,0.0013737606041950346,0,0
1779347896.3463533,2026-05-21T16:18:16.346,0.0078125,0.01806640625,1.04443359375,-0.06103515625,0.06103515625,0.0,-0.4779052734375,7.3773193359375,59.9908447265625,1.0446190511112556,0.08631674575031098,1.0446229310910302,3.879979774579212e-06,0.0010997844793109437,0.02,0.0010997844793109437,0,0
1779347896.3463533,2026-05-21T16:18:16.346,0.0068359375,0.017578125,1.04345703125,0.0,0.0,0.0,-0.472412109375,7.3553466796875,60.0128173828125,1.0436274702139088,0.0,1.0446190511112556,0.0009915808973468554,0.0010781437629181262,0.02,0.0010781437629181262,0,0
1779347896.3463533,2026-05-21T16:18:16.346,0.0068359375,0.0185546875,1.04248046875,0.06103515625,0.0,0.0,-0.46142578125,7.3333740234375,60.0347900390625,1.0426679884771308,0.06103515625,1.0446190511112556,0.0019510626341248116,0.0012527275371594633,0.02,0.0012527275371594633,0,0
1779347896.3463533,2026-05-21T16:18:16.346,0.00830078125,0.0185546875,1.04296875,0.1220703125,0.0,0.0,-0.4559326171875,7.3114013671875,60.0567626953125,1.0431668097069353,0.1220703125,1.0446190511112556,0.0014522414043203202,0.0012926303105916348,0.02,0.0012926303105916348,0,0
1779347896.3789172,2026-05-21T16:18:16.378,0.00732421875,0.01708984375,1.04541015625,0.0,0.0,0.0,-0.450439453125,7.2894287109375,60.0787353515625,1.0455754882983566,0.0,1.0443881404149074,0.001187347883449208,0.0012715738251631494,0.02,0.0012715738251631494,0,0
1779347896.3789172,2026-05-21T16:18:16.378,0.009765625,0.01806640625,1.04296875,0.0,0.0,0.0,-0.4449462890625,7.2674560546875,60.09521484375,1.0431709236472195,0.0,1.0446190511112556,0.0014481274640361086,0.0013068845529377415,0.02,0.0013068845529377415,0,0
1779347896.3789172,2026-05-21T16:18:16.378,0.009765625,0.01953125,1.0439453125,0.1220703125,0.1220703125,0.0,-0.439453125,7.239990234375,60.1171875,1.0441736697738198,0.17263349150062196,1.0443881404149074,0.00021447064108759406,0.001088401770567712,0.02,0.001088401770567712,0,0
1779347896.3789172,2026-05-21T16:18:16.378,0.00927734375,0.0185546875,1.04345703125,0.0,0.0,0.0,-0.4339599609375,7.218017578125,60.13916015625,1.0436632223089697,0.0,1.0441736697738198,0.0005104474648500723,0.0009728109094241841,0.02,0.0009728109094241841,0,0
1779347896.3789172,2026-05-21T16:18:16.378,0.0078125,0.01806640625,1.0439453125,-0.06103515625,0.06103515625,0.0,-0.428466796875,7.196044921875,60.1611328125,1.0441308565892318,0.08631674575031098,1.0441654497461892,3.4593156957418714e-05,0.0007851673589308312,0.02,0.0007851673589308312,0,0
1779347896.3789172,2026-05-21T16:18:16.378,0.0087890625,0.01806640625,1.04443359375,0.0,0.0,0.0,-0.4229736328125,7.174072265625,60.18310546875,1.0446268110708048,0.0,1.0441572297185588,0.0004695813522459513,0.0007220501575938552,0.02,0.0007220501575938552,0,0
1779347896.3789172,2026-05-21T16:18:16.378,0.0087890625,0.01953125,1.044921875,0.0,0.0,0.0,-0.41748046875,7.152099609375,60.205078125,1.0451413503443958,0.0,1.0441654497461892,0.0009759005982066249,0.0007728202457164093,0.02,0.0007728202457164093,0,0
1779347896.3789172,2026-05-21T16:18:16.378,0.0068359375,0.0205078125,1.04345703125,0.06103515625,0.0,0.0,-0.4119873046875,7.130126953125,60.22705078125,1.043680926567168,0.06103515625,1.0441736697738198,0.0004927432066517135,0.0007168048379034702,0.02,0.0007168048379034702,0,0
1779347896.4059339,2026-05-21T16:18:16.405,0.0078125,0.0166015625,1.04248046875,-0.06103515625,0.0,0.0,-0.406494140625,7.108154296875,60.2490234375,1.0426419206798234,0.06103515625,1.0441654497461892,0.0015235290663657697,0.0008781496835959301,0.02,0.0008781496835959301,0,0
1779347896.4059339,2026-05-21T16:18:16.405,0.00927734375,0.01806640625,1.0439453125,-0.06103515625,0.0,0.0,-0.4010009765625,7.086181640625,60.27099609375,1.0441428444578684,0.06103515625,1.0441572297185588,1.4385260690419344e-05,0.000705396799014828,0.02,0.000705396799014828,0,0
1779347896.4059339,2026-05-21T16:18:16.405,0.00927734375,0.01904296875,1.04541015625,0.0,0.0,0.0,-0.3955078125,7.064208984375,60.2874755859375,1.0456247407920867,0.0,1.0441500370882135,0.001474703703873148,0.0008592581799864921,0.02,0.0008592581799864921,0,0
1779347896.4059339,2026-05-21T16:18:16.405,0.00927734375,0.01611328125,1.044921875,0.0,-0.06103515625,0.0,-0.3900146484375,7.042236328125,60.3094482421875,1.0450872842940981,0.06103515625,1.0441572297185588,0.0009300545755392964,0.000873417459097053,0.02,0.000873417459097053,0,0
1779347896.4059339,2026-05-21T16:18:16.405,0.00830078125,0.02001953125,1.04345703125,0.1220703125,0.0,0.0,-0.384521484375,7.0147705078125,60.3314208984375,1.0436820687670616,0.1220703125,1.0441654497461892,0.00048338097912759004,0.0007954101631031605,0.02,0.0007954101631031605,0,0
1779347896.4059339,2026-05-21T16:18:16.405,0.0078125,0.0166015625,1.04296875,0.1220703125,0.0,0.0,-0.37353515625,6.9927978515625,60.3533935546875,1.04313012635541,0.1220703125,1.0441572297185588,0.001027103363148818,0.0008417488031122921,0.02,0.0008417488031122921,0,0
1779347896.4059339,2026-05-21T16:18:16.405,0.009765625,0.017578125,1.04443359375,0.1220703125,0.0,0.0,-0.3680419921875,6.9708251953125,60.3753662109375,1.0446271534206337,0.1220703125,1.0441500370882135,0.00047711633242020213,0.0007688223089738741,0.02,0.0007688223089738741,0,0
1779347896.4059339,2026-05-21T16:18:16.405,0.00830078125,0.01953125,1.0439453125,0.1220703125,0.0,0.0,-0.362548828125,6.9488525390625,60.391845703125,1.044160997254085,0.1220703125,1.0441572297185588,3.767535526222332e-06,0.0006158113542843438,0.02,0.0006158113542843438,0,0
1779347896.4664564,2026-05-21T16:18:16.466,0.00927734375,0.01806640625,1.044921875,0.0,0.06103515625,0.0,-0.3570556640625,6.9268798828125,60.413818359375,1.0451192223834376,0.06103515625,1.044159113486322,0.0009601088971156191,0.0006846708628505989,0.02,0.0006846708628505989,0,0
1779347896.4664564,2026-05-21T16:18:16.466,0.00537109375,0.01904296875,1.04443359375,0.0,0.0,0.0,-0.3515625,6.9049072265625,60.435791015625,1.0446209911065472,0.0,1.044160997254085,0.0004599938524620928,0.0006397354607728977,0.02,0.0006397354607728977,0,0
1779347896.4664564,2026-05-21T16:18:16.466,0.0078125,0.017578125,1.04296875,0.0,0.06103515625,0.0,-0.3460693359375,6.888427734375,60.457763671875,1.0431461254835432,0.06103515625,1.0441673335139523,0.0010212080304090598,0.0007160299747001301,0.02,0.0007160299747001301,0,0
1779347896.4664564,2026-05-21T16:18:16.466,0.0078125,0.02099609375,1.04443359375,0.0,-0.06103515625,0.0,-0.340576171875,6.866455078125,60.4742431640625,1.04467382606369,0.06103515625,1.044160997254085,0.0005128288096050149,0.0006753897416811071,0.02,0.0006753897416811071,0,0
1779347896.4664564,2026-05-21T16:18:16.466,0.0087890625,0.017578125,1.0458984375,0.0,0.0,0.0,-0.3350830078125,6.844482421875,60.4962158203125,1.0460830653743927,0.0,1.0441673335139523,0.0019157318604403617,0.0009234581654329581,0.02,0.0009234581654329581,0,0
1779347896.4664564,2026-05-21T16:18:16.466,0.0068359375,0.01904296875,1.04443359375,0.0,0.06103515625,0.0,-0.32958984375,6.822509765625,60.5181884765625,1.0446295498662947,0.06103515625,1.0441736697738198,0.00045588009247499173,0.0008299425508413649,0.02,0.0008299425508413649,0,0
1779347896.4664564,2026-05-21T16:18:16.466,0.0078125,0.01953125,1.04296875,0.0,0.06103515625,0.0,-0.3240966796875,6.800537109375,60.5401611328125,1.043180865602593,0.06103515625,1.0443963604425377,0.001215494839944764,0.0009070530086620448,0.02,0.0009070530086620448,0,0
1779347896.4664564,2026-05-21T16:18:16.466,0.0068359375,0.0185546875,1.04443359375,0.0,0.0,0.0,-0.318603515625,6.778564453125,60.556640625,1.044620762871994,0.0,1.0441736697738198,0.000447093098174145,0.0008150610265644649,0.02,0.0008150610265644649,0,0
1779347896.4984553,2026-05-21T16:18:16.498,0.00634765625,0.01806640625,1.04443359375,0.0,0.0,0.0,-0.3131103515625,6.756591796875,60.57861328125,1.0446091228436587,0.0,1.0443963604425377,0.00021276240112100275,0.0006946013014757725,0.02,0.0006946013014757725,0,0
1779347896.4984553,2026-05-21T16:18:16.498,0.0078125,0.017578125,1.044921875,-0.06103515625,0.0,0.0,-0.3076171875,6.734619140625,60.6005859375,1.0450989189968007,0.06103515625,1.0446091228436587,0.0004897961531420414,0.0006536402718090263,0.02,0.0006536402718090263,0,0
1779347896.4984553,2026-05-21T16:18:16.498,0.00732421875,0.0185546875,1.04443359375,0.06103515625,0.0,0.0,-0.3021240234375,6.712646484375,60.6170654296875,1.0446240722681344,0.06103515625,1.0446140869774572,9.98529067719467e-06,0.00052490927558266,0.02,0.00052490927558266,0,0
1779347896.4984553,2026-05-21T16:18:16.498,0.00634765625,0.02099609375,1.04248046875,0.1220703125,0.0,0.0,-0.296630859375,6.690673828125,60.6390380859375,1.042711204705237,0.1220703125,1.0446190511112556,0.0019078464060187095,0.0008014967016698701,0.02,0.0008014967016698701,0,0
1779347896.4984553,2026-05-21T16:18:16.498,0.00634765625,0.0185546875,1.04541015625,-0.06103515625,0.06103515625,0.0,-0.2911376953125,6.6741943359375,60.655517578125,1.045594072266451,0.08631674575031098,1.0446140869774572,0.00097998528899379,0.0008371944191346542,0.02,0.0008371944191346542,0,0
1779347896.4984553,2026-05-21T16:18:16.498,0.0078125,0.01806640625,1.04541015625,0.0,0.0,0.0,-0.28564453125,6.6522216796875,60.677490234375,1.045595440398288,0.0,1.0446190511112556,0.0009763892870322533,0.000865033392714174,0.02,0.000865033392714174,0,0
1779347896.4984553,2026-05-21T16:18:16.498,0.00830078125,0.02001953125,1.04345703125,-0.06103515625,0.0,0.0,-0.28564453125,6.6302490234375,60.699462890625,1.0436820687670616,0.06103515625,1.0446190511112556,0.0009369823441940373,0.0008794231830101467,0.02,0.0008794231830101467,0,0
1779347896.4984553,2026-05-21T16:18:16.498,0.009765625,0.01904296875,1.0439453125,0.0,0.06103515625,0.0,-0.2801513671875,6.6082763671875,60.7159423828125,1.044164650608886,0.06103515625,1.0446190511112556,0.00045440050236966734,0.0007944186468820508,0.02,0.0007944186468820508,0,0
1779347896.526456,2026-05-21T16:18:16.526,0.0068359375,0.017578125,1.04296875,0.0,0.0,0.0,-0.274658203125,6.5863037109375,60.7379150390625,1.0431392687443906,0.0,1.0446140869774572,0.0014748182330666104,0.0009304985641189628,0.02,0.0009304985641189628,0,0
1779347896.526456,2026-05-21T16:18:16.526,0.0078125,0.01953125,1.04150390625,0.0,0.06103515625,0.0,-0.2691650390625,6.56982421875,60.75439453125,1.0417163201259838,0.06103515625,1.0446091228436587,0.0028928027176748916,0.0013229593948301485,0.02,0.0013229593948301485,0,0
1779347896.526456,2026-05-21T16:18:16.526,0.0087890625,0.017578125,1.0439453125,0.0,0.0,0.0,-0.263671875,6.5478515625,60.7763671875,1.044130285734911,0.0,1.0443913963087392,0.0002611105738281605,0.0011105896306297508,0.02,0.0011105896306297508,0,0
1779347896.526456,2026-05-21T16:18:16.526,0.0107421875,0.01806640625,1.04541015625,0.0,0.0,0.0,-0.2581787109375,6.52587890625,60.79833984375,1.0456214345630663,0.0,1.0441736697738198,0.001447764789246575,0.0011780246623531157,0.02,0.0011780246623531157,0,0
1779347896.526456,2026-05-21T16:18:16.526,0.00732421875,0.02099609375,1.04541015625,0.0,0.06103515625,0.0,-0.252685546875,6.50390625,60.8148193359375,1.045646630044637,0.06103515625,1.0443913963087392,0.0012552337358977539,0.0011934664770620433,0.02,0.0011934664770620433,0,0
1779347896.526456,2026-05-21T16:18:16.526,0.00927734375,0.0166015625,1.04443359375,-0.06103515625,0.0,0.0,-0.2471923828125,6.4874267578125,60.8367919921875,1.044606726351136,0.06103515625,1.0446091228436587,2.396492522649396e-06,0.0009552524801541646,0.02,0.0009552524801541646,0,0
1779347896.526456,2026-05-21T16:18:16.526,0.01123046875,0.0205078125,1.044921875,0.0,0.0,0.0,-0.24169921875,6.4654541015625,60.853271484375,1.0451834378018987,0.0,1.0446079245973974,0.0005755132045013323,0.0008793046250235982,0.02,0.0008793046250235982,0,0
1779347896.526456,2026-05-21T16:18:16.526,0.0078125,0.01953125,1.044921875,0.1220703125,0.0,0.0,-0.2362060546875,6.4434814453125,60.875244140625,1.0451335942052231,0.1220703125,1.0446091228436587,0.0005244713615644159,0.0008083379723317618,0.02,0.0008083379723317618,0,0
1779347896.6190467,2026-05-21T16:18:16.619,0.01025390625,0.0205078125,1.04345703125,0.0,0.0,0.0,-0.230712890625,6.4215087890625,60.8917236328125,1.04370891010472,0.0,1.0446140869774572,0.0009051768727372789,0.0008277057524128653,0.02,0.0008277057524128653,0,0
1779347896.6190467,2026-05-21T16:18:16.619,0.0087890625,0.017578125,1.0439453125,0.1220703125,0.0,0.0,-0.2252197265625,6.405029296875,60.9136962890625,1.044130285734911,0.1220703125,1.0446091228436587,0.00047883710874763175,0.0007579320236798186,0.02,0.0007579320236798186,0,0
1779347896.6190467,2026-05-21T16:18:16.619,0.009765625,0.017578125,1.0439453125,0.06103515625,0.0,0.0,-0.2197265625,6.383056640625,60.93017578125,1.0441389626869015,0.06103515625,1.0446079245973974,0.00046896191049583535,0.000700138001043022,0.02,0.000700138001043022,0,0
1779347896.6190467,2026-05-21T16:18:16.619,0.01171875,0.0185546875,1.04541015625,0.0,-0.06103515625,0.0,-0.2142333984375,6.361083984375,60.9521484375,1.045640473738672,0.06103515625,1.044606726351136,0.0010337473875359215,0.0007668598783416019,0.02,0.0007668598783416019,0,0
1779347896.6190467,2026-05-21T16:18:16.619,0.00830078125,0.01904296875,1.04443359375,0.0,0.0,0.0,-0.2142333984375,6.339111328125,60.9686279296875,1.044640162630996,0.0,1.0446079245973974,3.2238033598641636e-05,0.0006199355093930098,0.02,0.0006199355093930098,0,0
1779347896.6190467,2026-05-21T16:18:16.619,0.0078125,0.01953125,1.04296875,0.0,-0.1220703125,0.0,-0.208740234375,6.3226318359375,60.985107421875,1.043180865602593,0.1220703125,1.0446091228436587,0.0014282572410657668,0.0007815998557275613,0.02,0.0007815998557275613,0,0
1779347896.6190467,2026-05-21T16:18:16.619,0.00830078125,0.01708984375,1.044921875,0.0,0.1220703125,0.0,-0.2032470703125,6.3006591796875,61.007080078125,1.045094584514854,0.1220703125,1.0446079245973974,0.0004866599174566666,0.0007226118680733824,0.02,0.0007226118680733824,0,0
1779347896.6190467,2026-05-21T16:18:16.619,0.00927734375,0.01953125,1.04248046875,0.0,0.0,0.0,-0.19775390625,6.2786865234375,61.0235595703125,1.0427046880871103,0.0,1.0446091228436587,0.0019044347565484454,0.0009589764457683951,0.02,0.0009589764457683951,0,0
1779347896.6190467,2026-05-21T16:18:16.619,0.009765625,0.017578125,1.04443359375,0.06103515625,0.0,0.0,-0.1922607421875,6.26220703125,61.0455322265625,1.0446271534206337,0.06103515625,1.0446079245973974,1.9228823236350223e-05,0.0007710269212619861,0.02,0.0007710269212619861,0,0
1779347896.6190467,2026-05-21T16:18:16.619,0.00830078125,0.01708984375,1.044921875,0.0,0.0,0.0,-0.186767578125,6.240234375,61.06201171875,1.045094584514854,0.0,1.0446091228436587,0.0004854616711953419,0.0007139138712486574,0.02,0.0007139138712486574,0,0
1779347896.6190467,2026-05-21T16:18:16.619,0.00830078125,0.01708984375,1.04150390625,0.0,0.0,0.0,-0.1812744140625,6.2237548828125,61.0784912109375,1.041677182462383,0.0,1.0446140869774572,0.0029369045150742235,0.0011585120000137707,0.02,0.0011585120000137707,0,0
1779347896.620035,2026-05-21T16:18:16.620,0.01025390625,0.01806640625,1.04345703125,0.06103515625,0.0,0.0,-0.17578125,6.2017822265625,61.1004638671875,1.0436637934187605,0.06103515625,1.0446091228436587,0.0009453294248982225,0.001115875484990661,0.02,0.001115875484990661,0,0
1779347896.620035,2026-05-21T16:18:16.620,0.0068359375,0.02001953125,1.0439453125,0.0,0.06103515625,0.0,-0.1702880859375,6.1798095703125,61.116943359375,1.0441596272427394,0.06103515625,1.0446079245973974,0.00044829735465801157,0.0009823598589241312,0.02,0.0009823598589241312,0,0
1779347896.620035,2026-05-21T16:18:16.620,0.00830078125,0.01611328125,1.0439453125,0.06103515625,-0.06103515625,0.0,-0.1702880859375,6.163330078125,61.138916015625,1.044102656012676,0.08631674575031098,1.044606726351136,0.0005040703384600054,0.0008867019548313061,0.02,0.0008867019548313061,0,0
1779347896.620035,2026-05-21T16:18:16.620,0.009765625,0.01611328125,1.04248046875,0.0,0.0,0.0,-0.164794921875,6.141357421875,61.1553955078125,1.0426507243509218,0.0,1.044390198062478,0.0017394737115561387,0.0010572563061762726,0.02,0.0010572563061762726,0,0
1779347896.620035,2026-05-21T16:18:16.620,0.0087890625,0.01806640625,1.04443359375,0.0,0.0,0.0,-0.1593017578125,6.1248779296875,61.171875,1.0446268110708048,0.0,1.0441736697738198,0.0004531412969850379,0.0009364333043380258,0.02,0.0009364333043380258,0,0
1779347896.6540334,2026-05-21T16:18:16.654,0.0107421875,0.0185546875,1.04296875,0.0,-0.06103515625,0.0,-0.15380859375,6.1029052734375,61.19384765625,1.0431890933560752,0.06103515625,1.044390198062478,0.001201104706402667,0.000989367584750954,0.02,0.000989367584750954,0,0
1779347896.6540334,2026-05-21T16:18:16.654,0.0087890625,0.01953125,1.044921875,0.0,-0.06103515625,0.0,-0.1483154296875,6.0809326171875,61.2103271484375,1.0451413503443958,0.06103515625,1.0441736697738198,0.0009676805705760572,0.0009850301819159745,0.02,0.0009850301819159745,0,0
1779347896.6540334,2026-05-21T16:18:16.654,0.0078125,0.01708984375,1.04248046875,0.0,0.0,0.0,-0.142822265625,6.064453125,61.226806640625,1.042649809687255,0.0,1.044390198062478,0.0017403883752229454,0.0011361018205773687,0.02,0.0011361018205773687,0,0
1779347896.6540334,2026-05-21T16:18:16.654,0.0078125,0.01611328125,1.04296875,-0.06103515625,0.06103515625,0.0,-0.142822265625,6.04248046875,61.2432861328125,1.0431224695429842,0.08631674575031098,1.0441736697738198,0.0010512002308356028,0.0011191215026290155,0.02,0.0011191215026290155,0,0
1779347896.6540334,2026-05-21T16:18:16.654,0.0078125,0.0185546875,1.0439453125,0.0,0.0,0.0,-0.1373291015625,6.0260009765625,61.2652587890625,1.0441394193665878,0.0,1.0441691601913528,2.9740824764923346e-05,0.000901245367056197,0.02,0.000901245367056197,0,0
1779347896.6540334,2026-05-21T16:18:16.654,0.009765625,0.01806640625,1.04345703125,0.0,0.0,0.0,-0.1318359375,6.0040283203125,61.28173828125,1.0436591103092494,0.0,1.044164650608886,0.0005055402996365643,0.0008221043535722706,0.02,0.0008221043535722706,0,0
1779347896.6540334,2026-05-21T16:18:16.654,0.01025390625,0.017578125,1.0439453125,0.0,0.1220703125,0.0,-0.1263427734375,5.987548828125,61.2982177734375,1.0441436436442173,0.1220703125,1.0441628239314855,1.9180287268216745e-05,0.0006615195403114598,0.02,0.0006615195403114598,0,0
1779347896.6540334,2026-05-21T16:18:16.654,0.00927734375,0.0185546875,1.044921875,0.06103515625,0.0,0.0,-0.120849609375,5.965576171875,61.3201904296875,1.0451277770630698,0.06103515625,1.044160997254085,0.0009667798089847413,0.0007225715940461161,0.02,0.0007225715940461161,0,0
1779347896.7060077,2026-05-21T16:18:16.706,0.00927734375,0.01953125,1.04345703125,-0.06103515625,0.06103515625,0.0,-0.120849609375,5.9490966796875,61.336669921875,1.0436810407872137,0.08631674575031098,1.0441628239314855,0.0004817831442718301,0.000674413904091259,0.02,0.000674413904091259,0,0
1779347896.7060077,2026-05-21T16:18:16.706,0.0087890625,0.01708984375,1.0439453125,0.0,0.0,0.0,-0.1153564453125,5.9271240234375,61.3531494140625,1.0441221795698772,0.0,1.044160997254085,3.881768420788134e-05,0.0005472946601145835,0.02,0.0005472946601145835,0,0
1779347896.7060077,2026-05-21T16:18:16.706,0.0078125,0.02099609375,1.0439453125,0.0,0.0,0.0,-0.10986328125,5.91064453125,61.36962890625,1.0441856571509358,0.0,1.0441603122484122,2.5344902523594115e-05,0.0004429047085963856,0.02,0.0004429047085963856,0,0
1779347896.7060077,2026-05-21T16:18:16.706,0.0068359375,0.01806640625,1.04443359375,0.0,0.0,0.0,-0.1043701171875,5.888671875,61.3861083984375,1.0446122040402523,0.0,1.044160997254085,0.0004512067861672797,0.00044456512411056445,0.02,0.00044456512411056445,0,0
1779347896.7060077,2026-05-21T16:18:16.706,0.00830078125,0.01708984375,1.04541015625,0.0,0.0,0.0,-0.098876953125,5.8721923828125,61.4080810546875,1.04558278511049,0.0,1.0441628239314855,0.0014199611790044475,0.000639644335089341,0.02,0.000639644335089341,0,0
1779347896.7060077,2026-05-21T16:18:16.706,0.0087890625,0.01708984375,1.0439453125,0.0,0.0,0.0,-0.098876953125,5.855712890625,61.424560546875,1.0441221795698772,0.0,1.044164650608886,4.247103900878457e-05,0.0005202096758732297,0.02,0.0005202096758732297,0,0
1779347896.7060077,2026-05-21T16:18:16.706,0.0087890625,0.0185546875,1.04345703125,-0.06103515625,0.0,0.0,-0.0933837890625,5.833740234375,61.4410400390625,1.0436589960868037,0.06103515625,1.0441628239314855,0.0005038278446818367,0.000516933309634951,0.02,0.000516933309634951,0,0
1779347896.7060077,2026-05-21T16:18:16.706,0.00830078125,0.01806640625,1.04248046875,0.0,0.0,0.0,-0.087890625,5.8172607421875,61.45751953125,1.042670046433372,0.0,1.044160997254085,0.001490950820713044,0.0007117368118505698,0.02,0.0007117368118505698,0,0
1779347896.7675636,2026-05-21T16:18:16.767,0.0078125,0.0166015625,1.0439453125,0.0,0.0,0.0,-0.0823974609375,5.7952880859375,61.4739990234375,1.0441065379186236,0.0,1.0441603122484122,5.377432978859176e-05,0.0005801443154381742,0.02,0.0005801443154381742,0,0
1779347896.7675636,2026-05-21T16:18:16.767,0.0078125,0.01904296875,1.04443359375,0.0,0.1220703125,0.0,-0.0823974609375,5.77880859375,61.490478515625,1.0446363968236045,0.1220703125,1.0441596272427394,0.0004767695808651773,0.0005594693685235749,0.02,0.0005594693685235749,0,0
1779347896.7675636,2026-05-21T16:18:16.767,0.0087890625,0.01708984375,1.044921875,0.0,0.0,0.0,-0.076904296875,5.7623291015625,61.512451171875,1.045098576801511,0.0,1.0441603122484122,0.0009382645530988665,0.0006352284054386332,0.02,0.0006352284054386332,0,0
1779347896.7675636,2026-05-21T16:18:16.767,0.00732421875,0.01708984375,1.04541015625,0.0,0.06103515625,0.0,-0.0714111328125,5.7403564453125,61.5289306640625,1.0455754882983566,0.06103515625,1.044160997254085,0.001414491044271493,0.0007910809332052053,0.02,0.0007910809332052053,0,0
1779347896.7675636,2026-05-21T16:18:16.767,0.0087890625,0.0185546875,1.04248046875,0.0,0.0,0.0,-0.06591796875,5.723876953125,61.54541015625,1.0426826227443666,0.0,1.0441628239314855,0.0014802011871188903,0.0009289049839879423,0.02,0.0009289049839879423,0,0
1779347896.7675636,2026-05-21T16:18:16.767,0.009765625,0.0166015625,1.0439453125,0.0,0.06103515625,0.0,-0.06591796875,5.7073974609375,61.5618896484375,1.0441229787720432,0.06103515625,1.044160997254085,3.801848204187941e-05,0.0007507276835987297,0.02,0.0007507276835987297,0,0
1779347896.7675636,2026-05-21T16:18:16.767,0.005859375,0.01953125,1.04296875,0.0,0.0,0.0,-0.0604248046875,5.6854248046875,61.578369140625,1.0431680667459657,0.0,1.0441603122484122,0.000992245502446476,0.000799031247368279,0.02,0.000799031247368279,0,0
1779347896.7675636,2026-05-21T16:18:16.767,0.0087890625,0.01953125,1.044921875,0.0,0.0,0.0,-0.054931640625,5.6689453125,61.5948486328125,1.0451413503443958,0.0,1.0441596272427394,0.000981723101656451,0.0008355696182259135,0.02,0.0008355696182259135,0,0
1779347896.7675636,2026-05-21T16:18:16.767,0.005859375,0.01904296875,1.04345703125,0.06103515625,0.0,0.0,-0.0494384765625,5.6524658203125,61.611328125,1.0436472311079388,0.06103515625,1.0441603122484122,0.000513081140473437,0.0007710719226754182,0.02,0.0007710719226754182,0,0
1779347896.7675636,2026-05-21T16:18:16.767,0.0087890625,0.01904296875,1.044921875,0.0,0.0,0.0,-0.0439453125,5.6304931640625,61.6278076171875,1.0451323395302425,0.0,1.0441596272427394,0.0009727122875031746,0.0008113999956409695,0.02,0.0008113999956409695,0,0
1779347896.7675636,2026-05-21T16:18:16.767,0.0087890625,0.01806640625,1.0419921875,0.06103515625,0.0,0.0,-0.0439453125,5.614013671875,61.644287109375,1.0421858574483986,0.06103515625,1.0441603122484122,0.0019744548000135698,0.0010440109565154896,0.02,0.0010440109565154896,0,0
1779347896.7675636,2026-05-21T16:18:16.767,0.0068359375,0.017578125,1.0439453125,0.06103515625,0.0,0.0,-0.0384521484375,5.5975341796875,61.6607666015625,1.0441156717580395,0.06103515625,1.0441596272427394,4.3955484699820246e-05,0.0008439998621523558,0.02,0.0008439998621523558,0,0
1779347896.7675636,2026-05-21T16:18:16.767,0.0107421875,0.0205078125,1.044921875,0.0,0.06103515625,0.0,-0.032958984375,5.5810546875,61.67724609375,1.0451783052758683,0.06103515625,1.044158428480649,0.001019876795219199,0.0008791752487657245,0.02,0.0008791752487657245,0,0
1779347896.7675636,2026-05-21T16:18:16.767,0.00732421875,0.0185546875,1.04248046875,0.06103515625,0.0,0.0,-0.0274658203125,5.55908203125,61.69921875,1.0426713040712976,0.06103515625,1.0441596272427394,0.0014883231714417633,0.0010010048333009324,0.02,0.0010010048333009324,0,0
1779347896.7675636,2026-05-21T16:18:16.767,0.00927734375,0.017578125,1.0439453125,0.0,0.0,0.0,-0.0274658203125,5.5426025390625,61.7156982421875,1.0441345100494925,0.0,1.044158428480649,2.3918431156566555e-05,0.0008055875528720592,0.02,0.0008055875528720592,0,0
1779347896.7675636,2026-05-21T16:18:16.767,0.00927734375,0.0185546875,1.04296875,0.0,0.0,0.0,-0.02197265625,5.526123046875,61.732177734375,1.0431750375712796,0.0,1.0441572297185588,0.0009821921472792372,0.0008409084717534949,0.02,0.0008409084717534949,0,0
1779347896.8278348,2026-05-21T16:18:16.827,0.00732421875,0.02001953125,1.0439453125,0.0,0.0,0.0,-0.0164794921875,5.5096435546875,61.7486572265625,1.0441629381004145,0.0,1.044150436681388,1.2501419026422766e-05,0.0006752270612080805,0.02,0.0006752270612080805,0,0
1779347896.8278348,2026-05-21T16:18:16.827,0.00732421875,0.01611328125,1.0439453125,0.0,0.0,0.0,-0.010986328125,5.4876708984375,61.76513671875,1.0440953488564453,0.0,1.0441572297185588,6.188086211356136e-05,0.0005525578213891768,0.02,0.0005525578213891768,0,0
1779347896.8278348,2026-05-21T16:18:16.827,0.0087890625,0.0166015625,1.04345703125,0.06103515625,0.1220703125,0.0,-0.010986328125,5.47119140625,61.7816162109375,1.0436260995021798,0.13647875839232115,1.044150436681388,0.0005243371792083007,0.0005469136929530016,0.02,0.0005469136929530016,0,0
1779347896.8278348,2026-05-21T16:18:16.827,0.00927734375,0.01904296875,1.0478515625,-0.06103515625,0.0,0.0,-0.0054931640625,5.4547119140625,61.798095703125,1.0480656471803476,0.06103515625,1.0441436436442173,0.0039220035361302585,0.0012219316615884532,0.02,0.0012219316615884532,0,0
1779347896.8278348,2026-05-21T16:18:16.827,0.0107421875,0.01953125,1.044921875,0.06103515625,0.0,0.0,0.0,5.438232421875,61.8145751953125,1.0451595998565786,0.06103515625,1.044150436681388,0.0010091631751905084,0.0011793779643088642,0.02,0.0011793779643088642,0,0
1779347896.8278348,2026-05-21T16:18:16.827,0.01025390625,0.02001953125,1.04248046875,0.0,0.06103515625,0.0,0.0,5.4217529296875,61.8255615234375,1.042723094570209,0.06103515625,1.0441572297185588,0.00143413514834978,0.0012303294011170474,0.02,0.0012303294011170474,0,0
1779347896.8278348,2026-05-21T16:18:16.827,0.0068359375,0.017578125,1.0419921875,0.06103515625,0.0,0.0,0.0,5.3997802734375,61.842041015625,1.0421628660296118,0.06103515625,1.044150436681388,0.001987570651776238,0.0013817776512488856,0.02,0.0013817776512488856,0,0
1779347896.8278348,2026-05-21T16:18:16.827,0.01025390625,0.01611328125,1.04345703125,0.06103515625,0.06103515625,0.0,0.0054931640625,5.38330078125,61.8585205078125,1.0436318107891733,0.08631674575031098,1.0441436436442173,0.0005118328550439699,0.0012077886920079026,0.02,0.0012077886920079026,0,0
1779347896.8564343,2026-05-21T16:18:16.856,0.00927734375,0.017578125,1.04296875,0.0,0.06103515625,0.0,0.010986328125,5.3668212890625,61.875,1.0431581246686112,0.06103515625,1.044143244051043,0.0009851193824317317,0.0011632548300926685,0.02,0.0011632548300926685,0,0
1779347896.8564343,2026-05-21T16:18:16.856,0.01025390625,0.0185546875,1.04296875,0.0,0.0,0.0,0.010986328125,5.350341796875,61.8914794921875,1.0431841795666617,0.0,1.0441428444578684,0.000958664891206773,0.0011223368423154895,0.02,0.0011223368423154895,0,0
1779347896.8564343,2026-05-21T16:18:16.856,0.0078125,0.01708984375,1.044921875,-0.06103515625,0.1220703125,0.0,0.0164794921875,5.3338623046875,61.907958984375,1.0450908203448948,0.13647875839232115,1.044141131912228,0.0009496884326667399,0.0010878071603857397,0.02,0.0010878071603857397,0,0
1779347896.8564343,2026-05-21T16:18:16.856,0.00732421875,0.0205078125,1.044921875,-0.1220703125,0.0,0.0,0.02197265625,5.3173828125,61.9244384765625,1.045148764247152,0.1220703125,1.0441428444578684,0.0010059197892835492,0.0010714296861653017,0.02,0.0010714296861653017,0,0
1779347896.8564343,2026-05-21T16:18:16.856,0.0078125,0.0205078125,1.04248046875,0.0,-0.06103515625,0.0,0.02197265625,5.3009033203125,61.94091796875,1.042711433357765,0.06103515625,1.044143244051043,0.001431810693278024,0.0011435058875878463,0.02,0.0011435058875878463,0,0
1779347896.8564343,2026-05-21T16:18:16.856,0.00830078125,0.01708984375,1.04248046875,0.06103515625,0.0,0.0,0.0274658203125,5.284423828125,61.9573974609375,1.042653582669709,0.06103515625,1.0441428444578684,0.001489261788159446,0.0012126570677021664,0.02,0.0012126570677021664,0,0
1779347896.8564343,2026-05-21T16:18:16.856,0.005859375,0.01806640625,1.04296875,0.06103515625,0.0,0.0,0.032958984375,5.262451171875,61.973876953125,1.0431416686082209,0.06103515625,1.044141131912228,0.000999463304007131,0.0011700183149631594,0.02,0.0011700183149631594,0,0
1779347896.8564343,2026-05-21T16:18:16.856,0.00830078125,0.01611328125,1.04248046875,-0.06103515625,0.0,0.0,0.032958984375,5.2459716796875,61.9903564453125,1.042638033320875,0.06103515625,1.0441394193665878,0.0015013860457129269,0.001236291861113113,0.02,0.001236291861113113,0,0
1779347896.8874183,2026-05-21T16:18:16.887,0.0078125,0.017578125,1.044921875,0.0,0.0,0.0,0.0384521484375,5.2294921875,62.0013427734375,1.0450989189968007,0.0,1.0441391910267446,0.0009597279700561678,0.001180979082901724,0.02,0.001180979082901724,0,0
1779347896.8874183,2026-05-21T16:18:16.887,0.0068359375,0.01708984375,1.04541015625,0.0,0.0,0.0,0.0439453125,5.2130126953125,62.017822265625,1.0455721819135935,0.0,1.0441394193665878,0.0014327625470056393,0.0012313357757225071,0.02,0.0012313357757225071,0,0
1779347896.8874183,2026-05-21T16:18:16.887,0.00927734375,0.01904296875,1.04443359375,0.0,0.0,0.0,0.0439453125,5.196533203125,62.0343017578125,1.0446483788909113,0.0,1.044141131912228,0.0005072469786833178,0.0010865180163146693,0.02,0.0010865180163146693,0,0
1779347896.8874183,2026-05-21T16:18:16.887,0.00634765625,0.01904296875,1.04638671875,0.0,-0.06103515625,0.0,0.0494384765625,5.1800537109375,62.05078125,1.0465792337778699,0.06103515625,1.0441428444578684,0.002436389320001453,0.0013564922770520262,0.02,0.0013564922770520262,0,0
1779347896.8874183,2026-05-21T16:18:16.887,0.0087890625,0.01904296875,1.04296875,0.06103515625,0.0,0.0,0.054931640625,5.16357421875,62.0672607421875,1.0431796085789853,0.06103515625,1.044143244051043,0.000963635472057689,0.0012779209160531588,0.02,0.0012779209160531588,0,0
1779347896.8874183,2026-05-21T16:18:16.887,0.00830078125,0.0166015625,1.04345703125,0.0,0.0,0.0,0.054931640625,5.1470947265625,62.083740234375,1.0436221015826874,0.0,1.0441428444578684,0.0005207428751810017,0.0011264853078787275,0.02,0.0011264853078787275,0,0
1779347896.8874183,2026-05-21T16:18:16.887,0.0078125,0.01904296875,1.04296875,0.0,0.0,0.0,0.0604248046875,5.130615234375,62.0947265625,1.0431718378539683,0.0,1.044141131912228,0.0009692940582597398,0.00109504705795493,0.02,0.00109504705795493,0,0
1779347896.8874183,2026-05-21T16:18:16.887,0.0078125,0.02001953125,1.0439453125,0.06103515625,0.0,0.0,0.06591796875,5.1141357421875,62.1112060546875,1.044166477281493,0.06103515625,1.0441394193665878,2.7057914905093128e-05,0.0008814492293449626,0.02,0.0008814492293449626,0,0
1779347897.0074718,2026-05-21T16:18:17.007,0.0087890625,0.01953125,1.04248046875,0.0,0.0,0.0,0.06591796875,5.09765625,62.127685546875,1.0427004579798607,0.0,1.044141131912228,0.0014406739323673534,0.0009932941699494408,0.02,0.0009932941699494408,0,0
1779347897.0074718,2026-05-21T16:18:17.007,0.00927734375,0.017578125,1.04541015625,-0.06103515625,0.0,0.0,0.0714111328125,5.0811767578125,62.1441650390625,1.0455990887411009,0.06103515625,1.0441394193665878,0.0014596693745130285,0.0010865692108621584,0.02,0.0010865692108621584,0,0
1779347897.0074718,2026-05-21T16:18:17.007,0.00927734375,0.01953125,1.04296875,0.0,0.0,0.0,0.076904296875,5.064697265625,62.16064453125,1.0431928643880672,0.0,1.044141131912228,0.000948267524160773,0.0010589088735218815,0.02,0.0010589088735218815,0,0
1779347897.0074718,2026-05-21T16:18:17.007,0.0068359375,0.01904296875,1.0419921875,0.06103515625,0.06103515625,0.0,0.076904296875,5.0482177734375,62.171630859375,1.0421886026585363,0.08631674575031098,1.0441394193665878,0.0019508167080515282,0.0012372904404278108,0.02,0.0012372904404278108,0,0
1779347897.0074718,2026-05-21T16:18:17.007,0.00830078125,0.0185546875,1.0458984375,0.0,0.0,0.0,0.0823974609375,5.03173828125,62.1881103515625,1.0460959425227327,0.0,1.0441391910267446,0.0019567514959881738,0.0013811826515398834,0.02,0.0013811826515398834,0,0
1779347897.0074718,2026-05-21T16:18:17.007,0.0078125,0.0166015625,1.04443359375,0.06103515625,0.06103515625,0.0,0.087890625,5.0152587890625,62.20458984375,1.044594743806052,0.08631674575031098,1.0441394193665878,0.0004553244394642775,0.0011960110091247622,0.02,0.0011960110091247622,0,0
1779347897.0074718,2026-05-21T16:18:17.007,0.00732421875,0.0185546875,1.04296875,0.0,0.06103515625,0.0,0.087890625,4.998779296875,62.2210693359375,1.043159495995259,0.06103515625,1.044141131912228,0.0009816359169689814,0.0011531359906936062,0.02,0.0011531359906936062,0,0
1779347897.0074718,2026-05-21T16:18:17.007,0.0087890625,0.0166015625,1.04541015625,0.0,0.06103515625,0.0,0.0933837890625,4.9822998046875,62.2320556640625,1.0455789086853846,0.06103515625,1.0441394193665878,0.0014394893187967828,0.0012104066563142415,0.02,0.0012104066563142415,0,0
1779347897.0080683,2026-05-21T16:18:17.008,0.00732421875,0.017578125,1.04296875,0.0,0.0,0.0,0.098876953125,4.9658203125,62.24853515625,1.0431425828406087,0.0,1.044141131912228,0.0009985490716193368,0.0011680351393752607,0.02,0.0011680351393752607,0,0
1779347897.0080683,2026-05-21T16:18:17.008,0.00634765625,0.01904296875,1.0458984375,0.06103515625,0.0,0.0,0.098876953125,4.9493408203125,62.2650146484375,1.0460910423876226,0.06103515625,1.0441394193665878,0.0019516230210347985,0.0013247527157071682,0.02,0.0013247527157071682,0,0
1779347897.0080683,2026-05-21T16:18:17.008,0.01025390625,0.017578125,1.044921875,0.0,0.0,0.0,0.1043701171875,4.932861328125,62.2760009765625,1.0451200208231661,0.0,1.044141131912228,0.0009788889109381138,0.0012555799547533573,0.02,0.0012555799547533573,0,0
1779347897.0080683,2026-05-21T16:18:17.008,0.00830078125,0.0166015625,1.04345703125,0.0,0.0,0.0,0.10986328125,4.9163818359375,62.29248046875,1.0436221015826874,0.0,1.0441428444578684,0.0005207428751810017,0.0011086125388388862,0.02,0.0011086125388388862,0,0
1779347897.0080683,2026-05-21T16:18:17.008,0.01025390625,0.02099609375,1.044921875,0.0,0.0,0.0,0.10986328125,4.89990234375,62.3089599609375,1.045183095634281,0.0,1.044141131912228,0.0010419637220528966,0.0010952827754816884,0.02,0.0010952827754816884,0,0
1779347897.0080683,2026-05-21T16:18:17.008,0.00732421875,0.01953125,1.04638671875,0.0,0.0,0.0,0.1153564453125,4.888916015625,62.325439453125,1.046594610669887,0.0,1.0441428444578684,0.0024517662120184802,0.0013665794627890468,0.02,0.0013665794627890468,0,0
1779347897.0080683,2026-05-21T16:18:17.008,0.00927734375,0.02001953125,1.044921875,0.0,0.0,0.0,0.1153564453125,4.8724365234375,62.33642578125,1.0451548093904754,0.0,1.044143244051043,0.0010115653394324742,0.0012955766381177324,0.02,0.0012955766381177324,0,0
1779347897.0080683,2026-05-21T16:18:17.008,0.0068359375,0.0205078125,1.04443359375,0.0,0.06103515625,0.0,0.120849609375,4.85595703125,62.3529052734375,1.04465727976623,0.06103515625,1.0441436436442173,0.0005136361220126062,0.0011391885348967072,0.02,0.0011391885348967072,0,0
1779347897.067712,2026-05-21T16:18:17.067,0.009765625,0.01904296875,1.04345703125,-0.06103515625,0.0,0.0,0.1263427734375,4.8394775390625,62.369384765625,1.0436764719756393,0.06103515625,1.044150436681388,0.00047396470574878613,0.001006143769067123,0.02,0.001006143769067123,0,0
1779347897.067712,2026-05-21T16:18:17.067,0.0087890625,0.02001953125,1.04541015625,0.06103515625,0.06103515625,0.0,0.1263427734375,4.822998046875,62.38037109375,1.0456387636472493,0.08631674575031098,1.0441436436442173,0.00149512000303198,0.0011039390158600944,0.02,0.0011039390158600944,0,0
1779347897.067712,2026-05-21T16:18:17.067,0.009765625,0.01953125,1.04296875,0.0,0.0,0.0,0.1318359375,4.8065185546875,62.3968505859375,1.0431973210446648,0.0,1.044150436681388,0.0009531156367232896,0.0010737743400327335,0.02,0.0010737743400327335,0,0
1779347897.067712,2026-05-21T16:18:17.067,0.009765625,0.01708984375,1.04345703125,0.0,-0.1220703125,0.0,0.1318359375,4.7900390625,62.4078369140625,1.043642662148354,0.1220703125,1.0441436436442173,0.0005009814958631953,0.000959215771198826,0.02,0.000959215771198826,0,0
1779347897.067712,2026-05-21T16:18:17.067,0.00830078125,0.02001953125,1.04296875,0.0,0.0,0.0,0.1373291015625,4.7735595703125,62.42431640625,1.0431938928489721,0.0,1.044143244051043,0.0009493512020708472,0.0009572428573732302,0.02,0.0009572428573732302,0,0
1779347897.067712,2026-05-21T16:18:17.067,0.00732421875,0.01953125,1.04296875,0.06103515625,0.06103515625,0.0,0.142822265625,4.7625732421875,62.4407958984375,1.0431773230776362,0.08631674575031098,1.0441428444578684,0.0009655213802322038,0.0009588985619450249,0.02,0.0009588985619450249,0,0
1779347897.067712,2026-05-21T16:18:17.067,0.0078125,0.01904296875,1.04443359375,0.1220703125,0.0,0.0,0.142822265625,4.74609375,62.4517822265625,1.0446363968236045,0.1220703125,1.044141131912228,0.0004952649113765251,0.000866171831831325,0.02,0.000866171831831325,0,0
1779347897.067712,2026-05-21T16:18:17.067,0.00830078125,0.02001953125,1.04541015625,0.06103515625,0.0,0.0,0.1483154296875,4.7296142578125,62.46826171875,1.045634773423053,0.06103515625,1.0441428444578684,0.0014919289651846857,0.000991323258501997,0.02,0.000991323258501997,0,0
1779347897.0687118,2026-05-21T16:18:17.068,0.00830078125,0.01953125,1.044921875,0.06103515625,0.06103515625,0.0,0.15380859375,4.713134765625,62.4847412109375,1.045137358221128,0.08631674575031098,1.044143244051043,0.000994114170085103,0.0009918814408186184,0.02,0.0009918814408186184,0,0
1779347897.0687118,2026-05-21T16:18:17.068,0.00830078125,0.01806640625,1.04296875,0.0,0.0,0.0,0.15380859375,4.6966552734375,62.4957275390625,1.0431582389459007,0.0,1.0441436436442173,0.0009854046983166498,0.0009905860923182246,0.02,0.0009905860923182246,0,0
1779347897.0687118,2026-05-21T16:18:17.068,0.01220703125,0.0185546875,1.04443359375,0.0,0.06103515625,0.0,0.1593017578125,4.6856689453125,62.51220703125,1.04466971804188,0.06103515625,1.044143244051043,0.0005264739908370508,0.0008977636720219899,0.02,0.0008977636720219899,0,0
1779347897.0687118,2026-05-21T16:18:17.068,0.0068359375,0.01806640625,1.04443359375,0.0,0.0,0.0,0.164794921875,4.669189453125,62.523193359375,1.0446122040402523,0.0,1.0441436436442173,0.00046856039603504485,0.0008119230168246009,0.02,0.0008119230168246009,0,0
1779347897.0687118,2026-05-21T16:18:17.068,0.0087890625,0.0205078125,1.0439453125,-0.06103515625,-0.06103515625,0.0,0.164794921875,4.6527099609375,62.5396728515625,1.0441837163468346,0.08631674575031098,1.044150436681388,3.3279665446528384e-05,0.0006561943465489865,0.02,0.0006561943465489865,0,0
1779347897.0687118,2026-05-21T16:18:17.068,0.00830078125,0.01806640625,1.0439453125,-0.06103515625,0.0,0.0,0.1702880859375,4.63623046875,62.5506591796875,1.0441346242199196,0.06103515625,1.0441572297185588,2.2605498639194366e-05,0.000529476576967028,0.02,0.000529476576967028,0,0
1779347897.0687118,2026-05-21T16:18:17.068,0.00732421875,0.0185546875,1.04248046875,0.0,0.0,0.0,0.1702880859375,4.6197509765625,62.567138671875,1.0426713040712976,0.0,1.044150436681388,0.0014791326100904723,0.0007194077835917169,0.02,0.0007194077835917169,0,0
1779347897.0687118,2026-05-21T16:18:17.068,0.0078125,0.0185546875,1.0439453125,0.06103515625,0.0,0.0,0.17578125,4.6087646484375,62.578125,1.0441394193665878,0.06103515625,1.0441436436442173,4.224277629472084e-06,0.000576371082399268,0.02,0.000576371082399268,0,0
1779347897.1277177,2026-05-21T16:18:17.127,0.0087890625,0.01806640625,1.044921875,0.0,0.06103515625,0.0,0.17578125,4.59228515625,62.5946044921875,1.0451150020490254,0.06103515625,1.044143244051043,0.0009717579979824365,0.0006554484655159017,0.02,0.0006554484655159017,0,0
1779347897.1277177,2026-05-21T16:18:17.127,0.009765625,0.02197265625,1.044921875,0.0,0.06103515625,0.0,0.1812744140625,4.5758056640625,62.611083984375,1.0451984930661913,0.06103515625,1.0441436436442173,0.0010548494219739801,0.0007353286568075174,0.02,0.0007353286568075174,0,0
1779347897.1277177,2026-05-21T16:18:17.127,0.0078125,0.01904296875,1.04248046875,0.0,0.0,0.0,0.186767578125,4.5648193359375,62.6220703125,1.0426836517085531,0.0,1.044150436681388,0.0014667849728349225,0.0008816199200129984,0.02,0.0008816199200129984,0,0
1779347897.1277177,2026-05-21T16:18:17.127,0.0087890625,0.0166015625,1.046875,-0.06103515625,0.0,0.0,0.186767578125,4.54833984375,62.6385498046875,1.0470435163459397,0.06103515625,1.0441436436442173,0.002899872701722428,0.0012852704763548846,0.02,0.0012852704763548846,0,0
1779347897.1277177,2026-05-21T16:18:17.127,0.00830078125,0.01708984375,1.04296875,0.0,0.0,0.0,0.1922607421875,4.5318603515625,62.6495361328125,1.043141782887313,0.0,1.044150436681388,0.0010086537940749984,0.0012299471398989075,0.02,0.0012299471398989075,0,0
1779347897.1277177,2026-05-21T16:18:17.127,0.0087890625,0.02001953125,1.04443359375,0.06103515625,0.06103515625,0.0,0.1922607421875,4.515380859375,62.666015625,1.0446624148521084,0.08631674575031098,1.0441436436442173,0.0005187712078911222,0.0010877119534973504,0.02,0.0010877119534973504,0,0
1779347897.1277177,2026-05-21T16:18:17.127,0.00830078125,0.0185546875,1.04541015625,0.0,0.0,0.0,0.19775390625,4.50439453125,62.677001953125,1.0456077535042634,0.0,1.044150436681388,0.0014573168228753097,0.0011616329273729424,0.02,0.0011616329273729424,0,0
1779347897.1277177,2026-05-21T16:18:17.127,0.00927734375,0.01708984375,1.0439453125,0.0,-0.06103515625,0.0,0.19775390625,4.4879150390625,62.68798828125,1.0441264039172544,0.06103515625,1.0441572297185588,3.0825801304423806e-05,0.0009354715021592388,0.02,0.0009354715021592388,0,0
1779347897.1277177,2026-05-21T16:18:17.127,0.00830078125,0.01904296875,1.04150390625,0.06103515625,0.0,0.0,0.2032470703125,4.471435546875,62.7044677734375,1.0417110560813794,0.06103515625,1.044150436681388,0.0024393806000087004,0.001236253321729131,0.02,0.001236253321729131,0,0
1779347897.1277177,2026-05-21T16:18:17.127,0.0087890625,0.0185546875,1.04638671875,0.0,0.06103515625,0.0,0.208740234375,4.46044921875,62.7154541015625,1.0465881182319257,0.06103515625,1.0441436436442173,0.0024444745877083562,0.001477897574924976,0.02,0.001477897574924976,0,0
1779347897.1277177,2026-05-21T16:18:17.127,0.00830078125,0.01904296875,1.04345703125,0.0,0.0,0.0,0.208740234375,4.4439697265625,62.73193359375,1.0436637934187605,0.0,1.044150436681388,0.00048664326262759516,0.0012796467124655,0.02,0.0012796467124655,0,0
1779347897.1277177,2026-05-21T16:18:17.127,0.0078125,0.01904296875,1.04443359375,0.0,0.1220703125,0.0,0.2142333984375,4.427490234375,62.742919921875,1.0446363968236045,0.1220703125,1.0441436436442173,0.0004927531793872397,0.001122268005849848,0.02,0.001122268005849848,0,0
1779347897.1277177,2026-05-21T16:18:17.127,0.0078125,0.017578125,1.04541015625,0.0,0.0,0.0,0.2142333984375,4.41650390625,62.7593994140625,1.045587117568601,0.0,1.044150436681388,0.0014366808872128267,0.0011851505821224438,0.02,0.0011851505821224438,0,0
1779347897.1277177,2026-05-21T16:18:17.127,0.00927734375,0.0185546875,1.04345703125,-0.06103515625,0.0,0.0,0.2197265625,4.4000244140625,62.7703857421875,1.0436632223089697,0.06103515625,1.0441572297185588,0.0004940074095891589,0.001046921947615787,0.02,0.001046921947615787,0,0
1779347897.1277177,2026-05-21T16:18:17.127,0.0087890625,0.01953125,1.044921875,0.0,-0.1220703125,0.0,0.2197265625,4.383544921875,62.786865234375,1.0451413503443958,0.1220703125,1.044150436681388,0.000990913663007742,0.0010357202906941779,0.02,0.0010357202906941779,0,0
1779347897.1277177,2026-05-21T16:18:17.127,0.0068359375,0.01708984375,1.04296875,0.0,0.0,0.0,0.2252197265625,4.37255859375,62.7978515625,1.0431311548781705,0.0,1.0441572297185588,0.0010260748403883024,0.0010337912006330029,0.02,0.0010337912006330029,0,0
1779347897.1862962,2026-05-21T16:18:17.186,0.009765625,0.01953125,1.044921875,0.06103515625,-0.06103515625,0.0,0.2252197265625,4.3560791015625,62.808837890625,1.0451500189024152,0.08631674575031098,1.044150436681388,0.00099958222102714,0.0010269494047118303,0.02,0.0010269494047118303,0,0
1779347897.1862962,2026-05-21T16:18:17.186,0.00830078125,0.0185546875,1.0439453125,0.0,0.1220703125,0.0,0.230712890625,4.3450927734375,62.8253173828125,1.0441431869663784,0.1220703125,1.0441572297185588,1.4042752180420948e-05,0.0008243680742055485,0.02,0.0008243680742055485,0,0
1779347897.1862962,2026-05-21T16:18:17.186,0.00830078125,0.0185546875,1.0458984375,0.06103515625,0.06103515625,0.0,0.2362060546875,4.32861328125,62.8363037109375,1.0460959425227327,0.08631674575031098,1.044150436681388,0.0019455058413446746,0.001048595627633374,0.02,0.001048595627633374,0,0
1779347897.1862962,2026-05-21T16:18:17.186,0.00830078125,0.01904296875,1.04443359375,-0.06103515625,-0.06103515625,0.0,0.2362060546875,4.3121337890625,62.852783203125,1.044640162630996,0.08631674575031098,1.0441572297185588,0.00048293291243717285,0.0009354630845941338,0.02,0.0009354630845941338,0,0
1779347897.1862962,2026-05-21T16:18:17.186,0.0087890625,0.02001953125,1.04345703125,0.0,0.06103515625,0.0,0.24169921875,4.3011474609375,62.86376953125,1.043686066456845,0.06103515625,1.044158428480649,0.00047236202380407377,0.0008428428724361218,0.02,0.0008428428724361218,0,0
1779347897.1862962,2026-05-21T16:18:17.186,0.01025390625,0.0185546875,1.044921875,0.0,0.0,0.0,0.24169921875,4.28466796875,62.874755859375,1.0451369019774979,0.0,1.0441572297185588,0.0009796722589390239,0.0008702087497367023,0.02,0.0008702087497367023,0,0
1779347897.1862962,2026-05-21T16:18:17.186,0.00927734375,0.01806640625,1.04296875,0.06103515625,-0.1220703125,0.0,0.2471923828125,4.2681884765625,62.8912353515625,1.043166466877846,0.13647875839232115,1.044158428480649,0.0009919616028031264,0.0008945593203499872,0.02,0.0008945593203499872,0,0
1779347897.1862962,2026-05-21T16:18:17.186,0.00830078125,0.01806640625,1.044921875,0.0,0.0,0.0,0.2471923828125,4.2572021484375,62.9022216796875,1.0451110098251124,0.0,1.0441572297185588,0.0009537801065535589,0.0009064034775907015,0.02,0.0009064034775907015,0,0
1779347897.2172935,2026-05-21T16:18:17.217,0.00732421875,0.01806640625,1.0439453125,0.0,0.0,0.0,0.252685546875,4.24072265625,62.9132080078125,1.0441273172874133,0.0,1.044158428480649,3.1111193235844325e-05,0.0007313450207197301,0.02,0.0007313450207197301,0,0
1779347897.2172935,2026-05-21T16:18:17.217,0.00634765625,0.01904296875,1.04443359375,0.06103515625,0.06103515625,0.0,0.252685546875,4.229736328125,62.9296875,1.0446264687208637,0.08631674575031098,1.0441572297185588,0.0004692390023048887,0.0006789238170367618,0.02,0.0006789238170367618,0,0
1779347897.2172935,2026-05-21T16:18:17.217,0.0087890625,0.017578125,1.04443359375,0.0,0.1220703125,0.0,0.2581787109375,4.2132568359375,62.940673828125,1.0446184805237195,0.1220703125,1.044158428480649,0.0004600520430704247,0.0006351494622434945,0.02,0.0006351494622434945,0,0
1779347897.2172935,2026-05-21T16:18:17.217,0.009765625,0.01708984375,1.04443359375,0.0,-0.06103515625,0.0,0.2581787109375,4.2022705078125,62.95166015625,1.0446190511112556,0.06103515625,1.0441596272427394,0.00045942386851627326,0.0006000043434980502,0.02,0.0006000043434980502,0,0
1779347897.2172935,2026-05-21T16:18:17.217,0.0087890625,0.01806640625,1.0439453125,0.06103515625,0.0,0.0,0.263671875,4.185791015625,62.9681396484375,1.0441386201770058,0.06103515625,1.0441603122484122,2.1692071406453906e-05,0.000484341889079731,0.02,0.000484341889079731,0,0
1779347897.2172935,2026-05-21T16:18:17.217,0.00927734375,0.01953125,1.04345703125,0.0,0.06103515625,0.0,0.263671875,4.1748046875,62.9791259765625,1.0436810407872137,0.06103515625,1.0441596272427394,0.0004785864555256758,0.00048319080236892,0.02,0.00048319080236892,0,0
1779347897.2172935,2026-05-21T16:18:17.217,0.0087890625,0.0166015625,1.0439453125,0.06103515625,0.0,0.0,0.2691650390625,4.1583251953125,62.9901123046875,1.044114301687221,0.06103515625,1.044158428480649,4.412679342813419e-05,0.00039537800058076286,0.02,0.00039537800058076286,0,0
1779347897.2172935,2026-05-21T16:18:17.217,0.01025390625,0.0185546875,1.04541015625,0.06103515625,0.06103515625,0.0,0.274658203125,4.1473388671875,63.006591796875,1.0456250828151818,0.08631674575031098,1.0441572297185588,0.0014678530966230063,0.0006098730197892116,0.02,0.0006098730197892116,0,0
1779347897.2768366,2026-05-21T16:18:17.276,0.0078125,0.01953125,1.04248046875,0.0,0.0,0.0,0.274658203125,4.130859375,63.017578125,1.0426926836839474,0.0,1.044158428480649,0.0014657447967016957,0.0007810473751717086,0.02,0.0007810473751717086,0,0
1779347897.2768366,2026-05-21T16:18:17.276,0.0078125,0.01904296875,1.04541015625,-0.06103515625,0.0,0.0,0.2801513671875,4.119873046875,63.028564453125,1.0456127699132758,0.06103515625,1.0441572297185588,0.0014555401947169422,0.0009159459390807554,0.02,0.0009159459390807554,0,0
1779347897.2768366,2026-05-21T16:18:17.276,0.00732421875,0.0166015625,1.0439453125,0.06103515625,0.06103515625,0.0,0.2801513671875,4.1033935546875,63.0450439453125,1.0441029985343697,0.08631674575031098,1.044158428480649,5.542994627938391e-05,0.0007438427405204811,0.02,0.0007438427405204811,0,0
1779347897.2768366,2026-05-21T16:18:17.276,0.00830078125,0.01953125,1.0419921875,0.06103515625,0.0,0.0,0.28564453125,4.0924072265625,63.0560302734375,1.0422082764529161,0.06103515625,1.0441572297185588,0.0019489532656427055,0.000984864845544926,0.02,0.000984864845544926,0,0
1779347897.2768366,2026-05-21T16:18:17.276,0.00830078125,0.01806640625,1.04296875,-0.06103515625,0.0,0.0,0.28564453125,4.075927734375,63.0670166015625,1.0431582389459007,0.06103515625,1.044150436681388,0.0009921977354874212,0.0009863314235334251,0.02,0.0009863314235334251,0,0
1779347897.2768366,2026-05-21T16:18:17.276,0.00927734375,0.0185546875,1.0439453125,0.0,0.06103515625,0.0,0.2911376953125,4.06494140625,63.0780029296875,1.0441514071369156,0.06103515625,1.0441436436442173,7.76349269826504e-06,0.0007906178373663932,0.02,0.0007906178373663932,0,0
1779347897.2768366,2026-05-21T16:18:17.276,0.0107421875,0.01904296875,1.0439453125,0.0,0.0,0.0,0.2911376953125,4.0484619140625,63.094482421875,1.0441742406044219,0.0,1.0441475253905663,2.6715213855554865e-05,0.0006378373126642256,0.02,0.0006378373126642256,0,0
1779347897.2768366,2026-05-21T16:18:17.276,0.00537109375,0.0205078125,1.04296875,0.0,0.0,0.0,0.296630859375,4.0374755859375,63.10546875,1.0431841795666617,0.0,1.0441514071369156,0.0009672275702539146,0.0007037153641821634,0.02,0.0007037153641821634,0,0
1779347897.3082163,2026-05-21T16:18:17.308,0.00732421875,0.017578125,1.0439453125,0.06103515625,0.06103515625,0.0,0.296630859375,4.0264892578125,63.116455078125,1.0441189827550958,0.08631674575031098,1.0441475253905663,2.854263547047431e-05,0.0005686808184398256,0.02,0.0005686808184398256,0,0
1779347897.3082163,2026-05-21T16:18:17.308,0.00927734375,0.01708984375,1.04345703125,0.06103515625,0.1220703125,0.0,0.3021240234375,4.010009765625,63.12744140625,1.0436382073935002,0.13647875839232115,1.0441436436442173,0.000505436250717084,0.0005560319048952772,0.02,0.0005560319048952772,0,0
1779347897.3082163,2026-05-21T16:18:17.308,0.00732421875,0.01806640625,1.0439453125,0.0,0.0,0.0,0.3021240234375,3.9990234375,63.1439208984375,1.0441273172874133,0.0,1.0441434153052978,1.609801788449161e-05,0.0004480451274931201,0.02,0.0004480451274931201,0,0
1779347897.3082163,2026-05-21T16:18:17.308,0.00732421875,0.01904296875,1.04296875,0.0,0.1220703125,0.0,0.3076171875,3.988037109375,63.1549072265625,1.0431682952983539,0.1220703125,1.0441431869663784,0.0009748916680245578,0.0005534144355994077,0.02,0.0005534144355994077,0,0
1779347897.3082163,2026-05-21T16:18:17.308,0.0087890625,0.01708984375,1.044921875,0.0,-0.06103515625,0.0,0.3076171875,3.9715576171875,63.1658935546875,1.045098576801511,0.06103515625,1.0441430157121234,0.0009555610893876576,0.0006338437663570577,0.02,0.0006338437663570577,0,0
1779347897.3082163,2026-05-21T16:18:17.308,0.0087890625,0.0185546875,1.04443359375,0.0,0.0,0.0,0.3131103515625,3.9605712890625,63.1768798828125,1.044635369782869,0.0,1.0441431869663784,0.0004921828164905495,0.0006055115763837561,0.02,0.0006055115763837561,0,0
1779347897.3082163,2026-05-21T16:18:17.308,0.01123046875,0.017578125,1.04443359375,0.0,0.1220703125,0.0,0.3131103515625,3.944091796875,63.1878662109375,1.0446418743571408,0.1220703125,1.0441434153052978,0.000498459051843092,0.0005841010714756233,0.02,0.0005841010714756233,0,0
1779347897.3082163,2026-05-21T16:18:17.308,0.00830078125,0.01953125,1.04345703125,-0.06103515625,-0.06103515625,0.0,0.3131103515625,3.93310546875,63.204345703125,1.0436728169119796,0.08631674575031098,1.0441436436442173,0.0004708267322377502,0.0005614462036280487,0.02,0.0005614462036280487,0,0
1779347897.3362203,2026-05-21T16:18:17.336,0.0087890625,0.017578125,1.0419921875,0.0,-0.06103515625,0.0,0.318603515625,3.9166259765625,63.21533203125,1.0421775073897823,0.06103515625,1.0441434153052978,0.00196590791551543,0.0008423385460055251,0.02,0.0008423385460055251,0,0
1779347897.3362203,2026-05-21T16:18:17.336,0.0078125,0.02001953125,1.04150390625,0.0,0.06103515625,0.0,0.318603515625,3.9056396484375,63.226318359375,1.041725589357259,0.06103515625,1.0441431869663784,0.002417597609119415,0.0011573903586283032,0.02,0.0011573903586283032,0,0
1779347897.3362203,2026-05-21T16:18:17.336,0.01025390625,0.01708984375,1.04345703125,-0.06103515625,0.0,0.0,0.3240966796875,3.8946533203125,63.2373046875,1.0436473453316721,0.06103515625,1.0441430157121234,0.0004956703804512852,0.0010250463629928996,0.02,0.0010250463629928996,0,0
1779347897.3362203,2026-05-21T16:18:17.336,0.0078125,0.0166015625,1.044921875,0.0,0.0,0.0,0.3240966796875,3.878173828125,63.248291015625,1.0450829497638965,0.0,1.0441428444578684,0.0009401053060280606,0.0010080581515999319,0.02,0.0010080581515999319,0,0
1779347897.3362203,2026-05-21T16:18:17.336,0.0078125,0.017578125,1.044921875,0.0,0.0,0.0,0.32958984375,3.8671875,63.25927734375,1.0450989189968007,0.0,1.0441430157121234,0.0009559032846773174,0.000997627178215409,0.02,0.000997627178215409,0,0
1779347897.3362203,2026-05-21T16:18:17.336,0.00830078125,0.0185546875,1.04443359375,0.06103515625,0.0,0.0,0.32958984375,3.856201171875,63.2757568359375,1.0446313757259653,0.06103515625,1.0441431869663784,0.0004881887595868939,0.000895739494489706,0.02,0.000895739494489706,0,0
1779347897.3362203,2026-05-21T16:18:17.336,0.0078125,0.01806640625,1.04296875,0.0,0.0,0.0,0.3350830078125,3.8397216796875,63.2867431640625,1.0431544677887368,0.0,1.0441434153052978,0.0009889475165609785,0.0009143810989039606,0.02,0.0009143810989039606,0,0
1779347897.3362203,2026-05-21T16:18:17.336,0.0078125,0.01708984375,1.04541015625,0.06103515625,0.0,0.0,0.3350830078125,3.8287353515625,63.2977294921875,1.0455790226980928,0.06103515625,1.0441431869663784,0.0014358357317143522,0.001018672025466039,0.02,0.001018672025466039,0,0
1779347897.3707588,2026-05-21T16:18:17.370,0.0068359375,0.01806640625,1.0419921875,-0.06103515625,0.0,0.0,0.340576171875,3.8177490234375,63.3087158203125,1.0421712162055374,0.06103515625,1.0441434153052978,0.001972199099760319,0.001209377440324895,0.02,0.001209377440324895,0,0
1779347897.3707588,2026-05-21T16:18:17.370,0.00927734375,0.01708984375,1.04296875,0.06103515625,0.06103515625,0.0,0.340576171875,3.80126953125,63.3197021484375,1.043150010949057,0.08631674575031098,1.0441431869663784,0.0009931760173214066,0.0011661371557241975,0.02,0.0011661371557241975,0,0
1779347897.3707588,2026-05-21T16:18:17.370,0.0087890625,0.01953125,1.04541015625,0.0,0.06103515625,0.0,0.3460693359375,3.790283203125,63.3306884765625,1.0456295291052375,0.06103515625,1.0441430157121234,0.0014865133931141195,0.0012302124032021818,0.02,0.0012302124032021818,0,0
1779347897.3707588,2026-05-21T16:18:17.370,0.01025390625,0.0185546875,1.04248046875,0.0,0.0,0.0,0.3460693359375,3.779296875,63.3416748046875,1.0426959991995874,0.0,1.0441431869663784,0.0014471877667909805,0.0012736074759199416,0.02,0.0012736074759199416,0,0
1779347897.3707588,2026-05-21T16:18:17.370,0.0078125,0.01806640625,1.04296875,0.0,0.0,0.0,0.3460693359375,3.7628173828125,63.3526611328125,1.0431544677887368,0.0,1.0441430157121234,0.0009885479233866512,0.0012165955654132837,0.02,0.0012165955654132837,0,0
1779347897.3707588,2026-05-21T16:18:17.370,0.009765625,0.01904296875,1.04541015625,0.06103515625,0.18310546875,0.0,0.3515625,3.7518310546875,63.3636474609375,1.0456291870835968,0.19301011109426144,1.0441428444578684,0.0014863426257283319,0.0012705449774762932,0.02,0.0012705449774762932,0,0
1779347897.3707588,2026-05-21T16:18:17.370,0.0078125,0.021484375,1.0439453125,0.0,-0.06103515625,0.0,0.3515625,3.7408447265625,63.380126953125,1.0441955894448671,0.06103515625,1.0441430157121234,5.257373274369925e-05,0.0010269507285297745,0.02,0.0010269507285297745,0,0
1779347897.3707588,2026-05-21T16:18:17.370,0.0087890625,0.0205078125,1.044921875,0.0,-0.06103515625,0.0,0.3570556640625,3.7298583984375,63.39111328125,1.0451600560903003,0.06103515625,1.0441431869663784,0.0010168691239218486,0.0010249344076081893,0.02,0.0010249344076081893,0,0
1779347897.4297733,2026-05-21T16:18:17.429,0.0087890625,0.0166015625,1.0439453125,0.0,0.0,0.0,0.3570556640625,3.71337890625,63.402099609375,1.044114301687221,0.0,1.0441434153052978,2.9113618076781478e-05,0.0008257702497019078,0.02,0.0008257702497019078,0,0
1779347897.4297733,2026-05-21T16:18:17.429,0.0078125,0.0185546875,1.0439453125,-0.1220703125,0.0,0.0,0.362548828125,3.702392578125,63.4130859375,1.0441394193665878,0.1220703125,1.0441431869663784,3.767599790593934e-06,0.0006613697197196451,0.02,0.0006613697197196451,0,0
1779347897.4297733,2026-05-21T16:18:17.429,0.0078125,0.01708984375,1.0419921875,0.0,-0.06103515625,0.0,0.362548828125,3.69140625,63.424072265625,1.0421616077781242,0.06103515625,1.0441430157121234,0.0019814079339992574,0.0009253773625755676,0.02,0.0009253773625755676,0,0
1779347897.4297733,2026-05-21T16:18:17.429,0.00830078125,0.02001953125,1.04443359375,0.0,0.0,0.0,0.362548828125,3.6749267578125,63.43505859375,1.0446584208986065,0.0,1.0441428444578684,0.0005155764407380747,0.0008434171782080691,0.02,0.0008434171782080691,0,0
1779347897.4297733,2026-05-21T16:18:17.429,0.0078125,0.017578125,1.0419921875,0.06103515625,0.06103515625,0.0,0.3680419921875,3.6639404296875,63.446044921875,1.0421697291928032,0.08631674575031098,1.0441430157121234,0.001973286519320272,0.0010693910464305099,0.02,0.0010693910464305099,0,0
1779347897.4297733,2026-05-21T16:18:17.429,0.0068359375,0.01806640625,1.044921875,0.1220703125,0.0,0.0,0.3680419921875,3.6529541015625,63.45703125,1.0451004018417607,0.1220703125,1.0441428444578684,0.0009575573838922491,0.001047024313922858,0.02,0.001047024313922858,0,0
1779347897.4297733,2026-05-21T16:18:17.429,0.00732421875,0.0185546875,1.04296875,-0.06103515625,0.0,0.0,0.37353515625,3.6419677734375,63.468017578125,1.043159495995259,0.06103515625,1.0441430157121234,0.0009835197168643894,0.0010343233945111644,0.02,0.0010343233945111644,0,0
1779347897.4297733,2026-05-21T16:18:17.429,0.00927734375,0.02001953125,1.04345703125,0.06103515625,0.0,0.0,0.37353515625,3.6309814453125,63.47900390625,1.0436902925693947,0.06103515625,1.0441428444578684,0.00045255188847370675,0.000917969093303673,0.02,0.000917969093303673,0,0
1779347897.4879863,2026-05-21T16:18:17.487,0.00927734375,0.01953125,1.04541015625,0.0,0.0,0.0,0.3790283203125,3.614501953125,63.489990234375,1.0456337473629413,0.0,1.044141131912228,0.0014926154507133305,0.0010328983647856045,0.02,0.0010328983647856045,0,0
1779347897.4879863,2026-05-21T16:18:17.487,0.009765625,0.01708984375,1.04248046875,0.0,0.0,0.0,0.3790283203125,3.603515625,63.5009765625,1.0426662735104937,0.0,1.0441428444578684,0.0014765709473747446,0.0011216328813034326,0.02,0.0011216328813034326,0,0
1779347897.4879863,2026-05-21T16:18:17.487,0.0087890625,0.01904296875,1.0439453125,-0.06103515625,0.1220703125,0.0,0.384521484375,3.592529296875,63.511962890625,1.0441559738703625,0.13647875839232115,1.044141131912228,1.4841958134503841e-05,0.0009002746966696468,0.02,0.0009002746966696468,0,0
1779347897.4879863,2026-05-21T16:18:17.487,0.00927734375,0.01953125,1.0419921875,0.0,0.06103515625,0.0,0.384521484375,3.58154296875,63.52294921875,1.0422165118844804,0.06103515625,1.0441428444578684,0.0019263325733880343,0.0011054862720133243,0.02,0.0011054862720133243,0,0
1779347897.4879863,2026-05-21T16:18:17.487,0.00830078125,0.0185546875,1.0439453125,-0.06103515625,0.06103515625,0.0,0.384521484375,3.570556640625,63.533935546875,1.0441431869663784,0.08631674575031098,1.044141131912228,2.0550541504071873e-06,0.000884800028440741,0.02,0.000884800028440741,0,0
1779347897.4879863,2026-05-21T16:18:17.487,0.0078125,0.01953125,1.04443359375,0.0,0.0,0.0,0.3900146484375,3.5595703125,63.544921875,1.0446454119156185,0.0,1.0441428444578684,0.0005025674577501249,0.0008083535143026178,0.02,0.0008083535143026178,0,0
1779347897.4879863,2026-05-21T16:18:17.487,0.00830078125,0.01904296875,1.04345703125,0.0,0.0,0.0,0.3900146484375,3.5430908203125,63.555908203125,1.0436637934187605,0.0,1.0441430157121234,0.0004792222933629464,0.0007425272701146835,0.02,0.0007425272701146835,0,0
1779347897.4879863,2026-05-21T16:18:17.487,0.00634765625,0.01806640625,1.04248046875,0.0,0.0,0.0,0.3955078125,3.5321044921875,63.56689453125,1.0426563266483726,0.0,1.0441428444578684,0.0014865178094958242,0.0008913253779909117,0.02,0.0008913253779909117,0,0
1779347897.5159872,2026-05-21T16:18:17.515,0.0078125,0.01953125,1.0439453125,0.1220703125,0.1220703125,0.0,0.3955078125,3.5211181640625,63.577880859375,1.0441572297185588,0.17263349150062196,1.044141131912228,1.6097806330828135e-05,0.0007162798636588951,0.02,0.0007162798636588951,0,0
1779347897.5159872,2026-05-21T16:18:17.515,0.009765625,0.01904296875,1.04296875,-0.06103515625,0.06103515625,0.0,0.3955078125,3.5101318359375,63.5888671875,1.0431882934384455,0.08631674575031098,1.0441428444578684,0.0009545510194228779,0.0007639340948116917,0.02,0.0007639340948116917,0,0
1779347897.5159872,2026-05-21T16:18:17.515,0.00830078125,0.02001953125,1.044921875,0.0,0.06103515625,0.0,0.4010009765625,3.4991455078125,63.599853515625,1.045146597111786,0.06103515625,1.044141131912228,0.001005465199557909,0.0008122403157609352,0.02,0.0008122403157609352,0,0
1779347897.5159872,2026-05-21T16:18:17.515,0.00927734375,0.01708984375,1.04345703125,0.06103515625,-0.06103515625,0.0,0.4010009765625,3.4881591796875,63.61083984375,1.0436382073935002,0.08631674575031098,1.0441428444578684,0.0005046370643682074,0.0007507196654823897,0.02,0.0007507196654823897,0,0
1779347897.5159872,2026-05-21T16:18:17.515,0.005859375,0.01806640625,1.0439453125,0.06103515625,0.0,0.0,0.406494140625,3.4771728515625,63.621826171875,1.0441180693776462,0.06103515625,1.044141131912228,2.3062534581841376e-05,0.00060518823930228,0.02,0.00060518823930228,0,0
1779347897.5159872,2026-05-21T16:18:17.515,0.005859375,0.01953125,1.0458984375,0.0,0.0,0.0,0.406494140625,3.460693359375,63.6328125,1.046097196041981,0.0,1.0441394193665878,0.001957776675393097,0.0008757059265204434,0.02,0.0008757059265204434,0,0
1779347897.516985,2026-05-21T16:18:17.516,0.00927734375,0.0166015625,1.04345703125,0.1220703125,0.1220703125,0.0,0.4119873046875,3.44970703125,63.643798828125,1.0436303258575617,0.17263349150062196,1.044141131912228,0.0005108060546663573,0.0008027259521496263,0.02,0.0008027259521496263,0,0
1779347897.516985,2026-05-21T16:18:17.516,0.00732421875,0.0146484375,1.04248046875,0.0,0.0,0.0,0.4119873046875,3.438720703125,63.65478515625,1.042609106341734,0.0,1.0441394193665878,0.0015303130248538466,0.0009482433666904704,0.02,0.0009482433666904704,0,0
1779347897.548997,2026-05-21T16:18:17.548,0.00732421875,0.017578125,1.04150390625,0.06103515625,0.0,0.0,0.41748046875,3.427734375,63.665771484375,1.0416779835404137,0.06103515625,1.0441394193665878,0.0024614358261740854,0.0012508818585871937,0.02,0.0012508818585871937,0,0
1779347897.548997,2026-05-21T16:18:17.548,0.009765625,0.0166015625,1.04443359375,-0.1220703125,0.0,0.0,0.41748046875,3.416748046875,63.6767578125,1.0446111769757311,0.1220703125,1.0441394193665878,0.00047175760914330844,0.0010950570086984167,0.02,0.0010950570086984167,0,0
1779347897.548997,2026-05-21T16:18:17.548,0.0068359375,0.01953125,1.0439453125,0.0,0.1220703125,0.0,0.41748046875,3.40576171875,63.687744140625,1.0441503796191376,0.1220703125,1.0441394193665878,1.0960252549763183e-05,0.0008782376574686861,0.02,0.0008782376574686861,0,0
1779347897.548997,2026-05-21T16:18:17.548,0.00830078125,0.01806640625,1.04541015625,-0.1220703125,0.0,0.0,0.4229736328125,3.394775390625,63.69873046875,1.0455992027516088,0.1220703125,1.0441394193665878,0.0014597833850209518,0.0009945468029791394,0.02,0.0009945468029791394,0,0
1779347897.548997,2026-05-21T16:18:17.548,0.0068359375,0.0166015625,1.04296875,0.0,0.06103515625,0.0,0.4229736328125,3.3837890625,63.7042236328125,1.0431232695110908,0.06103515625,1.044141131912228,0.001017862401137215,0.0009992099226107545,0.02,0.0009992099226107545,0,0
1779347897.548997,2026-05-21T16:18:17.548,0.00927734375,0.01806640625,1.04443359375,-0.06103515625,0.0,0.0,0.4229736328125,3.372802734375,63.7152099609375,1.0446310333775202,0.06103515625,1.0441394193665878,0.0004916140109323397,0.0008976907402750716,0.02,0.0008976907402750716,0,0
1779347897.548997,2026-05-21T16:18:17.548,0.0048828125,0.02001953125,1.04443359375,0.06103515625,0.0,0.0,0.428466796875,3.36181640625,63.7261962890625,1.0446368532858297,0.06103515625,1.044141131912228,0.0004957213736016541,0.0008172968669403882,0.02,0.0008172968669403882,0,0
1779347897.548997,2026-05-21T16:18:17.548,0.00830078125,0.017578125,1.04052734375,0.0,0.0,0.0,0.428466796875,3.350830078125,63.7371826171875,1.0407089153741822,0.0,1.0441428444578684,0.003433929083686227,0.001340623310289556,0.02,0.001340623310289556,0,0
1779347897.6072903,2026-05-21T16:18:17.607,0.0078125,0.01708984375,1.04345703125,0.06103515625,0.0,0.0,0.428466796875,3.33984375,63.7481689453125,1.043626213728226,0.06103515625,1.044141131912228,0.0005149181840020667,0.0011754822850320581,0.02,0.0011754822850320581,0,0
1779347897.6072903,2026-05-21T16:18:17.607,0.00927734375,0.01708984375,1.04248046875,0.06103515625,0.0,0.0,0.4339599609375,3.328857421875,63.7591552734375,1.042661814584036,0.06103515625,1.0441394193665878,0.0014776047825517669,0.001235906784536,0.02,0.001235906784536,0,0
1779347897.6072903,2026-05-21T16:18:17.607,0.0087890625,0.0185546875,1.04345703125,0.0,0.06103515625,0.0,0.4339599609375,3.31787109375,63.7701416015625,1.0436589960868037,0.06103515625,1.0441394193665878,0.0004804232797841479,0.0010848100835856296,0.02,0.0010848100835856296,0,0
1779347897.6072903,2026-05-21T16:18:17.607,0.0087890625,0.01708984375,1.0439453125,0.06103515625,0.0,0.0,0.439453125,3.3013916015625,63.7811279296875,1.0441221795698772,0.06103515625,1.0441394193665878,1.723979671064413e-05,0.0008712960262106325,0.02,0.0008712960262106325,0,0
1779347897.6072903,2026-05-21T16:18:17.607,0.00830078125,0.017578125,1.04345703125,0.0,0.0,0.0,0.439453125,3.2904052734375,63.78662109375,1.0436380931687668,0.0,1.0441394193665878,0.0005013261978210615,0.0007973020605327184,0.02,0.0007973020605327184,0,0
1779347897.6072903,2026-05-21T16:18:17.607,0.00732421875,0.01806640625,1.0458984375,0.0,0.0,0.0,0.439453125,3.2794189453125,63.797607421875,1.0460801024682715,0.0,1.0441394193665878,0.0019406831016837156,0.001025978268762918,0.02,0.001025978268762918,0,0
1779347897.6072903,2026-05-21T16:18:17.607,0.0087890625,0.01953125,1.041015625,0.0,0.0,0.0,0.4449462890625,3.2684326171875,63.80859375,1.0412359237177384,0.0,1.0441394193665878,0.002903495648849397,0.0014014817447802138,0.02,0.0014014817447802138,0,0
1779347897.6072903,2026-05-21T16:18:17.607,0.0068359375,0.01806640625,1.044921875,0.0,0.0,0.0,0.4449462890625,3.2574462890625,63.819580078125,1.0451004018417607,0.0,1.0441394193665878,0.0009609824751728446,0.0013133818908587403,0.02,0.0013133818908587403,0,0
1779347897.6082897,2026-05-21T16:18:17.608,0.005859375,0.02001953125,1.04296875,0.0,0.0,0.0,0.450439453125,3.2464599609375,63.83056640625,1.0431773230776362,0.0,1.0441394193665878,0.0009620962889516083,0.001243124770477314,0.02,0.001243124770477314,0,0
1779347897.6082897,2026-05-21T16:18:17.608,0.00830078125,0.017578125,1.04345703125,0.0,0.0,0.0,0.450439453125,3.2354736328125,63.841552734375,1.0436380931687668,0.0,1.0441394193665878,0.0005013261978210615,0.0010947650559460635,0.02,0.0010947650559460635,0,0
1779347897.6082897,2026-05-21T16:18:17.608,0.0078125,0.0185546875,1.04443359375,0.06103515625,0.0,0.0,0.450439453125,3.2244873046875,63.8525390625,1.0446276098868978,0.06103515625,1.0441391910267446,0.0004884188601532724,0.0009734958167875053,0.02,0.0009734958167875053,0,0
1779347897.6082897,2026-05-21T16:18:17.608,0.0087890625,0.0185546875,1.0458984375,0.0,0.0,0.0,0.4559326171875,3.2135009765625,63.8580322265625,1.046099930987854,0.0,1.0441394193665878,0.0019605116212662033,0.0011708989776832448,0.02,0.0011708989776832448,0,0
1779347897.6082897,2026-05-21T16:18:17.608,0.00927734375,0.0166015625,1.04443359375,0.0,0.06103515625,0.0,0.4559326171875,3.2025146484375,63.8690185546875,1.044606726351136,0.06103515625,1.0441394193665878,0.0004673069845482214,0.0010301805790562401,0.02,0.0010301805790562401,0,0
1779347897.6082897,2026-05-21T16:18:17.608,0.0107421875,0.017578125,1.0439453125,0.06103515625,0.0,0.0,0.4559326171875,3.1915283203125,63.8800048828125,1.0441485529183687,0.06103515625,1.0441394193665878,9.133551780893256e-06,0.0008259711736011708,0.02,0.0008259711736011708,0,0
1779347897.6082897,2026-05-21T16:18:17.608,0.0087890625,0.0185546875,1.04443359375,0.0,0.0,0.0,0.46142578125,3.1805419921875,63.8909912109375,1.044635369782869,0.0,1.0441394193665878,0.0004959504162811434,0.0007599670221371653,0.02,0.0007599670221371653,0,0
1779347897.6082897,2026-05-21T16:18:17.608,0.01171875,0.01806640625,1.04638671875,0.0,0.06103515625,0.0,0.46142578125,3.1695556640625,63.9019775390625,1.046608278828686,0.06103515625,1.0441394193665878,0.002468859462098072,0.0011017455101293466,0.02,0.0011017455101293466,0,0
1779347897.6668057,2026-05-21T16:18:17.666,0.0087890625,0.01953125,1.0439453125,-0.06103515625,-0.06103515625,0.0,0.46142578125,3.1585693359375,63.907470703125,1.044164993110243,0.08631674575031098,1.044141131912228,2.386119801500719e-05,0.0008861686477064787,0.02,0.0008861686477064787,0,0
1779347897.6668057,2026-05-21T16:18:17.666,0.0087890625,0.01806640625,1.04345703125,0.1220703125,0.0,0.0,0.4669189453125,3.1475830078125,63.91845703125,1.0436504293677469,0.1220703125,1.0441428444578684,0.0004924150901215452,0.0008074179361894921,0.02,0.0008074179361894921,0,0
1779347897.6668057,2026-05-21T16:18:17.666,0.00927734375,0.01904296875,1.04443359375,0.0,0.0,0.0,0.4669189453125,3.1365966796875,63.929443359375,1.0446483788909113,0.0,1.044141131912228,0.0005072469786833178,0.0007473837446882572,0.02,0.0007473837446882572,0,0
1779347897.6668057,2026-05-21T16:18:17.666,0.00732421875,0.02001953125,1.044921875,0.1220703125,0.0,0.0,0.472412109375,3.1256103515625,63.9404296875,1.045139297254334,0.1220703125,1.0441428444578684,0.0009964527964656522,0.0007971975550437363,0.02,0.0007971975550437363,0,0
1779347897.6668057,2026-05-21T16:18:17.666,0.0078125,0.017578125,1.04541015625,0.0,0.0,0.0,0.472412109375,3.1201171875,63.9459228515625,1.045587117568601,0.0,1.0441430157121234,0.0014441018564774755,0.0009265784153304841,0.02,0.0009265784153304841,0,0
1779347897.6668057,2026-05-21T16:18:17.666,0.0087890625,0.0185546875,1.0439453125,0.0,0.0,0.0,0.472412109375,3.109130859375,63.9569091796875,1.044147182890695,0.0,1.0441431869663784,3.995924316546606e-06,0.0007420619171276967,0.02,0.0007420619171276967,0,0
1779347897.6668057,2026-05-21T16:18:17.666,0.0087890625,0.0205078125,1.0458984375,0.06103515625,-0.06103515625,0.0,0.4779052734375,3.09814453125,63.9678955078125,1.0461363962496026,0.08631674575031098,1.0441431869663784,0.0019932092832242176,0.000992291390347001,0.02,0.000992291390347001,0,0
1779347897.6668057,2026-05-21T16:18:17.666,0.00830078125,0.0185546875,1.04296875,0.06103515625,0.0,0.0,0.4779052734375,3.087158203125,63.9788818359375,1.0431668097069353,0.06103515625,1.0441431869663784,0.0009763772594431064,0.000989108564166222,0.02,0.000989108564166222,0,0
1779347897.6960626,2026-05-21T16:18:17.696,0.0078125,0.01806640625,1.0439453125,-0.06103515625,0.0,0.0,0.4833984375,3.076171875,63.9898681640625,1.0441308565892318,0.06103515625,1.0441431869663784,1.2330377146652083e-05,0.0007937529267623081,0.02,0.0007937529267623081,0,0
1779347897.6960626,2026-05-21T16:18:17.696,0.0078125,0.01708984375,1.04296875,0.06103515625,0.0,0.0,0.4833984375,3.065185546875,63.995361328125,1.043138011670657,0.06103515625,1.0441431869663784,0.0010051752957214166,0.0008360374005541299,0.02,0.0008360374005541299,0,0
1779347897.6960626,2026-05-21T16:18:17.696,0.00927734375,0.02001953125,1.04345703125,0.0,0.1220703125,0.0,0.4833984375,3.05419921875,64.00634765625,1.0436902925693947,0.1220703125,1.0441430157121234,0.00045272314272870595,0.0007593745489890451,0.02,0.0007593745489890451,0,0
1779347897.6960626,2026-05-21T16:18:17.696,0.00634765625,0.01806640625,1.04248046875,0.0,0.0,0.0,0.4888916015625,3.043212890625,64.017333984375,1.0426563266483726,0.0,1.0441428444578684,0.0014865178094958242,0.000904803201090401,0.02,0.000904803201090401,0,0
1779347897.6970608,2026-05-21T16:18:17.697,0.00830078125,0.01953125,1.04248046875,0.0,0.0,0.0,0.4888916015625,3.0322265625,64.0228271484375,1.0426964565112622,0.0,1.044141131912228,0.0014446754009658225,0.0010127776410654853,0.02,0.0010127776410654853,0,0
1779347897.6970608,2026-05-21T16:18:17.697,0.00927734375,0.01806640625,1.04150390625,-0.06103515625,0.0,0.0,0.4888916015625,3.021240234375,64.0338134765625,1.0417019011578381,0.06103515625,1.0441394193665878,0.0024375182087497116,0.0012977257546023305,0.02,0.0012977257546023305,0,0
1779347897.6970608,2026-05-21T16:18:17.697,0.00927734375,0.0185546875,1.04541015625,-0.06103515625,0.06103515625,0.0,0.494384765625,3.01025390625,64.0447998046875,1.0456159621610257,0.08631674575031098,1.0441394193665878,0.001476542794437874,0.0013334891625694392,0.02,0.0013334891625694392,0,0
1779347897.6970608,2026-05-21T16:18:17.697,0.00927734375,0.0185546875,1.04296875,-0.06103515625,0.0,0.0,0.494384765625,2.999267578125,64.0557861328125,1.0431750375712796,0.06103515625,1.0441394193665878,0.0009643817953082223,0.001259667689117196,0.02,0.001259667689117196,0,0
1779347897.7293184,2026-05-21T16:18:17.729,0.0068359375,0.0185546875,1.044921875,0.06103515625,0.0,0.0,0.494384765625,2.9937744140625,64.061279296875,1.0451089566754475,0.06103515625,1.0441394193665878,0.0009695373088596249,0.0012016416130656818,0.02,0.0012016416130656818,0,0
1779347897.7293184,2026-05-21T16:18:17.729,0.009765625,0.01904296875,1.04443359375,-0.1220703125,0.1220703125,0.0,0.494384765625,2.9827880859375,64.072265625,1.0446528293380506,0.17263349150062196,1.0441394193665878,0.0005134099714627638,0.0010639952847450982,0.02,0.0010639952847450982,0,0
1779347897.7293184,2026-05-21T16:18:17.729,0.009765625,0.01806640625,1.0419921875,-0.1220703125,0.0,0.0,0.4998779296875,2.9718017578125,64.083251953125,1.042194550589028,0.1220703125,1.044141131912228,0.001946581323200025,0.0012405124924360837,0.02,0.0012405124924360837,0,0
1779347897.7293184,2026-05-21T16:18:17.729,0.0078125,0.01953125,1.0439453125,0.1220703125,0.0,0.0,0.4998779296875,2.9608154296875,64.0887451171875,1.0441572297185588,0.1220703125,1.0441394193665878,1.781035197101488e-05,0.00099597206434307,0.02,0.00099597206434307,0,0
1779347897.7293184,2026-05-21T16:18:17.729,0.00927734375,0.0146484375,1.0439453125,0.0,0.1220703125,0.0,0.4998779296875,2.9498291015625,64.0997314453125,1.0440892975789808,0.1220703125,1.044141131912228,5.183433324718045e-05,0.0008071445181238922,0.02,0.0008071445181238922,0,0
1779347897.7293184,2026-05-21T16:18:17.729,0.005859375,0.01953125,1.0439453125,0.0,0.0,0.0,0.50537109375,2.9388427734375,64.1107177734375,1.0441444428299544,0.0,1.0441394193665878,5.0234633666157436e-06,0.0006467203071724369,0.02,0.0006467203071724369,0,0
1779347897.7293184,2026-05-21T16:18:17.729,0.00830078125,0.017578125,1.04345703125,0.0,0.06103515625,0.0,0.50537109375,2.933349609375,64.1217041015625,1.0436380931687668,0.06103515625,1.044141131912228,0.0005030387434612482,0.0006179839944301992,0.02,0.0006179839944301992,0,0
1779347897.7293184,2026-05-21T16:18:17.729,0.01171875,0.01806640625,1.04541015625,0.1220703125,0.0,0.0,0.5108642578125,2.92236328125,64.127197265625,1.0456319232535902,0.1220703125,1.0441394193665878,0.0014925038870023943,0.0007928879729446383,0.02,0.0007928879729446383,0,0
1779347897.8028853,2026-05-21T16:18:17.802,0.009765625,0.0185546875,1.04296875,-0.06103515625,-0.06103515625,0.0,0.5108642578125,2.911376953125,64.13818359375,1.0431794943040367,0.08631674575031098,1.044141131912228,0.0009616376081913458,0.0008266378999939799,0.02,0.0008266378999939799,0,0
1779347897.8028853,2026-05-21T16:18:17.802,0.01123046875,0.0185546875,1.0439453125,0.0,0.0,0.0,0.5108642578125,2.900390625,64.149169921875,1.0441705872831748,0.0,1.0441394193665878,3.11679165869716e-05,0.0006675439033125783,0.02,0.0006675439033125783,0,0
1779347897.8028853,2026-05-21T16:18:17.802,0.01025390625,0.01708984375,1.04296875,0.0,0.0,0.0,0.5108642578125,2.889404296875,64.1546630859375,1.043159153163766,0.0,1.044141131912228,0.0009819787484619535,0.0007304308723424535,0.02,0.0007304308723424535,0,0
1779347897.8028853,2026-05-21T16:18:17.802,0.0078125,0.01806640625,1.04296875,0.0,0.0,0.0,0.516357421875,2.87841796875,64.1656494140625,1.0431544677887368,0.0,1.0441394193665878,0.0009849515778510565,0.0007813350134441741,0.02,0.0007813350134441741,0,0
1779347897.8028853,2026-05-21T16:18:17.802,0.0068359375,0.01806640625,1.044921875,0.0,0.06103515625,0.0,0.516357421875,2.8729248046875,64.171142578125,1.0451004018417607,0.06103515625,1.0441394193665878,0.0009609824751728446,0.0008172645057899083,0.02,0.0008172645057899083,0,0
1779347897.8028853,2026-05-21T16:18:17.802,0.0078125,0.01806640625,1.0439453125,0.0,0.0,0.0,0.516357421875,2.8619384765625,64.18212890625,1.0441308565892318,0.0,1.0441394193665878,8.562777356058149e-06,0.0006555241601031383,0.02,0.0006555241601031383,0,0
1779347897.8028853,2026-05-21T16:18:17.802,0.00927734375,0.01953125,1.04345703125,0.06103515625,0.06103515625,0.0,0.5218505859375,2.8509521484375,64.193115234375,1.0436810407872137,0.08631674575031098,1.0441394193665878,0.0004583785793741413,0.000616095043957339,0.02,0.000616095043957339,0,0
1779347897.8028853,2026-05-21T16:18:17.802,0.00634765625,0.01806640625,1.0439453125,0.0,0.0,0.0,0.5218505859375,2.8399658203125,64.1986083984375,1.0441209236795232,0.0,1.0441394193665878,1.8495687064579158e-05,0.000496575172578787,0.02,0.000496575172578787,0,0
1779347897.8338861,2026-05-21T16:18:17.833,0.0078125,0.01806640625,1.0439453125,0.0,0.0,0.0,0.5218505859375,2.8289794921875,64.2095947265625,1.0441308565892318,0.0,1.0441394193665878,8.562777356058149e-06,0.0003989726935342412,0.02,0.0003989726935342412,0,0
1779347897.8338861,2026-05-21T16:18:17.833,0.0107421875,0.01953125,1.04443359375,0.0,0.06103515625,0.0,0.52734375,2.823486328125,64.2205810546875,1.0446714297195974,0.06103515625,1.0441394193665878,0.0005320103530095377,0.0004255802254293005,0.02,0.0004255802254293005,0,0
1779347897.8338861,2026-05-21T16:18:17.833,0.00927734375,0.01806640625,1.0439453125,0.1220703125,0.0,0.0,0.52734375,2.8125,64.22607421875,1.0441428444578684,0.1220703125,1.0441394193665878,3.425091280595538e-06,0.00034114919859955955,0.02,0.00034114919859955955,0,0
1779347897.8338861,2026-05-21T16:18:17.833,0.00732421875,0.01806640625,1.04541015625,0.0,0.0,0.0,0.52734375,2.801513671875,64.237060546875,1.0455919060540482,0.0,1.0441394193665878,0.0014524866874603415,0.000563416696371716,0.02,0.000563416696371716,0,0
1779347897.8338861,2026-05-21T16:18:17.833,0.00830078125,0.01904296875,1.04638671875,0.0,0.0,0.0,0.5328369140625,2.79052734375,64.2425537109375,1.046592902137486,0.0,1.0441394193665878,0.0024534827708981854,0.0009414299112770099,0.02,0.0009414299112770099,0,0
1779347897.8338861,2026-05-21T16:18:17.833,0.0087890625,0.01806640625,1.046875,-0.06103515625,0.0,0.0,0.5328369140625,2.779541015625,64.2535400390625,1.0470677668037627,0.06103515625,1.0441394193665878,0.0029283474371748497,0.0013388134164565779,0.02,0.0013388134164565779,0,0
1779347897.8338861,2026-05-21T16:18:17.833,0.0068359375,0.01806640625,1.04541015625,-0.06103515625,0.06103515625,0.0,0.5328369140625,2.7740478515625,64.2645263671875,1.0455885997212018,0.08631674575031098,1.044141131912228,0.001447467808973757,0.0013605442949600137,0.02,0.0013605442949600137,0,0
1779347897.8338861,2026-05-21T16:18:17.833,0.0087890625,0.01806640625,1.0439453125,0.0,0.0,0.0,0.538330078125,2.7630615234375,64.27001953125,1.0441386201770058,0.0,1.0441428444578684,4.224280862663576e-06,0.0010892802921405437,0.02,0.0010892802921405437,0,0
1779347897.8834069,2026-05-21T16:18:17.883,0.00927734375,0.01904296875,1.04443359375,0.0,0.06103515625,0.0,0.538330078125,2.7520751953125,64.281005859375,1.0446483788909113,0.06103515625,1.044141131912228,0.0005072469786833178,0.0009728736294490986,0.02,0.0009728736294490986,0,0
1779347897.8834069,2026-05-21T16:18:17.883,0.00732421875,0.0185546875,1.046875,0.0,0.06103515625,0.0,0.538330078125,2.74658203125,64.2864990234375,1.0470650343858878,0.06103515625,1.0441428444578684,0.002922189928019403,0.0013627368891631596,0.02,0.0013627368891631596,0,0
1779347897.8834069,2026-05-21T16:18:17.883,0.0078125,0.01806640625,1.04345703125,0.0,0.1220703125,0.0,0.5438232421875,2.735595703125,64.2974853515625,1.043642662148354,0.1220703125,1.0441428444578684,0.0005001823095143187,0.0011902259732333915,0.02,0.0011902259732333915,0,0
1779347897.8834069,2026-05-21T16:18:17.883,0.00927734375,0.017578125,1.04541015625,0.06103515625,0.06103515625,0.0,0.5438232421875,2.724609375,64.3084716796875,1.0455990887411009,0.08631674575031098,1.0441428444578684,0.001456244283232433,0.0012434296352332,0.02,0.0012434296352332,0,0
1779347897.8834069,2026-05-21T16:18:17.883,0.01025390625,0.01611328125,1.0439453125,0.06103515625,0.0,0.0,0.5438232421875,2.713623046875,64.31396484375,1.0441200103037716,0.06103515625,1.0441428444578684,2.2834154096873505e-05,0.0009993105390059347,0.02,0.0009993105390059347,0,0
1779347897.8834069,2026-05-21T16:18:17.883,0.00927734375,0.0185546875,1.04345703125,0.06103515625,0.0,0.0,0.54931640625,2.7081298828125,64.324951171875,1.0436632223089697,0.06103515625,1.0441428444578684,0.00047962214889873955,0.0008953728609844957,0.02,0.0008953728609844957,0,0
1779347897.8834069,2026-05-21T16:18:17.883,0.0087890625,0.01806640625,1.0439453125,0.0,0.0,0.0,0.54931640625,2.6971435546875,64.3304443359375,1.0441386201770058,0.0,1.044141131912228,2.511735222254785e-06,0.0007168006358320476,0.02,0.0007168006358320476,0,0
1779347897.8834069,2026-05-21T16:18:17.883,0.009765625,0.02001953125,1.0458984375,0.0,0.0,0.0,0.54931640625,2.6861572265625,64.3414306640625,1.0461355985856,0.0,1.0441394193665878,0.001996179219012184,0.0009726763524680749,0.02,0.0009726763524680749,0,0
1779347897.8914084,2026-05-21T16:18:17.891,0.0078125,0.017578125,1.04443359375,0.0,0.0,0.0,0.54931640625,2.6806640625,64.346923828125,1.0446107205022863,0.0,1.044141131912228,0.0004695885900583008,0.0008720587999861201,0.02,0.0008720587999861201,0,0
1779347897.8914084,2026-05-21T16:18:17.891,0.00927734375,0.0166015625,1.04443359375,0.0,0.0,0.0,0.5548095703125,2.669677734375,64.35791015625,1.044606726351136,0.0,1.0441428444578684,0.00046388189326762586,0.0007904234186424212,0.02,0.0007904234186424212,0,0
1779347897.8914084,2026-05-21T16:18:17.891,0.00732421875,0.02099609375,1.04443359375,0.06103515625,0.0,0.0,0.5548095703125,2.65869140625,64.3634033203125,1.0446702886014307,0.06103515625,1.0441428444578684,0.0005274441435623167,0.0007378275636264005,0.02,0.0007378275636264005,0,0
1779347897.8914084,2026-05-21T16:18:17.891,0.00634765625,0.01904296875,1.04443359375,0.1220703125,0.0,0.0,0.560302734375,2.647705078125,64.3743896484375,1.0446264687208637,0.1220703125,1.0441428444578684,0.00048362426299530803,0.000686986903500182,0.02,0.000686986903500182,0,0
1779347897.8914084,2026-05-21T16:18:17.891,0.009765625,0.0205078125,1.04296875,0.0,0.1220703125,0.0,0.560302734375,2.6422119140625,64.3853759765625,1.0432160616486588,0.1220703125,1.0441430157121234,0.0009269540634646578,0.0007349803354930772,0.02,0.0007349803354930772,0,0
1779347897.8914084,2026-05-21T16:18:17.891,0.0087890625,0.01904296875,1.04345703125,0.06103515625,0.0,0.0,0.560302734375,2.6312255859375,64.390869140625,1.0436677911785464,0.06103515625,1.0441428444578684,0.00047505327932206853,0.0006829949242588755,0.02,0.0006829949242588755,0,0
1779347897.8914084,2026-05-21T16:18:17.891,0.0068359375,0.0185546875,1.04443359375,0.0,0.06103515625,0.0,0.560302734375,2.6202392578125,64.40185546875,1.044620762871994,0.06103515625,1.0441428444578684,0.00047791841412547775,0.0006419796222321961,0.02,0.0006419796222321961,0,0
1779347897.8914084,2026-05-21T16:18:17.891,0.0078125,0.01806640625,1.04345703125,0.06103515625,0.0,0.0,0.5657958984375,2.61474609375,64.4073486328125,1.043642662148354,0.06103515625,1.0441428444578684,0.0005001823095143187,0.0006136201596886207,0.02,0.0006136201596886207,0,0
1779347897.9454296,2026-05-21T16:18:17.945,0.0087890625,0.01806640625,1.04248046875,0.06103515625,0.06103515625,0.0,0.5657958984375,2.603759765625,64.4183349609375,1.0426740480033243,0.08631674575031098,1.0441428444578684,0.001468796454544119,0.0007846554186597204,0.02,0.0007846554186597204,0,0
1779347897.9454296,2026-05-21T16:18:17.945,0.009765625,0.017578125,1.04443359375,0.0,-0.06103515625,0.0,0.5657958984375,2.5927734375,64.423828125,1.0446271534206337,0.06103515625,1.0441428444578684,0.0004843089627653008,0.0007245861274808365,0.02,0.0007245861274808365,0,0
1779347897.9454296,2026-05-21T16:18:17.945,0.0087890625,0.01806640625,1.044921875,0.06103515625,0.06103515625,0.0,0.5712890625,2.5872802734375,64.434814453125,1.0451150020490254,0.08631674575031098,1.0441428444578684,0.0009721575911569857,0.0007741004202160664,0.02,0.0007741004202160664,0,0
1779347897.9454296,2026-05-21T16:18:17.945,0.00732421875,0.01513671875,1.044921875,0.0,0.0,0.0,0.5712890625,2.5762939453125,64.4403076171875,1.0450571703444411,0.0,1.0441428444578684,0.0009143258865726978,0.0008021455134873928,0.02,0.0008021455134873928,0,0
1779347897.9454296,2026-05-21T16:18:17.945,0.009765625,0.01953125,1.04296875,0.0,0.0,0.0,0.5712890625,2.5653076171875,64.4512939453125,1.0431973210446648,0.0,1.0441430157121234,0.0009456946674586408,0.0008308553442816425,0.02,0.0008308553442816425,0,0
1779347897.9454296,2026-05-21T16:18:17.945,0.00927734375,0.01953125,1.04296875,0.0,0.06103515625,0.0,0.5767822265625,2.559814453125,64.456787109375,1.0431928643880672,0.06103515625,1.0441428444578684,0.0009499800698011818,0.0008546802893855505,0.02,0.0008546802893855505,0,0
1779347897.9454296,2026-05-21T16:18:17.945,0.00830078125,0.017578125,1.0439453125,0.0,0.1220703125,0.0,0.5767822265625,2.548828125,64.4677734375,1.0441262897459285,0.1220703125,1.0441428444578684,1.6554711939953393e-05,0.0006870551738964311,0.02,0.0006870551738964311,0,0
1779347897.9454296,2026-05-21T16:18:17.945,0.005859375,0.0166015625,1.0458984375,-0.06103515625,0.06103515625,0.0,0.5767822265625,2.5433349609375,64.4732666015625,1.0460465982535259,0.08631674575031098,1.0441428444578684,0.0019037537956574369,0.0009303948982486323,0.02,0.0009303948982486323,0,0
1779347898.029209,2026-05-21T16:18:18.029,0.0087890625,0.01806640625,1.044921875,0.0,-0.06103515625,0.0,0.5767822265625,2.5323486328125,64.4842529296875,1.0451150020490254,0.06103515625,1.0441428444578684,0.0009721575911569857,0.000938747436830303,0.02,0.000938747436830303,0,0
1779347898.029209,2026-05-21T16:18:18.029,0.0068359375,0.0185546875,1.044921875,0.0,0.0,0.0,0.582275390625,2.5213623046875,64.48974609375,1.0451089566754475,0.0,1.0441428444578684,0.0009661122175790293,0.0009442203929800483,0.02,0.0009442203929800483,0,0
1779347898.029209,2026-05-21T16:18:18.029,0.005859375,0.01611328125,1.04443359375,0.1220703125,0.0,0.0,0.582275390625,2.515869140625,64.500732421875,1.0445743161027712,0.1220703125,1.0441430157121234,0.0004313003906477597,0.0008416363925135906,0.02,0.0008416363925135906,0,0
1779347898.029209,2026-05-21T16:18:18.029,0.00732421875,0.0185546875,1.044921875,0.0,0.0,0.0,0.582275390625,2.5048828125,64.5062255859375,1.0451122645256996,0.0,1.0441431869663784,0.0009690775593211853,0.0008671246258751096,0.02,0.0008671246258751096,0,0
1779347898.029209,2026-05-21T16:18:18.029,0.0078125,0.021484375,1.04638671875,0.0,0.0,0.0,0.5877685546875,2.4993896484375,64.51171875,1.0466364118937304,0.0,1.0441431869663784,0.0024932249273519336,0.0011923446861704743,0.02,0.0011923446861704743,0,0
1779347898.029209,2026-05-21T16:18:18.029,0.00927734375,0.01611328125,1.0439453125,0.0,0.06103515625,0.0,0.5877685546875,2.4884033203125,64.522705078125,1.044110876502309,0.06103515625,1.0441431869663784,3.231046406937388e-05,0.0009603378417502543,0.02,0.0009603378417502543,0,0
1779347898.029209,2026-05-21T16:18:18.029,0.009765625,0.0185546875,1.04248046875,0.0,0.0,0.0,0.5877685546875,2.4774169921875,64.5281982421875,1.0426913117433572,0.0,1.0441431869663784,0.0014518752230212595,0.0010586453180044554,0.02,0.0010586453180044554,0,0
1779347898.029209,2026-05-21T16:18:18.029,0.0078125,0.0185546875,1.04345703125,0.0,0.0,0.0,0.5877685546875,2.471923828125,64.5391845703125,1.0436512289311675,0.0,1.0441431869663784,0.0004919580352109598,0.0009453078614457564,0.02,0.0009453078614457564,0,0
1779347898.029209,2026-05-21T16:18:18.029,0.0087890625,0.017578125,1.04296875,0.0,0.0,0.0,0.59326171875,2.4609375,64.544677734375,1.0431538964000984,0.0,1.0441430157121234,0.0009891193120250552,0.0009540701515616162,0.02,0.0009540701515616162,0,0
1779347898.029209,2026-05-21T16:18:18.029,0.0078125,0.01806640625,1.0439453125,0.06103515625,0.0,0.0,0.59326171875,2.4554443359375,64.5556640625,1.0441308565892318,0.06103515625,1.0441428444578684,1.1987868636653687e-05,0.0007656536949766238,0.02,0.0007656536949766238,0,0
1779347898.029209,2026-05-21T16:18:18.029,0.0078125,0.017578125,1.044921875,0.0,0.06103515625,0.0,0.59326171875,2.4444580078125,64.5611572265625,1.0450989189968007,0.06103515625,1.0441428444578684,0.0009560745389323166,0.0008037378637677625,0.02,0.0008037378637677625,0,0
1779347898.029209,2026-05-21T16:18:18.029,0.0078125,0.0185546875,1.04296875,0.0,0.0,0.0,0.59326171875,2.4334716796875,64.5721435546875,1.0431630385807558,0.0,1.0441428444578684,0.0009798058771126605,0.0008389514664367422,0.02,0.0008389514664367422,0,0
1779347898.029209,2026-05-21T16:18:18.029,0.0068359375,0.0166015625,1.04541015625,0.0,0.06103515625,0.0,0.5987548828125,2.427978515625,64.57763671875,1.0455643149560885,0.06103515625,1.0441428444578684,0.0014214704982200566,0.0009554552727934051,0.02,0.0009554552727934051,0,0
1779347898.029209,2026-05-21T16:18:18.029,0.0078125,0.017578125,1.04296875,0.0,-0.06103515625,0.0,0.5987548828125,2.4169921875,64.5831298828125,1.0431461254835432,0.06103515625,1.0441428444578684,0.0009967189743251836,0.0009637080130997608,0.02,0.0009637080130997608,0,0
1779347898.029209,2026-05-21T16:18:18.029,0.0087890625,0.0185546875,1.04443359375,0.0,0.0,0.0,0.5987548828125,2.4114990234375,64.5941162109375,1.044635369782869,0.0,1.0441428444578684,0.0004925253250005479,0.0008694714754799183,0.02,0.0008694714754799183,0,0
1779347898.029209,2026-05-21T16:18:18.029,0.00732421875,0.01953125,1.04248046875,0.0,0.1220703125,0.0,0.5987548828125,2.4005126953125,64.599609375,1.0426891395003979,0.1220703125,1.0441428444578684,0.0014537049574705474,0.000986318171878044,0.02,0.000986318171878044,0,0
1779347898.0657077,2026-05-21T16:18:18.065,0.0087890625,0.01953125,1.04345703125,0.0,0.06103515625,0.0,0.604248046875,2.39501953125,64.610595703125,1.0436768146372013,0.06103515625,1.0441428444578684,0.0004660298206671243,0.0008822605016358602,0.02,0.0008822605016358602,0,0
1779347898.0667064,2026-05-21T16:18:18.066,0.0078125,0.017578125,1.04443359375,-0.06103515625,-0.06103515625,0.0,0.604248046875,2.384033203125,64.6160888671875,1.0446107205022863,0.08631674575031098,1.0441428444578684,0.000467876044417892,0.0007993836101922666,0.02,0.0007993836101922666,0,0
1779347898.0667064,2026-05-21T16:18:18.066,0.00634765625,0.01708984375,1.04541015625,0.0,0.1220703125,0.0,0.604248046875,2.3785400390625,64.62158203125,1.0455691035459669,0.1220703125,1.0441428444578684,0.0014262590880984582,0.0009247587057735049,0.02,0.0009247587057735049,0,0
1779347898.0667064,2026-05-21T16:18:18.066,0.0078125,0.0166015625,1.04345703125,0.1220703125,0.0,0.0,0.6097412109375,2.3675537109375,64.632568359375,1.0436183321017098,0.1220703125,1.0441428444578684,0.0005245123561585796,0.0008447094358505199,0.02,0.0008447094358505199,0,0
1779347898.0667064,2026-05-21T16:18:18.066,0.00927734375,0.01708984375,1.044921875,0.1220703125,0.06103515625,0.0,0.6097412109375,2.362060546875,64.6380615234375,1.0451027972022517,0.13647875839232115,1.0441428444578684,0.0009599527443833189,0.0008677580975570798,0.02,0.0008677580975570798,0,0
1779347898.0667064,2026-05-21T16:18:18.066,0.00732421875,0.0166015625,1.04443359375,0.0,0.06103515625,0.0,0.6097412109375,2.35107421875,64.6490478515625,1.044591206075984,0.06103515625,1.0441428444578684,0.000448361618115678,0.0007838788016687995,0.02,0.0007838788016687995,0,0
1779347898.0667064,2026-05-21T16:18:18.066,0.00830078125,0.017578125,1.04345703125,0.0,0.06103515625,0.0,0.6097412109375,2.3455810546875,64.654541015625,1.0436380931687668,0.06103515625,1.0441430157121234,0.0005049225433566562,0.0007280875500063708,0.02,0.0007280875500063708,0,0
1779347898.0667064,2026-05-21T16:18:18.066,0.00732421875,0.0185546875,1.04052734375,0.06103515625,0.0,0.0,0.615234375,2.3345947265625,64.6600341796875,1.0407185372135692,0.06103515625,1.0441428444578684,0.0034243072442992073,0.0012673314888649381,0.02,0.0012673314888649381,0,0
1779347898.123304,2026-05-21T16:18:18.123,0.00927734375,0.017578125,1.04345703125,0.06103515625,-0.06103515625,0.0,0.615234375,2.3291015625,64.6710205078125,1.043646317317622,0.08631674575031098,1.0441428444578684,0.0004965271402463944,0.0011131706191412293,0.02,0.0011131706191412293,0,0
1779347898.123304,2026-05-21T16:18:18.123,0.0087890625,0.017578125,1.04248046875,0.0,0.0,0.0,0.615234375,2.318115234375,64.676513671875,1.0426657018543213,0.0,1.0441428444578684,0.0014771426035471436,0.0011859650160224123,0.02,0.0011859650160224123,0,0
1779347898.123304,2026-05-21T16:18:18.123,0.0078125,0.01806640625,1.04443359375,0.0,0.0,0.0,0.615234375,2.3126220703125,64.6820068359375,1.0446190511112556,0.0,1.044141131912228,0.00047791919902762103,0.0010443558526234541,0.02,0.0010443558526234541,0,0
1779347898.123304,2026-05-21T16:18:18.123,0.00927734375,0.017578125,1.0419921875,0.0,-0.06103515625,0.0,0.6207275390625,2.3016357421875,64.6929931640625,1.042181739619634,0.06103515625,1.0441428444578684,0.0019611048382344176,0.001227705649745647,0.02,0.001227705649745647,0,0
1779347898.123304,2026-05-21T16:18:18.123,0.01123046875,0.017578125,1.04443359375,0.0,0.06103515625,0.0,0.6207275390625,2.296142578125,64.698486328125,1.0446418743571408,0.06103515625,1.044141131912228,0.0005007424449128273,0.001082313008779083,0.02,0.001082313008779083,0,0
1779347898.123304,2026-05-21T16:18:18.123,0.009765625,0.0185546875,1.04345703125,0.0,0.06103515625,0.0,0.6207275390625,2.28515625,64.70947265625,1.0436676769570508,0.06103515625,1.0441428444578684,0.0004751675008176637,0.0009608839071867993,0.02,0.0009608839071867993,0,0
1779347898.123304,2026-05-21T16:18:18.123,0.0078125,0.01904296875,1.04248046875,-0.06103515625,0.0,0.0,0.6207275390625,2.2796630859375,64.7149658203125,1.0426836517085531,0.06103515625,1.044141131912228,0.0014574802036748657,0.0010602031664844126,0.02,0.0010602031664844126,0,0
1779347898.123304,2026-05-21T16:18:18.123,0.00830078125,0.0185546875,1.0419921875,0.0,0.0,0.0,0.626220703125,2.2686767578125,64.720458984375,1.0421904327946108,0.0,1.0441394193665878,0.0019489865719770627,0.0012379598475829427,0.02,0.0012379598475829427,0,0
1779347898.146621,2026-05-21T16:18:18.146,0.009765625,0.0185546875,1.04345703125,0.0,0.0,0.0,0.626220703125,2.26318359375,64.7314453125,1.0436676769570508,0.0,1.0441394193665878,0.00047174240953706814,0.001084716359973768,0.02,0.001084716359973768,0,0
1779347898.1476214,2026-05-21T16:18:18.147,0.00830078125,0.0185546875,1.04345703125,0.0,0.0,0.0,0.626220703125,2.252197265625,64.7369384765625,1.043654998293328,0.0,1.0441394193665878,0.00048442107325974426,0.0009646573026309632,0.02,0.0009646573026309632,0,0
1779347898.1476214,2026-05-21T16:18:18.147,0.00830078125,0.017578125,1.04345703125,0.0,0.1220703125,0.0,0.626220703125,2.2467041015625,64.742431640625,1.0436380931687668,0.1220703125,1.0441394193665878,0.0005013261978210615,0.0008719910816689829,0.02,0.0008719910816689829,0,0
1779347898.1476214,2026-05-21T16:18:18.147,0.0078125,0.01806640625,1.04296875,0.0,0.0,0.0,0.6317138671875,2.2357177734375,64.75341796875,1.0431544677887368,0.0,1.0441394193665878,0.0009849515778510565,0.0008945831809053977,0.02,0.0008945831809053977,0,0
1779347898.1476214,2026-05-21T16:18:18.147,0.00830078125,0.01806640625,1.04345703125,0.0,-0.06103515625,0.0,0.6317138671875,2.230224609375,64.7589111328125,1.0436464315414555,0.06103515625,1.0441391910267446,0.0004927594852890405,0.0008142184417821263,0.02,0.0008142184417821263,0,0
1779347898.1476214,2026-05-21T16:18:18.147,0.009765625,0.01904296875,1.04296875,0.0,0.1220703125,0.0,0.6317138671875,2.21923828125,64.764404296875,1.0431882934384455,0.1220703125,1.0441389626869015,0.0009506692484559931,0.0008415086031168997,0.02,0.0008415086031168997,0,0
1779347898.1476214,2026-05-21T16:18:18.147,0.009765625,0.01806640625,1.04248046875,0.06103515625,0.0,0.0,0.6317138671875,2.2137451171875,64.775390625,1.0426827370737708,0.06103515625,1.0441387914319535,0.0014560543581827456,0.0009644177541300689,0.02,0.0009644177541300689,0,0
1779347898.1476214,2026-05-21T16:18:18.147,0.00830078125,0.01953125,1.04541015625,-0.06103515625,-0.06103515625,0.0,0.6317138671875,2.2027587890625,64.7808837890625,1.0456255388458013,0.08631674575031098,1.0441386201770058,0.0014869186687955782,0.001068917937063171,0.02,0.001068917937063171,0,0
1779347898.183648,2026-05-21T16:18:18.183,0.01025390625,0.0185546875,1.044921875,-0.06103515625,-0.06103515625,0.0,0.63720703125,2.197265625,64.786376953125,1.0451369019774979,0.08631674575031098,1.0441387914319535,0.0009981105455443284,0.0010547564587594024,0.02,0.0010547564587594024,0,0
1779347898.183648,2026-05-21T16:18:18.183,0.005859375,0.017578125,1.04443359375,0.0,0.1220703125,0.0,0.63720703125,2.1917724609375,64.7918701171875,1.0445979391648474,0.1220703125,1.0441389626869015,0.0004589764779459049,0.0009356004625967029,0.02,0.0009356004625967029,0,0
1779347898.183648,2026-05-21T16:18:18.183,0.00732421875,0.01806640625,1.0439453125,0.0,-0.06103515625,0.0,0.63720703125,2.1807861328125,64.8028564453125,1.0441273172874133,0.06103515625,1.0441391910267446,1.187373933131397e-05,0.0007508551179436252,0.02,0.0007508551179436252,0,0
1779347898.183648,2026-05-21T16:18:18.183,0.00732421875,0.01904296875,1.044921875,0.06103515625,0.06103515625,0.0,0.63720703125,2.17529296875,64.808349609375,1.045121047387635,0.08631674575031098,1.0441389626869015,0.0009820847007333544,0.000797101034501571,0.02,0.000797101034501571,0,0
1779347898.183648,2026-05-21T16:18:18.183,0.0078125,0.0185546875,1.04052734375,0.1220703125,0.06103515625,0.0,0.6427001953125,2.164306640625,64.8138427734375,1.0407220881080133,0.13647875839232115,1.0441391910267446,0.0034171029187313184,0.0013211014113475206,0.02,0.0013211014113475206,0,0
1779347898.183648,2026-05-21T16:18:18.183,0.00732421875,0.0185546875,1.04345703125,0.0,0.0,0.0,0.6427001953125,2.1588134765625,64.8248291015625,1.0436476880027972,0.0,1.0441389626869015,0.0004912746841043703,0.0011551360658988905,0.02,0.0011551360658988905,0,0
1779347898.183648,2026-05-21T16:18:18.183,0.00830078125,0.0166015625,1.04248046875,0.06103515625,0.06103515625,0.0,0.6427001953125,2.1478271484375,64.830322265625,1.0426456936908248,0.08631674575031098,1.0441387914319535,0.0014930977411287127,0.001222728400944855,0.02,0.001222728400944855,0,0
1779347898.183648,2026-05-21T16:18:18.183,0.00732421875,0.01953125,1.04296875,0.0,0.06103515625,0.0,0.6427001953125,2.142333984375,64.8358154296875,1.0431773230776362,0.06103515625,1.0441386201770058,0.0009612970993695402,0.001170442140629792,0.02,0.001170442140629792,0,0
1779347898.2438574,2026-05-21T16:18:18.243,0.0078125,0.0185546875,1.0458984375,-0.06103515625,0.18310546875,0.0,0.648193359375,2.1368408203125,64.84130859375,1.0460921819559756,0.19301011109426144,1.0441386201770058,0.001953561778969881,0.00132706606829781,0.02,0.00132706606829781,0,0
1779347898.2438574,2026-05-21T16:18:18.243,0.00927734375,0.0205078125,1.044921875,0.0,0.0,0.0,0.648193359375,2.1258544921875,64.852294921875,1.045164276242786,0.0,1.0441386201770058,0.0010256560657802005,0.001266784067794288,0.02,0.001266784067794288,0,0
1779347898.2438574,2026-05-21T16:18:18.243,0.0068359375,0.01904296875,1.04443359375,0.0,0.0,0.0,0.648193359375,2.120361328125,64.8577880859375,1.0446295498662947,0.0,1.0441387914319535,0.0004907584343412097,0.0011115789411036722,0.02,0.0011115789411036722,0,0
1779347898.2438574,2026-05-21T16:18:18.243,0.01025390625,0.01806640625,1.04345703125,0.0,-0.06103515625,0.0,0.648193359375,2.1148681640625,64.86328125,1.0436637934187605,0.06103515625,1.0441389626869015,0.0004751692681410624,0.0009842970065111502,0.02,0.0009842970065111502,0,0
1779347898.2438574,2026-05-21T16:18:18.243,0.00830078125,0.01953125,1.0439453125,0.06103515625,0.0,0.0,0.6536865234375,2.1038818359375,64.874267578125,1.044160997254085,0.06103515625,1.0441387914319535,2.2205822131526887e-05,0.0007918787696352255,0.02,0.0007918787696352255,0,0
1779347898.2438574,2026-05-21T16:18:18.243,0.0078125,0.017578125,1.04296875,0.0,0.0,0.0,0.6536865234375,2.098388671875,64.8797607421875,1.0431461254835432,0.0,1.0441389626869015,0.0009928372033582988,0.0008320704563798402,0.02,0.0008320704563798402,0,0
1779347898.2438574,2026-05-21T16:18:18.243,0.0068359375,0.01953125,1.0419921875,0.0,0.0,0.0,0.6536865234375,2.08740234375,64.88525390625,1.0421976389241638,0.0,1.0441387914319535,0.0019411525077897007,0.0010538868666618124,0.02,0.0010538868666618124,0,0
1779347898.2438574,2026-05-21T16:18:18.243,0.00634765625,0.01708984375,1.0439453125,0.0,0.06103515625,0.0,0.6536865234375,2.0819091796875,64.8907470703125,1.0441044827937433,0.06103515625,1.0441386201770058,3.413738326241145e-05,0.0008499369699819323,0.02,0.0008499369699819323,0,0
1779347898.2673688,2026-05-21T16:18:18.267,0.01025390625,0.01953125,1.04248046875,0.06103515625,0.1220703125,0.0,0.6591796875,2.076416015625,64.9017333984375,1.042713834206282,0.13647875839232115,1.0441386201770058,0.0014247859707237076,0.0009649067701302874,0.02,0.0009649067701302874,0,0
1779347898.2673688,2026-05-21T16:18:18.267,0.0068359375,0.0185546875,1.0439453125,0.0,0.0,0.0,0.6591796875,2.0654296875,64.9072265625,1.0441325691503207,0.0,1.0441386201770058,6.051026685049976e-06,0.0007731356214412399,0.02,0.0007731356214412399,0,0
1779347898.2673688,2026-05-21T16:18:18.267,0.0078125,0.01806640625,1.0458984375,0.0,0.0,0.0,0.6591796875,2.0599365234375,64.9127197265625,1.0460836351630693,0.0,1.0441386201770058,0.0019450149860635868,0.0010075114943657094,0.02,0.0010075114943657094,0,0
1779347898.2673688,2026-05-21T16:18:18.267,0.00732421875,0.017578125,1.046875,0.0,0.0,0.0,0.6591796875,2.054443359375,64.918212890625,1.047048184318092,0.0,1.0441386201770058,0.0029095641410863404,0.0013879220237098355,0.02,0.0013879220237098355,0,0
1779347898.2673688,2026-05-21T16:18:18.267,0.00927734375,0.01806640625,1.04443359375,-0.06103515625,0.0,0.0,0.6591796875,2.04345703125,64.9237060546875,1.0446310333775202,0.06103515625,1.0441386201770058,0.0004924132005144077,0.0012088202590707499,0.02,0.0012088202590707499,0,0
1779347898.2673688,2026-05-21T16:18:18.267,0.00732421875,0.02001953125,1.04345703125,0.06103515625,0.06103515625,0.0,0.6646728515625,2.0379638671875,64.9346923828125,1.0436747586661426,0.08631674575031098,1.0441386201770058,0.00046386151086319494,0.0010598285094292389,0.02,0.0010598285094292389,0,0
1779347898.2673688,2026-05-21T16:18:18.267,0.0107421875,0.01611328125,1.04296875,0.0,0.0,0.0,0.6646728515625,2.032470703125,64.940185546875,1.0431485253315989,0.0,1.0441386201770058,0.000990094845406908,0.0010458817766247728,0.02,0.0010458817766247728,0,0
1779347898.2673688,2026-05-21T16:18:18.267,0.0087890625,0.02001953125,1.04296875,0.0,0.0,0.0,0.6646728515625,2.021484375,64.9456787109375,1.0431978924095184,0.0,1.0441386201770058,0.000940727767487326,0.0010248509747972836,0.02,0.0010248509747972836,0,0
1779347898.3042374,2026-05-21T16:18:18.304,0.00732421875,0.01806640625,1.04443359375,0.06103515625,0.0,0.0,0.6646728515625,2.0159912109375,64.951171875,1.0446155134635078,0.06103515625,1.0441386201770058,0.00047689328650202256,0.0009152594371382315,0.02,0.0009152594371382315,0,0
1779347898.3042374,2026-05-21T16:18:18.304,0.00927734375,0.01904296875,1.0439453125,-0.1220703125,0.06103515625,0.0,0.670166015625,2.010498046875,64.962158203125,1.0441601980810185,0.13647875839232115,1.0441386201770058,2.1577904012692883e-05,0.0007365231305131238,0.02,0.0007365231305131238,0,0
1779347898.3042374,2026-05-21T16:18:18.304,0.0078125,0.01708984375,1.0439453125,-0.06103515625,0.06103515625,0.0,0.670166015625,1.99951171875,64.9676513671875,1.0441144158598579,0.08631674575031098,1.0441386201770058,2.4204317147891174e-05,0.0005940593678400774,0.02,0.0005940593678400774,0,0
1779347898.3042374,2026-05-21T16:18:18.304,0.00830078125,0.01806640625,1.04248046875,0.0,0.06103515625,0.0,0.670166015625,1.9940185546875,64.97314453125,1.042670046433372,0.06103515625,1.0441386201770058,0.0014685737436337387,0.0007689622429988096,0.02,0.0007689622429988096,0,0
1779347898.3042374,2026-05-21T16:18:18.304,0.00927734375,0.0185546875,1.04345703125,0.0,0.06103515625,0.0,0.670166015625,1.988525390625,64.9786376953125,1.0436632223089697,0.06103515625,1.0441386201770058,0.000475397868036076,0.000710249368006263,0.02,0.000710249368006263,0,0
1779347898.3042374,2026-05-21T16:18:18.304,0.01025390625,0.01953125,1.04443359375,0.0,0.06103515625,0.0,0.670166015625,1.9775390625,64.984130859375,1.0446665229026373,0.06103515625,1.0441386201770058,0.0005279027256315239,0.0006737800395313152,0.02,0.0006737800395313152,0,0
1779347898.3042374,2026-05-21T16:18:18.304,0.009765625,0.0224609375,1.0439453125,0.0,0.0,0.0,0.6756591796875,1.9720458984375,64.9951171875,1.044232577846402,0.0,1.0441386201770058,9.395766939634953e-05,0.0005578155655043221,0.02,0.0005578155655043221,0,0
1779347898.3042374,2026-05-21T16:18:18.304,0.00830078125,0.01904296875,1.04296875,0.0,0.06103515625,0.0,0.6756591796875,1.966552734375,65.0006103515625,1.0431756089483382,0.06103515625,1.0441386201770058,0.0009630112286675985,0.0006388546981369774,0.02,0.0006388546981369774,0,0
1779347898.3618884,2026-05-21T16:18:18.361,0.00927734375,0.01953125,1.04443359375,-0.06103515625,0.0,0.0,0.6756591796875,1.95556640625,65.006103515625,1.0446573938795236,0.06103515625,1.0441386201770058,0.0005187737025178496,0.0006148384990131519,0.02,0.0006148384990131519,0,0
1779347898.3618884,2026-05-21T16:18:18.361,0.00927734375,0.01953125,1.0439453125,0.0,0.0,0.0,0.6756591796875,1.9500732421875,65.0115966796875,1.0441692172844117,0.0,1.0441386201770058,3.059710740593857e-05,0.0004979902206917093,0.02,0.0004979902206917093,0,0
1779347898.3618884,2026-05-21T16:18:18.361,0.00927734375,0.01953125,1.04443359375,-0.06103515625,0.0,0.0,0.6756591796875,1.944580078125,65.01708984375,1.0446573938795236,0.06103515625,1.0441386201770058,0.0005187737025178496,0.0005021469170569373,0.02,0.0005021469170569373,0,0
1779347898.3618884,2026-05-21T16:18:18.361,0.0087890625,0.01806640625,1.0439453125,0.0,0.0,0.0,0.68115234375,1.93359375,65.028076171875,1.0441386201770058,0.0,1.0441386201770058,0.0,0.00040171753364554984,0.02,0.00040171753364554984,0,0
1779347898.3618884,2026-05-21T16:18:18.361,0.0078125,0.017578125,1.04443359375,-0.06103515625,0.0,0.0,0.68115234375,1.9281005859375,65.0335693359375,1.0446107205022863,0.06103515625,1.0441386201770058,0.00047210032528055557,0.00041579409197255103,0.02,0.00041579409197255103,0,0
1779347898.3618884,2026-05-21T16:18:18.361,0.0078125,0.0185546875,1.0419921875,0.0,0.0,0.0,0.68115234375,1.922607421875,65.0390625,1.0421866581354358,0.0,1.0441386201770058,0.001951962041569999,0.0007230276818920407,0.02,0.0007230276818920407,0,0
1779347898.3618884,2026-05-21T16:18:18.361,0.0087890625,0.01806640625,1.04443359375,0.06103515625,0.0,0.0,0.68115234375,1.9171142578125,65.0445556640625,1.0446268110708048,0.06103515625,1.0441386201770058,0.00048819089379903424,0.0006760603242734395,0.02,0.0006760603242734395,0,0
1779347898.3618884,2026-05-21T16:18:18.361,0.0048828125,0.01953125,1.04443359375,0.0,0.0,0.0,0.68115234375,1.9061279296875,65.050048828125,1.0446276098868978,0.0,1.0441386201770058,0.0004889897098920848,0.0006386462013971686,0.02,0.0006386462013971686,0,0
1779347898.386889,2026-05-21T16:18:18.386,0.0078125,0.01904296875,1.044921875,0.0,0.0,0.0,0.6866455078125,1.900634765625,65.0555419921875,1.0451245833241982,0.0,1.0441387914319535,0.0009857918922446807,0.0007080753395666711,0.02,0.0007080753395666711,0,0
1779347898.386889,2026-05-21T16:18:18.386,0.0078125,0.0185546875,1.04296875,0.0,0.06103515625,0.0,0.6866455078125,1.8951416015625,65.06103515625,1.0431630385807558,0.06103515625,1.0441389626869015,0.0009759241061457757,0.000761645092882492,0.02,0.000761645092882492,0,0
1779347898.386889,2026-05-21T16:18:18.386,0.00830078125,0.0166015625,1.04541015625,0.06103515625,0.0,0.0,0.6866455078125,1.8841552734375,65.072021484375,1.045574918232764,0.06103515625,1.0441387914319535,0.001436126800810511,0.0008965414344680959,0.02,0.0008965414344680959,0,0
1779347898.386889,2026-05-21T16:18:18.386,0.0078125,0.01806640625,1.04443359375,0.0,0.0,0.0,0.6866455078125,1.878662109375,65.0775146484375,1.0446190511112556,0.0,1.0441389626869015,0.00048008842435409704,0.0008132508324452962,0.02,0.0008132508324452962,0,0
1779347898.386889,2026-05-21T16:18:18.386,0.00732421875,0.0185546875,1.0439453125,-0.06103515625,0.1220703125,0.0,0.6866455078125,1.8731689453125,65.0830078125,1.0441358800937948,0.13647875839232115,1.0441391910267446,3.3109329498071105e-06,0.0006512628525461985,0.02,0.0006512628525461985,0,0
1779347898.386889,2026-05-21T16:18:18.386,0.0087890625,0.0185546875,1.044921875,0.0,0.06103515625,0.0,0.692138671875,1.86767578125,65.0885009765625,1.0451235567632027,0.06103515625,1.0441389626869015,0.0009845940763011374,0.0007179290972971863,0.02,0.0007179290972971863,0,0
1779347898.386889,2026-05-21T16:18:18.386,0.0068359375,0.01953125,1.04248046875,0.0,0.0,0.0,0.692138671875,1.8621826171875,65.093994140625,1.0426858239629453,0.0,1.0441391910267446,0.0014533670637992824,0.0008650166905976055,0.02,0.0008650166905976055,0,0
1779347898.386889,2026-05-21T16:18:18.386,0.00732421875,0.01953125,1.04248046875,0.0,0.0,0.0,0.692138671875,1.8511962890625,65.0994873046875,1.0426891395003979,0.0,1.0441389626869015,0.0014498231865036626,0.000981977989778817,0.02,0.000981977989778817,0,0
1779347898.4234104,2026-05-21T16:18:18.423,0.00927734375,0.01806640625,1.0439453125,0.0,0.0,0.0,0.692138671875,1.845703125,65.10498046875,1.0441428444578684,0.0,1.0441387914319535,4.053025914885211e-06,0.0007863929970060307,0.02,0.0007863929970060307,0,0
1779347898.4234104,2026-05-21T16:18:18.423,0.0087890625,0.02001953125,1.04638671875,-0.1220703125,0.0,0.0,0.692138671875,1.8402099609375,65.115966796875,1.0466151128411485,0.1220703125,1.0441389626869015,0.002476150154246959,0.0011243444284542163,0.02,0.0011243444284542163,0,0
1779347898.4234104,2026-05-21T16:18:18.423,0.0078125,0.0185546875,1.04345703125,0.0,-0.06103515625,0.0,0.6976318359375,1.8292236328125,65.1214599609375,1.0436512289311675,0.06103515625,1.0441391910267446,0.00048796209557711023,0.0009970679618787953,0.02,0.0009970679618787953,0,0
1779347898.4234104,2026-05-21T16:18:18.423,0.0068359375,0.017578125,1.04296875,0.06103515625,0.0,0.0,0.6976318359375,1.82373046875,65.126953125,1.0431392687443906,0.06103515625,1.0441389626869015,0.0009996939425109819,0.0009975931580052328,0.02,0.0009975931580052328,0,0
1779347898.4234104,2026-05-21T16:18:18.423,0.009765625,0.01806640625,1.0439453125,0.0,0.06103515625,0.0,0.6976318359375,1.8182373046875,65.1324462890625,1.0441472970597363,0.06103515625,1.0441387914319535,8.505627782762204e-06,0.0007997756519607387,0.02,0.0007997756519607387,0,0
1779347898.4234104,2026-05-21T16:18:18.423,0.0068359375,0.01806640625,1.04443359375,0.0,0.0,0.0,0.6976318359375,1.812744140625,65.137939453125,1.0446122040402523,0.0,1.0441389626869015,0.0004732413533508062,0.0007344687922387522,0.02,0.0007344687922387522,0,0
1779347898.4234104,2026-05-21T16:18:18.423,0.00927734375,0.01708984375,1.04443359375,0.0,0.1220703125,0.0,0.6976318359375,1.8072509765625,65.1434326171875,1.0446146005202086,0.1220703125,1.0441391910267446,0.0004754094934640296,0.0006826569324838077,0.02,0.0006826569324838077,0,0
1779347898.4234104,2026-05-21T16:18:18.423,0.00927734375,0.01806640625,1.04443359375,0.0,0.0,0.0,0.703125,1.7962646484375,65.14892578125,1.0446310333775202,0.0,1.0441394193665878,0.0004916140109323397,0.0006444483481735142,0.02,0.0006444483481735142,0,0
1779347898.5071268,2026-05-21T16:18:18.507,0.00732421875,0.01806640625,1.04541015625,0.0,0.0,0.0,0.703125,1.790771484375,65.1544189453125,1.0455919060540482,0.0,1.0441394193665878,0.0014524866874603415,0.0008060560160308796,0.02,0.0008060560160308796,0,0
1779347898.5071268,2026-05-21T16:18:18.507,0.00927734375,0.01806640625,1.04296875,0.0,0.0,0.0,0.703125,1.7852783203125,65.1654052734375,1.043166466877846,0.0,1.0441394193665878,0.0009729524887418517,0.000839435310573074,0.02,0.000839435310573074,0,0
1779347898.5071268,2026-05-21T16:18:18.507,0.00830078125,0.02001953125,1.04443359375,0.06103515625,0.06103515625,0.0,0.703125,1.77978515625,65.1708984375,1.0446584208986065,0.08631674575031098,1.0441394193665878,0.0005190015320186703,0.0007753485548621932,0.02,0.0007753485548621932,0,0
1779347898.5071268,2026-05-21T16:18:18.507,0.00830078125,0.0166015625,1.04345703125,-0.06103515625,0.06103515625,0.0,0.703125,1.7742919921875,65.1763916015625,1.0436221015826874,0.08631674575031098,1.0441394193665878,0.0005173177839004062,0.0007237424006698359,0.02,0.0007237424006698359,0,0
1779347898.5071268,2026-05-21T16:18:18.507,0.00732421875,0.01806640625,1.04296875,0.0,0.1220703125,0.0,0.7086181640625,1.7633056640625,65.181884765625,1.0431509251741333,0.1220703125,1.0441394193665878,0.0009884941924545032,0.0007766927590267694,0.02,0.0007766927590267694,0,0
1779347898.5071268,2026-05-21T16:18:18.507,0.01123046875,0.0166015625,1.04345703125,-0.1220703125,0.0,0.0,0.7086181640625,1.7578125,65.1873779296875,1.0436495155802303,0.1220703125,1.0441394193665878,0.0004899037863574929,0.0007193349644929141,0.02,0.0007193349644929141,0,0
1779347898.5071268,2026-05-21T16:18:18.507,0.0107421875,0.0185546875,1.04443359375,0.0,0.0,0.0,0.7086181640625,1.7523193359375,65.19287109375,1.044653628134248,0.0,1.0441391910267446,0.0005144371075034293,0.0006783553930950172,0.02,0.0006783553930950172,0,0
1779347898.5071268,2026-05-21T16:18:18.507,0.0087890625,0.017578125,1.04443359375,0.1220703125,0.0,0.0,0.7086181640625,1.746826171875,65.1983642578125,1.0446184805237195,0.1220703125,1.0441394193665878,0.0004790611571316994,0.0006384965459023537,0.02,0.0006384965459023537,0,0
1779347898.5101264,2026-05-21T16:18:18.510,0.00927734375,0.017578125,1.04638671875,0.1220703125,0.06103515625,0.0,0.7086181640625,1.7413330078125,65.203857421875,1.0465754749476806,0.13647875839232115,1.0441394193665878,0.002436055581092722,0.0009980083529404274,0.02,0.0009980083529404274,0,0
1779347898.5101264,2026-05-21T16:18:18.510,0.009765625,0.0185546875,1.0458984375,0.06103515625,0.0,0.0,0.714111328125,1.7303466796875,65.2093505859375,1.046108591602614,0.06103515625,1.0441394193665878,0.0019691722360262176,0.0011922411295575855,0.02,0.0011922411295575855,0,0
1779347898.5101264,2026-05-21T16:18:18.510,0.0078125,0.01806640625,1.04443359375,-0.06103515625,0.06103515625,0.0,0.714111328125,1.724853515625,65.21484375,1.0446190511112556,0.08631674575031098,1.0441394193665878,0.0004796317446678078,0.00104971925257963,0.02,0.00104971925257963,0,0
1779347898.5101264,2026-05-21T16:18:18.510,0.00830078125,0.01708984375,1.04248046875,0.0,0.0,0.0,0.714111328125,1.7193603515625,65.2203369140625,1.042653582669709,0.0,1.0441394193665878,0.0014858366968788506,0.0011369427414394742,0.02,0.0011369427414394742,0,0
1779347898.5101264,2026-05-21T16:18:18.510,0.00927734375,0.017578125,1.04443359375,0.0,0.0,0.0,0.714111328125,1.7138671875,65.225830078125,1.0446227028641064,0.0,1.0441394193665878,0.0004832834975185829,0.001006210892655296,0.02,0.001006210892655296,0,0
1779347898.5101264,2026-05-21T16:18:18.510,0.0068359375,0.017578125,1.04248046875,0.0,0.0,0.0,0.714111328125,1.7083740234375,65.2313232421875,1.04265106734959,0.0,1.0441394193665878,0.0014883520169979292,0.0011026391175238226,0.02,0.0011026391175238226,0,0
1779347898.5101264,2026-05-21T16:18:18.510,0.0078125,0.0185546875,1.04296875,0.0,0.0,0.0,0.7196044921875,1.702880859375,65.2423095703125,1.0431630385807558,0.0,1.0441394193665878,0.000976380785832065,0.001077387451185471,0.02,0.001077387451185471,0,0
1779347898.5101264,2026-05-21T16:18:18.510,0.0087890625,0.01806640625,1.04345703125,0.0,0.0,0.0,0.7196044921875,1.69189453125,65.247802734375,1.0436504293677469,0.0,1.0441394193665878,0.0004889899988409496,0.0009597079607165669,0.02,0.0009597079607165669,0,0
1779347898.540129,2026-05-21T16:18:18.540,0.00732421875,0.01953125,1.0439453125,0.0,0.0,0.0,0.7196044921875,1.6864013671875,65.2532958984375,1.0441536905061357,0.0,1.0441394193665878,1.4271139547883394e-05,0.0007706205964828302,0.02,0.0007706205964828302,0,0
1779347898.540129,2026-05-21T16:18:18.540,0.0087890625,0.01953125,1.04443359375,0.0,0.0,0.0,0.7196044921875,1.680908203125,65.2587890625,1.0446531716793528,0.0,1.0441394193665878,0.000513752312764959,0.000719246939739256,0.02,0.000719246939739256,0,0
1779347898.540129,2026-05-21T16:18:18.540,0.0048828125,0.0185546875,1.044921875,0.0,0.0,0.0,0.7196044921875,1.6754150390625,65.2642822265625,1.0450980064757796,0.0,1.0441394193665878,0.000958587109191722,0.0007671149736297493,0.02,0.0007671149736297493,0,0
1779347898.540129,2026-05-21T16:18:18.540,0.0087890625,0.0185546875,1.04443359375,0.06103515625,0.0,0.0,0.72509765625,1.669921875,65.269775390625,1.044635369782869,0.06103515625,1.0441394193665878,0.0004959504162811434,0.0007128820621600282,0.02,0.0007128820621600282,0,0
1779347898.540129,2026-05-21T16:18:18.540,0.0078125,0.01904296875,1.04150390625,0.0,0.0,0.0,0.72509765625,1.658935546875,65.2752685546875,1.0417072796851676,0.0,1.044141131912228,0.0024338522270603846,0.0010570760951400995,0.02,0.0010570760951400995,0,0
1779347898.540129,2026-05-21T16:18:18.540,0.00830078125,0.01708984375,1.04345703125,0.0,0.0,0.0,0.72509765625,1.6534423828125,65.28076171875,1.043629983180736,0.0,1.0441394193665878,0.0005094361858517527,0.0009475481132824302,0.02,0.0009475481132824302,0,0
1779347898.540129,2026-05-21T16:18:18.540,0.0078125,0.02001953125,1.04296875,0.0,0.0,0.0,0.72509765625,1.64794921875,65.2862548828125,1.0431901218206978,0.0,1.0441394193665878,0.0009492975458900155,0.0009478979998039474,0.02,0.0009478979998039474,0,0
1779347898.540129,2026-05-21T16:18:18.540,0.00927734375,0.01953125,1.04638671875,0.0,0.0,0.0,0.72509765625,1.6424560546875,65.291748046875,1.0466101012363724,0.0,1.0441394193665878,0.002470681869784608,0.0012524547738000796,0.02,0.0012524547738000796,0,0
1779347898.6016798,2026-05-21T16:18:18.601,0.0087890625,0.01806640625,1.04345703125,0.0,0.0,0.0,0.72509765625,1.636962890625,65.2972412109375,1.0436504293677469,0.0,1.0441394193665878,0.0004889899988409496,0.0010997618188082535,0.02,0.0010997618188082535,0,0
1779347898.6026778,2026-05-21T16:18:18.602,0.0078125,0.01953125,1.0419921875,0.0,0.0,0.0,0.7305908203125,1.6314697265625,65.302734375,1.0422045018583674,0.0,1.0441394193665878,0.0019349175082203907,0.001266792956690681,0.02,0.001266792956690681,0,0
1779347898.6026778,2026-05-21T16:18:18.602,0.009765625,0.0185546875,1.0439453125,0.0,0.0,0.0,0.7305908203125,1.6259765625,65.3082275390625,1.0441558597022698,0.0,1.0441394193665878,1.644033568193315e-05,0.0010167224324889315,0.02,0.0010167224324889315,0,0
1779347898.6026778,2026-05-21T16:18:18.602,0.00830078125,0.01611328125,1.0439453125,0.0,0.0,0.0,0.7305908203125,1.614990234375,65.313720703125,1.044102656012676,0.0,1.0441394193665878,3.676335391178398e-05,0.000820730616773502,0.02,0.000820730616773502,0,0
1779347898.6026778,2026-05-21T16:18:18.602,0.0068359375,0.017578125,1.041015625,0.0,0.0,0.0,0.7305908203125,1.6094970703125,65.3192138671875,1.041186463614544,0.0,1.0441394193665878,0.0029529557520437955,0.0012471756438275608,0.02,0.0012471756438275608,0,0
1779347898.6026778,2026-05-21T16:18:18.602,0.009765625,0.01953125,1.04541015625,0.0,0.0,0.0,0.7305908203125,1.60400390625,65.32470703125,1.0456381936161536,0.0,1.0441394193665878,0.001498774249565793,0.0012974953649752075,0.02,0.0012974953649752075,0,0
1779347898.6026778,2026-05-21T16:18:18.602,0.009765625,0.01806640625,1.04296875,0.0,0.0,0.0,0.7305908203125,1.5985107421875,65.3302001953125,1.0431709236472195,0.0,1.0441394193665878,0.0009684957193683008,0.0012316954358538262,0.02,0.0012316954358538262,0,0
1779347898.6026778,2026-05-21T16:18:18.602,0.0087890625,0.01806640625,1.04443359375,0.0,0.0,0.0,0.736083984375,1.593017578125,65.335693359375,1.0446268110708048,0.0,1.0441394193665878,0.0004873917042169662,0.0010828346895264543,0.02,0.0010828346895264543,0,0
1779347898.626676,2026-05-21T16:18:18.626,0.00830078125,0.0185546875,1.044921875,0.0,0.0,0.0,0.736083984375,1.5875244140625,65.3411865234375,1.0451195645719673,0.0,1.0441394193665878,0.000980145205379479,0.0010622967926970594,0.02,0.0010622967926970594,0,0
1779347898.626676,2026-05-21T16:18:18.626,0.0068359375,0.01904296875,1.04443359375,0.0,0.0,0.0,0.736083984375,1.58203125,65.3466796875,1.0446295498662947,0.0,1.0441394193665878,0.00049013049970692,0.0009478635340990316,0.02,0.0009478635340990316,0,0
1779347898.626676,2026-05-21T16:18:18.626,0.0078125,0.0166015625,1.04248046875,0.0,0.0,0.0,0.736083984375,1.5765380859375,65.3521728515625,1.0426419206798234,0.0,1.0441394193665878,0.0014974986867644091,0.001057790564632107,0.02,0.001057790564632107,0,0
1779347898.6276753,2026-05-21T16:18:18.627,0.00927734375,0.0185546875,1.04345703125,0.0,0.0,0.0,0.736083984375,1.5655517578125,65.357666015625,1.0436632223089697,0.0,1.0441394193665878,0.000476197057618144,0.0009414718632293143,0.02,0.0009414718632293143,0,0
1779347898.6276753,2026-05-21T16:18:18.627,0.00830078125,0.01953125,1.044921875,0.0,0.0,0.0,0.736083984375,1.56005859375,65.3631591796875,1.045137358221128,0.0,1.0441394193665878,0.0009979388545402479,0.0009527652614915011,0.02,0.0009527652614915011,0,0
1779347898.6276753,2026-05-21T16:18:18.627,0.00927734375,0.01611328125,1.0458984375,0.0,0.0,0.0,0.7415771484375,1.5545654296875,65.36865234375,1.0460636923747229,0.0,1.0441394193665878,0.0019242730081350246,0.0011470668108202059,0.02,0.0011470668108202059,0,0
1779347898.6276753,2026-05-21T16:18:18.627,0.0068359375,0.0205078125,1.04541015625,0.0,0.0,0.0,0.7415771484375,1.549072265625,65.3741455078125,1.0456336333562002,0.0,1.0441394193665878,0.0014942139896123585,0.0012164962465786365,0.02,0.0012164962465786365,0,0
1779347898.6276753,2026-05-21T16:18:18.627,0.00927734375,0.01708984375,1.04443359375,0.0,0.0,0.0,0.7415771484375,1.5435791015625,65.379638671875,1.0446146005202086,0.0,1.0441394193665878,0.00047518115362077396,0.0010682332279870642,0.02,0.0010682332279870642,0,0
1779347898.663197,2026-05-21T16:18:18.663,0.005859375,0.017578125,1.04345703125,0.0,0.0,0.0,0.7415771484375,1.5380859375,65.3851318359375,1.043621530450081,0.0,1.044141131912228,0.0005196014621469125,0.0009585068748190339,0.02,0.0009585068748190339,0,0
1779347898.663197,2026-05-21T16:18:18.663,0.0087890625,0.01904296875,1.04345703125,0.0,0.0,0.0,0.7415771484375,1.5325927734375,65.390625,1.0436677911785464,0.0,1.0441394193665878,0.000471628188041473,0.0008611311374635218,0.02,0.0008611311374635218,0,0
1779347898.663197,2026-05-21T16:18:18.663,0.00634765625,0.0205078125,1.0419921875,0.0,0.0,0.0,0.7415771484375,1.527099609375,65.3961181640625,1.0422133092243826,0.0,1.0441394193665878,0.0019261101422052285,0.0010741269384118633,0.02,0.0010741269384118633,0,0
1779347898.663197,2026-05-21T16:18:18.663,0.0068359375,0.01904296875,1.0439453125,0.0,0.0,0.0,0.7470703125,1.5216064453125,65.401611328125,1.0441413602530263,0.0,1.0441394193665878,1.9408864384562463e-06,0.000859689728017182,0.02,0.000859689728017182,0,0
1779347898.663197,2026-05-21T16:18:18.663,0.009765625,0.01904296875,1.04443359375,0.0,0.0,0.0,0.7470703125,1.51611328125,65.4071044921875,1.0446528293380506,0.0,1.0441394193665878,0.0005134099714627638,0.0007904337767062985,0.02,0.0007904337767062985,0,0
1779347898.663197,2026-05-21T16:18:18.663,0.0087890625,0.02001953125,1.04443359375,0.0,0.0,0.0,0.7470703125,1.505126953125,65.41259765625,1.0446624148521084,0.0,1.0441394193665878,0.0005229954855205943,0.0007369461184691576,0.02,0.0007369461184691576,0,0
1779347898.663197,2026-05-21T16:18:18.663,0.00732421875,0.017578125,1.04443359375,0.0,0.0,0.0,0.7470703125,1.4996337890625,65.4180908203125,1.0446071828263261,0.0,1.0441403898098072,0.00046679301651897376,0.0006829154980791208,0.02,0.0006829154980791208,0,0
1779347898.663197,2026-05-21T16:18:18.663,0.00732421875,0.01708984375,1.044921875,0.0,0.0,0.0,0.7470703125,1.494140625,65.423583984375,1.0450872842940981,0.0,1.0441413602530263,0.000945924041071855,0.0007355172066776676,0.02,0.0007355172066776676,0,0
1779347898.7472012,2026-05-21T16:18:18.747,0.005859375,0.01953125,1.04443359375,0.0,0.0,0.0,0.7470703125,1.4886474609375,65.4290771484375,1.0446326310026377,0.0,1.0441421023554474,0.0004905286471903469,0.0006865194947802036,0.02,0.0006865194947802036,0,0
1779347898.7472012,2026-05-21T16:18:18.747,0.01025390625,0.01806640625,1.0419921875,0.0,0.0,0.0,0.7525634765625,1.483154296875,65.4345703125,1.0421992402795202,0.0,1.0441428444578684,0.0019436041783482683,0.0009379364314938166,0.02,0.0009379364314938166,0,0
1779347898.7472012,2026-05-21T16:18:18.747,0.00732421875,0.01904296875,1.04248046875,0.0,0.0,0.0,0.7525634765625,1.4776611328125,65.4400634765625,1.0426801074943028,0.0,1.0441421023554474,0.001461994861144511,0.0010427481174239556,0.02,0.0010427481174239556,0,0
1779347898.7472012,2026-05-21T16:18:18.747,0.00830078125,0.01953125,1.0439453125,0.0,0.0,0.0,0.7525634765625,1.47216796875,65.445556640625,1.044160997254085,0.0,1.0441413602530263,1.9637001058780967e-05,0.0008381258941509207,0.02,0.0008381258941509207,0,0
1779347898.7472012,2026-05-21T16:18:18.747,0.01025390625,0.02001953125,1.04345703125,0.0,0.0,0.0,0.7525634765625,1.4666748046875,65.445556640625,1.0436994300515436,0.0,1.0441421023554474,0.0004426723039037128,0.0007590351761014792,0.02,0.0007590351761014792,0,0
1779347898.7472012,2026-05-21T16:18:18.747,0.00732421875,0.02001953125,1.046875,0.0,0.0,0.0,0.7525634765625,1.461181640625,65.4510498046875,1.0470920166999496,0.0,1.0441413602530263,0.002950656446923272,0.001197359430265838,0.02,0.001197359430265838,0,0
1779347898.7472012,2026-05-21T16:18:18.747,0.0087890625,0.017578125,1.0458984375,0.0,0.0,0.0,0.7525634765625,1.4556884765625,65.45654296875,1.0460830653743927,0.0,1.0441421023554474,0.0019409630189453075,0.001346080148001732,0.02,0.001346080148001732,0,0
1779347898.7472012,2026-05-21T16:18:18.747,0.0068359375,0.01953125,1.04345703125,0.0,0.0,0.0,0.758056640625,1.4501953125,65.4620361328125,1.0436621943105584,0.0,1.0441428444578684,0.0004806501473100244,0.0011729941478633905,0.02,0.0011729941478633905,0,0
1779347898.7482035,2026-05-21T16:18:18.748,0.0087890625,0.01953125,1.0439453125,0.0,0.0,0.0,0.758056640625,1.4447021484375,65.467529296875,1.044164993110243,0.0,1.0441421023554474,2.2890754795668045e-05,0.0009429734692498461,0.02,0.0009429734692498461,0,0
1779347898.7482035,2026-05-21T16:18:18.748,0.0068359375,0.0205078125,1.04443359375,0.0,0.0,0.0,0.758056640625,1.439208984375,65.4730224609375,1.04465727976623,0.0,1.0441428444578684,0.0005144353083614828,0.0008572658370721735,0.02,0.0008572658370721735,0,0
1779347898.7482035,2026-05-21T16:18:18.748,0.00732421875,0.01904296875,1.041015625,0.0,0.0,0.0,0.758056640625,1.4337158203125,65.478515625,1.0412155446079605,0.0,1.0441428444578684,0.002927299849907916,0.001271272639639322,0.02,0.001271272639639322,0,0
1779347898.7482035,2026-05-21T16:18:18.748,0.0068359375,0.017578125,1.04443359375,0.0,0.0,0.0,0.758056640625,1.42822265625,65.4840087890625,1.0446038733766785,0.0,1.0441428444578684,0.00046102891881005803,0.0011092238954734691,0.02,0.0011092238954734691,0,0
1779347898.7482035,2026-05-21T16:18:18.748,0.00634765625,0.01806640625,1.04443359375,0.0,0.0,0.0,0.758056640625,1.4227294921875,65.489501953125,1.0446091228436587,0.0,1.0441428444578684,0.00046627838579027525,0.0009806347935368304,0.02,0.0009806347935368304,0,0
1779347898.7482035,2026-05-21T16:18:18.748,0.009765625,0.0166015625,1.04541015625,0.0,0.0,0.0,0.7635498046875,1.417236328125,65.4949951171875,1.0455875736157787,0.0,1.0441428444578684,0.001444729157910274,0.001073453666411519,0.02,0.001073453666411519,0,0
1779347898.7482035,2026-05-21T16:18:18.748,0.009765625,0.01953125,1.046875,0.0,0.0,0.0,0.7635498046875,1.4117431640625,65.50048828125,1.047102718353459,0.0,1.0441428444578684,0.0029598738955904924,0.0014507377122473138,0.02,0.0014507377122473138,0,0
1779347898.7482035,2026-05-21T16:18:18.748,0.00830078125,0.01953125,1.04296875,0.0,0.0,0.0,0.7635498046875,1.40625,65.5059814453125,1.0431846366643276,0.0,1.0441428444578684,0.0009582077935408329,0.0013522317285060176,0.02,0.0013522317285060176,0,0
1779347898.8077154,2026-05-21T16:18:18.807,0.0068359375,0.017578125,1.04443359375,0.0,0.0,0.0,0.7635498046875,1.4007568359375,65.511474609375,1.0446038733766785,0.0,1.0441428444578684,0.00046102891881005803,0.0011739911665668258,0.02,0.0011739911665668258,0,0
1779347898.8077154,2026-05-21T16:18:18.807,0.0068359375,0.0185546875,1.04443359375,0.0,0.0,0.0,0.7635498046875,1.395263671875,65.5169677734375,1.044620762871994,0.0,1.0441428444578684,0.00047791841412547775,0.0010347766160785563,0.02,0.0010347766160785563,0,0
1779347898.8077154,2026-05-21T16:18:18.807,0.0087890625,0.01806640625,1.04345703125,0.0,0.0,0.0,0.7635498046875,1.3897705078125,65.5169677734375,1.0436504293677469,0.0,1.0441430157121234,0.0004925863443765444,0.0009263385617381539,0.02,0.0009263385617381539,0,0
1779347898.8077154,2026-05-21T16:18:18.807,0.00244140625,0.013671875,1.03759765625,0.0,0.0,0.0,0.76904296875,1.38427734375,65.5224609375,1.0376905978594904,0.0,1.0441428444578684,0.006452246598378064,0.0020315201690661363,0.02,0.0020315201690661363,0,0
1779347898.8077154,2026-05-21T16:18:18.807,0.00927734375,0.017578125,1.0419921875,0.0,0.0,0.0,0.76904296875,1.3787841796875,65.5279541015625,1.042181739619634,0.0,1.0441428444578684,0.0019611048382344176,0.002017437102899793,0.02,0.002017437102899793,0,0
1779347898.8077154,2026-05-21T16:18:18.807,0.0087890625,0.01806640625,1.04443359375,0.0,0.0,0.0,0.76904296875,1.373291015625,65.533447265625,1.0446268110708048,0.0,1.0441428444578684,0.00048396661293637067,0.0017107430049071084,0.02,0.0017107430049071084,0,0
1779347898.8077154,2026-05-21T16:18:18.807,0.00830078125,0.01611328125,1.04345703125,0.0,0.0,0.0,0.76904296875,1.3677978515625,65.5389404296875,1.0436144483797958,0.0,1.0441428444578684,0.000528396078072646,0.0014742736195402161,0.02,0.0014742736195402161,0,0
1779347898.8077154,2026-05-21T16:18:18.807,0.00634765625,0.01953125,1.04150390625,0.0,0.0,0.0,0.76904296875,1.3623046875,65.54443359375,1.0417063641931152,0.0,1.0441428444578684,0.0024364802647531825,0.0016667149485828097,0.02,0.0016667149485828097,0,0
1779347898.8427413,2026-05-21T16:18:18.842,0.00830078125,0.017578125,1.04296875,0.0,0.0,0.0,0.76904296875,1.3568115234375,65.5499267578125,1.043149896670866,0.0,1.0441428444578684,0.0009929477870023184,0.0015319615162667115,0.02,0.0015319615162667115,0,0
1779347898.8427413,2026-05-21T16:18:18.842,0.0107421875,0.01904296875,1.04541015625,0.0,0.0,0.0,0.76904296875,1.351318359375,65.555419921875,1.0456387636472493,0.0,1.0441428444578684,0.0014959191893808566,0.0015247530508895406,0.02,0.0015247530508895406,0,0
1779347898.8427413,2026-05-21T16:18:18.842,0.00830078125,0.01806640625,1.04541015625,0.0,0.0,0.0,0.7745361328125,1.3458251953125,65.5609130859375,1.0455992027516088,0.0,1.0441428444578684,0.0014563582937403563,0.001511074099459704,0.02,0.001511074099459704,0,0
1779347898.8427413,2026-05-21T16:18:18.842,0.0078125,0.01708984375,1.04248046875,0.0,0.0,0.0,0.7745361328125,1.34033203125,65.5609130859375,1.042649809687255,0.0,1.0441428444578684,0.0014930347706134661,0.0015074662336904566,0.02,0.0015074662336904566,0,0
1779347898.8427413,2026-05-21T16:18:18.842,0.0078125,0.01904296875,1.04345703125,0.0,0.0,0.0,0.7745361328125,1.3348388671875,65.56640625,1.0436600240883651,0.0,1.0441428444578684,0.00048282036950331175,0.0013025370608530278,0.02,0.0013025370608530278,0,0
1779347898.8427413,2026-05-21T16:18:18.842,0.0078125,0.02001953125,1.0439453125,0.0,0.0,0.0,0.7745361328125,1.329345703125,65.5718994140625,1.044166477281493,0.0,1.0441428444578684,2.363282362449759e-05,0.0010467562134073218,0.02,0.0010467562134073218,0,0
1779347898.8427413,2026-05-21T16:18:18.842,0.00927734375,0.01513671875,1.041015625,0.0,0.0,0.0,0.7745361328125,1.3238525390625,65.577392578125,1.0411669995037842,0.0,1.0441428444578684,0.002975844954084206,0.0014325739615426987,0.02,0.0014325739615426987,0,0
1779347898.8427413,2026-05-21T16:18:18.842,0.0107421875,0.0185546875,1.04296875,0.0,0.0,0.0,0.7745361328125,1.318359375,65.5828857421875,1.0431890933560752,0.0,1.0441428444578684,0.0009537511017931877,0.0013368093895927966,0.02,0.0013368093895927966,0,0
1779347898.8702288,2026-05-21T16:18:18.870,0.0087890625,0.0185546875,1.04443359375,0.0,0.0,0.0,0.7745361328125,1.3128662109375,65.58837890625,1.044635369782869,0.0,1.0441421023554474,0.0004932674274216176,0.0011681009971585608,0.02,0.0011681009971585608,0,0
1779347898.8702288,2026-05-21T16:18:18.870,0.00732421875,0.01904296875,1.04296875,0.0,0.0,0.0,0.780029296875,1.307373046875,65.5938720703125,1.0431682952983539,0.0,1.0441428444578684,0.0009745491595145594,0.0011293906296297605,0.02,0.0011293906296297605,0,0
1779347898.8702288,2026-05-21T16:18:18.870,0.01025390625,0.01708984375,1.04443359375,0.0,0.0,0.0,0.780029296875,1.3018798828125,65.599365234375,1.0446237299172958,0.0,1.0441421023554474,0.00048162756184844113,0.0009998380160734968,0.02,0.0009998380160734968,0,0
1779347898.8702288,2026-05-21T16:18:18.870,0.0087890625,0.0185546875,1.04541015625,0.0,0.0,0.0,0.780029296875,1.29638671875,65.599365234375,1.045611743831572,0.0,1.0441428444578684,0.001468899373703536,0.0010936502875995048,0.02,0.0010936502875995048,0,0
1779347898.8702288,2026-05-21T16:18:18.870,0.00732421875,0.01806640625,1.0419921875,0.0,0.0,0.0,0.780029296875,1.2908935546875,65.6048583984375,1.042174533380145,0.0,1.0441428444578684,0.001968311077723328,0.0012685824456242696,0.02,0.0012685824456242696,0,0
1779347898.8702288,2026-05-21T16:18:18.870,0.0087890625,0.01904296875,1.04296875,0.0,0.0,0.0,0.780029296875,1.285400390625,65.6103515625,1.0431796085789853,0.0,1.0441428444578684,0.0009632358788831397,0.0012075131322760438,0.02,0.0012075131322760438,0,0
1779347898.8702288,2026-05-21T16:18:18.870,0.0068359375,0.021484375,1.04345703125,0.0,0.0,0.0,0.780029296875,1.2799072265625,65.6158447265625,1.0437005722311874,0.0,1.0441421023554474,0.00044153012425995897,0.0010543165306728269,0.02,0.0010543165306728269,0,0
1779347898.8702288,2026-05-21T16:18:18.870,0.005859375,0.01806640625,1.0439453125,0.0,0.0,0.0,0.780029296875,1.2744140625,65.621337890625,1.0441180693776462,0.0,1.0441413602530263,2.3290875380110876e-05,0.0008481113996142837,0.02,0.0008481113996142837,0,0
1779347898.9272308,2026-05-21T16:18:18.927,0.00927734375,0.01904296875,1.04345703125,0.0,0.0,0.0,0.7855224609375,1.2689208984375,65.6268310546875,1.0436720173650975,0.0,1.0441403898098072,0.00046837244470965267,0.0007721636086333576,0.02,0.0007721636086333576,0,0
1779347898.9272308,2026-05-21T16:18:18.927,0.00732421875,0.017578125,1.04443359375,0.0,0.0,0.0,0.7855224609375,1.263427734375,65.6268310546875,1.0446071828263261,0.0,1.0441394193665878,0.0004677634597383129,0.0007112835788543486,0.02,0.0007112835788543486,0,0
1779347898.9272308,2026-05-21T16:18:18.927,0.0107421875,0.01953125,1.04248046875,0.0,0.0,0.0,0.7855224609375,1.2579345703125,65.63232421875,1.042718750212188,0.0,1.0441403898098072,0.0014216395976192064,0.0008533547826073203,0.02,0.0008533547826073203,0,0
1779347898.9272308,2026-05-21T16:18:18.927,0.0087890625,0.017578125,1.044921875,0.0,0.0,0.0,0.7855224609375,1.25244140625,65.6378173828125,1.0451066753933114,0.0,1.0441394193665878,0.0009672560267235397,0.0008761350314305642,0.02,0.0008761350314305642,0,0
1779347898.9272308,2026-05-21T16:18:18.927,0.0087890625,0.02001953125,1.04541015625,0.0,0.0,0.0,0.7855224609375,1.2469482421875,65.643310546875,1.0456387636472493,0.0,1.0441403898098072,0.001498373837442113,0.0010005827926328741,0.02,0.0010005827926328741,0,0
1779347898.9272308,2026-05-21T16:18:18.927,0.00732421875,0.01806640625,1.04345703125,0.0,0.0,0.0,0.7855224609375,1.2469482421875,65.6488037109375,1.043639121190918,0.0,1.0441413602530263,0.0005022390621083339,0.0009009140465279661,0.02,0.0009009140465279661,0,0
1779347898.9272308,2026-05-21T16:18:18.927,0.00634765625,0.0185546875,1.0439453125,0.0,0.0,0.0,0.7855224609375,1.241455078125,65.654296875,1.0441294865383381,0.0,1.0441403898098072,1.0903271469020481e-05,0.000722911891516177,0.02,0.000722911891516177,0,0
1779347898.9272308,2026-05-21T16:18:18.927,0.0087890625,0.01904296875,1.04638671875,0.0,0.0,0.0,0.791015625,1.2359619140625,65.654296875,1.0465968887087491,0.0,1.0441394193665878,0.002457469342161289,0.0010698233816451995,0.02,0.0010698233816451995,0,0
1779347898.9607763,2026-05-21T16:18:18.960,0.0078125,0.01904296875,1.041015625,0.0,0.0,0.0,0.791015625,1.23046875,65.6597900390625,1.0412190938074484,0.0,1.0441403898098072,0.0029212960023587975,0.0014401179057879192,0.02,0.0014401179057879192,0,0
1779347898.9607763,2026-05-21T16:18:18.960,0.01025390625,0.0166015625,1.0458984375,0.0,0.0,0.0,0.791015625,1.2249755859375,65.665283203125,1.046080444342483,0.0,1.0441394193665878,0.0019410249758951004,0.0015402993198093554,0.02,0.0015402993198093554,0,0
1779347898.9607763,2026-05-21T16:18:18.960,0.0078125,0.01904296875,1.04150390625,0.0,0.0,0.0,0.791015625,1.219482421875,65.6707763671875,1.0417072796851676,0.0,1.0441403898098072,0.002433110124639537,0.0017188614807753916,0.02,0.0017188614807753916,0,0
1779347898.9607763,2026-05-21T16:18:18.960,0.00927734375,0.01953125,1.044921875,0.0,0.0,0.0,0.791015625,1.2139892578125,65.67626953125,1.0451455705724126,0.0,1.0441394193665878,0.0010061512058248123,0.0015763194257852758,0.02,0.0015763194257852758,0,0
1779347898.9607763,2026-05-21T16:18:18.960,0.0078125,0.01806640625,1.04296875,0.0,0.0,0.0,0.791015625,1.20849609375,65.6817626953125,1.0431544677887368,0.0,1.0441403898098072,0.0009859220210703956,0.0014582399448422997,0.02,0.0014582399448422997,0,0
1779347898.9607763,2026-05-21T16:18:18.960,0.00830078125,0.02001953125,1.044921875,0.0,0.0,0.0,0.791015625,1.2030029296875,65.6817626953125,1.045146597111786,0.0,1.0441394193665878,0.0010071777451980957,0.0013680275049134589,0.02,0.0013680275049134589,0,0
1779347898.9607763,2026-05-21T16:18:18.960,0.009765625,0.01904296875,1.04345703125,0.0,0.0,0.0,0.7965087890625,1.197509765625,65.687255859375,1.0436764719756393,0.0,1.0441403898098072,0.0004639178341678818,0.0011872055707643435,0.02,0.0011872055707643435,0,0
1779347898.9607763,2026-05-21T16:18:18.960,0.0078125,0.0185546875,1.04345703125,0.0,0.0,0.0,0.7965087890625,1.1920166015625,65.6927490234375,1.0436512289311675,0.0,1.0441394193665878,0.0004881904354203659,0.001047402543695548,0.02,0.001047402543695548,0,0
1779347898.9887738,2026-05-21T16:18:18.988,0.00927734375,0.01904296875,1.04345703125,0.0,0.0,0.0,0.7965087890625,1.1865234375,65.6982421875,1.0436720173650975,0.0,1.0441394193665878,0.0004674020014903135,0.0009314024352545011,0.02,0.0009314024352545011,0,0
1779347898.9887738,2026-05-21T16:18:18.988,0.00830078125,0.01904296875,1.0439453125,0.0,0.0,0.0,0.7965087890625,1.1865234375,65.7037353515625,1.0441519779796888,0.0,1.0441394193665878,1.2558613101010252e-05,0.0007476336708238029,0.02,0.0007476336708238029,0,0
1779347898.9887738,2026-05-21T16:18:18.988,0.009765625,0.0166015625,1.044921875,0.0,0.0,0.0,0.7965087890625,1.1810302734375,65.7037353515625,1.0450993752570124,0.0,1.0441394193665878,0.0009599558904245242,0.0007900981147439472,0.02,0.0007900981147439472,0,0
1779347898.9887738,2026-05-21T16:18:18.988,0.0087890625,0.01904296875,1.04296875,0.0,0.0,0.0,0.7965087890625,1.175537109375,65.709228515625,1.0431796085789853,0.0,1.0441394193665878,0.0009598107876025441,0.0008240406493156667,0.02,0.0008240406493156667,0,0
1779347898.9887738,2026-05-21T16:18:18.988,0.00830078125,0.01806640625,1.0458984375,0.0,0.0,0.0,0.7965087890625,1.1700439453125,65.7147216796875,1.046087395760551,0.0,1.0441394193665878,0.0019479763939631578,0.001048827798245165,0.02,0.001048827798245165,0,0
1779347898.9887738,2026-05-21T16:18:18.988,0.00927734375,0.017578125,1.041015625,0.0,0.0,0.0,0.7965087890625,1.16455078125,65.72021484375,1.0412053549034945,0.0,1.0441394193665878,0.0029340644630933,0.0014258751312147921,0.02,0.0014258751312147921,0,0
1779347898.9887738,2026-05-21T16:18:18.988,0.00927734375,0.017578125,1.0439453125,0.0,0.0,0.0,0.802001953125,1.1590576171875,65.7257080078125,1.0441345100494925,0.0,1.0441394193665878,4.909317095291854e-06,0.001141681968390892,0.02,0.001141681968390892,0,0
1779347898.9887738,2026-05-21T16:18:18.988,0.009765625,0.01806640625,1.04541015625,0.0,0.0,0.0,0.802001953125,1.153564453125,65.7257080078125,1.0456118578406999,0.0,1.0441394193665878,0.0014724384741120478,0.0012078332695351233,0.02,0.0012078332695351233,0,0
1779347899.017775,2026-05-21T16:18:19.017,0.00537109375,0.01953125,1.04248046875,0.0,0.0,0.0,0.802001953125,1.1480712890625,65.731201171875,1.042677249248229,0.0,1.0441394193665878,0.0014621701183588076,0.0012587006392998602,0.02,0.0012587006392998602,0,0
1779347899.017775,2026-05-21T16:18:19.017,0.00830078125,0.01953125,1.04345703125,0.0,0.0,0.0,0.802001953125,1.142578125,65.7366943359375,1.0436728169119796,0.0,1.0441394193665878,0.0004666024546082781,0.0011002810023615437,0.02,0.0011002810023615437,0,0
1779347899.017775,2026-05-21T16:18:19.017,0.00732421875,0.01904296875,1.04443359375,0.0,0.0,0.0,0.802001953125,1.1370849609375,65.7421875,1.044632859234598,0.0,1.0441394193665878,0.0004934398680100927,0.0009789127754912534,0.02,0.0009789127754912534,0,0
1779347899.017775,2026-05-21T16:18:19.017,0.00537109375,0.017578125,1.044921875,0.0,0.0,0.0,0.802001953125,1.1370849609375,65.7476806640625,1.0450835200978448,0.0,1.0441394193665878,0.0009441007312569472,0.0009719503666443922,0.02,0.0009719503666443922,0,0
1779347899.017775,2026-05-21T16:18:19.017,0.00732421875,0.01708984375,1.044921875,0.0,0.0,0.0,0.802001953125,1.131591796875,65.7476806640625,1.0450872842940981,0.0,1.0441394193665878,0.0009478649275103113,0.0009671332788175761,0.02,0.0009671332788175761,0,0
1779347899.017775,2026-05-21T16:18:19.017,0.0068359375,0.021484375,1.0419921875,0.0,0.0,0.0,0.8074951171875,1.1260986328125,65.753173828125,1.0422360707736418,0.0,1.0441394193665878,0.0019033485929460525,0.0011543763416432713,0.02,0.0011543763416432713,0,0
1779347899.017775,2026-05-21T16:18:19.017,0.0078125,0.0185546875,1.04443359375,0.0,0.0,0.0,0.8074951171875,1.12060546875,65.7586669921875,1.0446276098868978,0.0,1.0441394193665878,0.00048819052031001675,0.0010211391773766205,0.02,0.0010211391773766205,0,0
1779347899.017775,2026-05-21T16:18:19.017,0.0068359375,0.01708984375,1.04345703125,0.0,0.0,0.0,0.8074951171875,1.1151123046875,65.76416015625,1.0436193601433268,0.0,1.0441394193665878,0.0005200592232610379,0.0009209231865535039,0.02,0.0009209231865535039,0,0
1779347899.0803576,2026-05-21T16:18:19.080,0.009765625,0.01953125,1.0419921875,0.0,0.0,0.0,0.8074951171875,1.109619140625,65.76416015625,1.0422209727160734,0.0,1.0441394193665878,0.0019184466505144382,0.001120427879345691,0.02,0.001120427879345691,0,0
1779347899.0803576,2026-05-21T16:18:19.080,0.0078125,0.0185546875,1.04296875,0.0,0.0,0.0,0.8074951171875,1.1041259765625,65.7696533203125,1.0431630385807558,0.0,1.0441394193665878,0.000976380785832065,0.0010916184606429658,0.02,0.0010916184606429658,0,0
1779347899.0803576,2026-05-21T16:18:19.080,0.00830078125,0.0185546875,1.04443359375,0.0,0.0,0.0,0.8074951171875,1.1041259765625,65.775146484375,1.0446313757259653,0.0,1.0441394193665878,0.0004919563593774878,0.0009716860403898702,0.02,0.0009716860403898702,0,0
1779347899.0803576,2026-05-21T16:18:19.080,0.01025390625,0.01904296875,1.04248046875,0.0,0.0,0.0,0.8074951171875,1.0986328125,65.7806396484375,1.042704802414095,0.0,1.0441394193665878,0.0014346169524928065,0.0010642722228104576,0.02,0.0010642722228104576,0,0
1779347899.0803576,2026-05-21T16:18:19.080,0.0107421875,0.01953125,1.04345703125,0.0,0.0,0.0,0.8074951171875,1.0931396484375,65.7806396484375,1.0436950897574977,0.0,1.0441394193665878,0.00044432960909013275,0.0009402837000663926,0.02,0.0009402837000663926,0,0
1779347899.0803576,2026-05-21T16:18:19.080,0.01025390625,0.017578125,1.04638671875,0.0,0.0,0.0,0.81298828125,1.087646484375,65.7861328125,1.0465845872399855,0.0,1.0441394193665878,0.002445167873397658,0.0012412605347326459,0.02,0.0012412605347326459,0,0
1779347899.0803576,2026-05-21T16:18:19.080,0.00732421875,0.017578125,1.0400390625,0.0,0.0,0.0,0.81298828125,1.0821533203125,65.7916259765625,1.0402133849286368,0.0,1.0441394193665878,0.0039260344379510315,0.001778215315376323,0.02,0.001778215315376323,0,0
1779347899.0803576,2026-05-21T16:18:19.080,0.0087890625,0.01904296875,1.04443359375,0.0,0.0,0.0,0.81298828125,1.07666015625,65.797119140625,1.044644156654304,0.0,1.0441394193665878,0.0005047372877162726,0.001523519709844313,0.02,0.001523519709844313,0,0
1779347899.1063552,2026-05-21T16:18:19.106,0.0087890625,0.01806640625,1.04345703125,0.0,0.0,0.0,0.81298828125,1.0711669921875,65.797119140625,1.0436504293677469,0.0,1.0441394193665878,0.0004889899988409496,0.0013166137676436404,0.02,0.0013166137676436404,0,0
1779347899.1063552,2026-05-21T16:18:19.106,0.0087890625,0.01953125,1.04345703125,0.0,0.0,0.0,0.81298828125,1.0711669921875,65.8026123046875,1.0436768146372013,0.0,1.0441394193665878,0.00046260472938652875,0.0011458119599922181,0.02,0.0011458119599922181,0,0
1779347899.1063552,2026-05-21T16:18:19.106,0.0078125,0.01904296875,1.0419921875,0.0,0.0,0.0,0.81298828125,1.065673828125,65.80810546875,1.0421954656522445,0.0,1.0441391910267446,0.0019437253745000493,0.0013053946428937845,0.02,0.0013053946428937845,0,0
1779347899.1063552,2026-05-21T16:18:19.106,0.00830078125,0.02001953125,1.04443359375,0.0,0.0,0.0,0.81298828125,1.0601806640625,65.8135986328125,1.0446584208986065,0.0,1.0441389626869015,0.0005194582117049595,0.0011482073566560194,0.02,0.0011482073566560194,0,0
1779347899.1063552,2026-05-21T16:18:19.106,0.00830078125,0.017578125,1.04443359375,0.0,0.0,0.0,0.81298828125,1.0546875,65.8135986328125,1.0446144864022402,0.0,1.0441391910267446,0.0004752953754956213,0.00101362496042394,0.02,0.00101362496042394,0,0
1779347899.1063552,2026-05-21T16:18:19.106,0.00927734375,0.01904296875,1.044921875,0.0,0.0,0.0,0.8184814453125,1.0491943359375,65.819091796875,1.0451365597946447,0.0,1.0441394193665878,0.0009971404280568752,0.001010328053950527,0.02,0.001010328053950527,0,0
1779347899.1063552,2026-05-21T16:18:19.106,0.01025390625,0.017578125,1.0439453125,0.0,0.0,0.0,0.8184814453125,1.043701171875,65.8245849609375,1.0441436436442173,0.0,1.0441394193665878,4.224277629472084e-06,0.0008091072986863161,0.02,0.0008091072986863161,0,0
1779347899.1063552,2026-05-21T16:18:19.106,0.0078125,0.017578125,1.04443359375,0.0,0.0,0.0,0.8184814453125,1.043701171875,65.830078125,1.0446107205022863,0.0,1.0441394193665878,0.00047130113569848753,0.0007415460660887505,0.02,0.0007415460660887505,0,0
1779347899.1426592,2026-05-21T16:18:19.142,0.00732421875,0.01806640625,1.04248046875,0.0,0.0,0.0,0.8184814453125,1.0382080078125,65.830078125,1.0426627292371717,0.0,1.0441394193665878,0.0014766901294160917,0.0008885748787542187,0.02,0.0008885748787542187,0,0
1779347899.1426592,2026-05-21T16:18:19.142,0.0078125,0.02001953125,1.04345703125,0.0,0.0,0.0,0.8184814453125,1.03271484375,65.8355712890625,1.0436782995026692,0.0,1.0441394193665878,0.00046111986391861315,0.0008030838757870977,0.02,0.0008030838757870977,0,0
1779347899.1426592,2026-05-21T16:18:19.142,0.00927734375,0.017578125,1.04541015625,0.0,0.0,0.0,0.8184814453125,1.0272216796875,65.841064453125,1.0455990887411009,0.0,1.0441394193665878,0.0014596693745130285,0.0009344009755322838,0.02,0.0009344009755322838,0,0
1779347899.1426592,2026-05-21T16:18:19.142,0.00732421875,0.01953125,1.04296875,0.0,0.0,0.0,0.8184814453125,1.021728515625,65.8465576171875,1.0431773230776362,0.0,1.0441394193665878,0.0009620962889516083,0.0009399400382161487,0.02,0.0009399400382161487,0,0
1779347899.1426592,2026-05-21T16:18:19.142,0.0087890625,0.0185546875,1.04443359375,0.0,0.0,0.0,0.8184814453125,1.021728515625,65.8465576171875,1.044635369782869,0.0,1.0441394193665878,0.0004959504162811434,0.0008511421138291476,0.02,0.0008511421138291476,0,0
1779347899.1426592,2026-05-21T16:18:19.142,0.00732421875,0.01806640625,1.04296875,0.0,0.0,0.0,0.823974609375,1.0162353515625,65.85205078125,1.0431509251741333,0.0,1.0441394193665878,0.0009884941924545032,0.0008786125295542188,0.02,0.0008786125295542188,0,0
1779347899.1426592,2026-05-21T16:18:19.142,0.00830078125,0.01806640625,1.04345703125,0.0,0.0,0.0,0.823974609375,1.0107421875,65.8575439453125,1.0436464315414555,0.0,1.0441394193665878,0.0004929878251322961,0.0008014875886698343,0.02,0.0008014875886698343,0,0
1779347899.1426592,2026-05-21T16:18:19.142,0.009765625,0.0185546875,1.04248046875,0.0,0.0,0.0,0.823974609375,1.0052490234375,65.8575439453125,1.0426913117433572,0.0,1.0441394193665878,0.0014481076232306656,0.0009308115955820005,0.02,0.0009308115955820005,0,0
1779347899.2267306,2026-05-21T16:18:19.226,0.00634765625,0.0185546875,1.0439453125,0.0,0.0,0.0,0.823974609375,0.999755859375,65.863037109375,1.0441294865383381,0.0,1.0441391910267446,9.704488406425682e-06,0.0007465901741468856,0.02,0.0007465901741468856,0,0
1779347899.2267306,2026-05-21T16:18:19.226,0.0068359375,0.02001953125,1.04248046875,0.0,0.0,0.0,0.823974609375,0.9942626953125,65.8685302734375,1.0426950845756364,0.0,1.0441389626869015,0.0014438781112651178,0.0008860477615705322,0.02,0.0008860477615705322,0,0
1779347899.2267306,2026-05-21T16:18:19.226,0.01123046875,0.01904296875,1.04345703125,0.0,0.0,0.0,0.823974609375,0.9942626953125,65.8740234375,1.0436912063212096,0.0,1.0441387914319535,0.00044758511074394214,0.0007983552314052143,0.02,0.0007983552314052143,0,0
1779347899.2267306,2026-05-21T16:18:19.226,0.00927734375,0.0205078125,1.0419921875,0.0,0.0,0.0,0.823974609375,0.98876953125,65.8740234375,1.0422352701245654,0.0,1.0441386201770058,0.0019033500524403557,0.0010193541956122426,0.02,0.0010193541956122426,0,0
1779347899.2267306,2026-05-21T16:18:19.226,0.0087890625,0.01806640625,1.04345703125,0.0,0.0,0.0,0.823974609375,0.9832763671875,65.8795166015625,1.0436504293677469,0.0,1.0441386201770058,0.0004881908092588816,0.0009131215183415704,0.02,0.0009131215183415704,0,0
1779347899.2267306,2026-05-21T16:18:19.226,0.0087890625,0.0185546875,1.04443359375,0.0,0.0,0.0,0.8294677734375,0.977783203125,65.885009765625,1.044635369782869,0.0,1.0441386201770058,0.0004967496058632115,0.0008298471358458986,0.02,0.0008298471358458986,0,0
1779347899.2267306,2026-05-21T16:18:19.226,0.00927734375,0.0185546875,1.04443359375,0.0,0.0,0.0,0.8294677734375,0.9722900390625,65.885009765625,1.0446395920549911,0.0,1.0441386201770058,0.0005009718779853678,0.0007640720842737926,0.02,0.0007640720842737926,0,0
1779347899.2267306,2026-05-21T16:18:19.226,0.0068359375,0.01806640625,1.04638671875,0.0,0.0,0.0,0.8294677734375,0.9722900390625,65.8905029296875,1.0465649957134462,0.0,1.0441386201770058,0.0024263755364404282,0.0010965327747071197,0.02,0.0010965327747071197,0,0
1779347899.227734,2026-05-21T16:18:19.227,0.005859375,0.0185546875,1.04541015625,0.0,0.0,0.0,0.8294677734375,0.966796875,65.89599609375,1.045591221986041,0.0,1.0441387914319535,0.0014524305540875027,0.0011677123305831962,0.02,0.0011677123305831962,0,0
1779347899.227734,2026-05-21T16:18:19.227,0.0078125,0.0146484375,1.041015625,0.0,0.0,0.0,0.8294677734375,0.9613037109375,65.9014892578125,1.0411479930209644,0.0,1.0441389626869015,0.0029909696659371487,0.0015323637976539868,0.02,0.0015323637976539868,0,0
1779347899.227734,2026-05-21T16:18:19.227,0.00927734375,0.01953125,1.04345703125,0.0,0.0,0.0,0.8294677734375,0.955810546875,65.9014892578125,1.0436810407872137,0.0,1.0441387914319535,0.0004577506447398516,0.0013174411670711598,0.02,0.0013174411670711598,0,0
1779347899.227734,2026-05-21T16:18:19.227,0.01025390625,0.017578125,1.0439453125,0.0,0.0,0.0,0.8294677734375,0.955810546875,65.906982421875,1.0441436436442173,0.0,1.0441386201770058,5.0234672115401224e-06,0.001054957627099236,0.02,0.001054957627099236,0,0
1779347899.227734,2026-05-21T16:18:19.227,0.009765625,0.0185546875,1.0439453125,0.0,0.0,0.0,0.8294677734375,0.9503173828125,65.9124755859375,1.0441558597022698,0.0,1.0441387914319535,1.7068270316222822e-05,0.0008473797557426335,0.02,0.0008473797557426335,0,0
1779347899.227734,2026-05-21T16:18:19.227,0.00634765625,0.01904296875,1.04345703125,0.0,0.0,0.0,0.8294677734375,0.94482421875,65.9124755859375,1.043650086697522,0.0,1.0441389626869015,0.0004888759893795225,0.0007756790024700113,0.02,0.0007756790024700113,0,0
1779347899.227734,2026-05-21T16:18:19.227,0.00732421875,0.0185546875,1.04296875,0.0,0.0,0.0,0.8349609375,0.9393310546875,65.91796875,1.043159495995259,0.0,1.0441387914319535,0.000979295436694505,0.0008164022893149102,0.02,0.0008164022893149102,0,0
1779347899.227734,2026-05-21T16:18:19.227,0.009765625,0.017578125,1.04248046875,0.0,0.0,0.0,0.8349609375,0.933837890625,65.9234619140625,1.04267439099432,0.0,1.0441386201770058,0.00146422918268585,0.0009459676679890981,0.02,0.0009459676679890981,0,0
1779347899.2882519,2026-05-21T16:18:19.288,0.00927734375,0.015625,1.04443359375,0.0,0.0,0.0,0.8349609375,0.933837890625,65.9234619140625,1.0445916625579565,0.0,1.0441386201770058,0.00045304238095078553,0.0008473826105814356,0.02,0.0008473826105814356,0,0
1779347899.2882519,2026-05-21T16:18:19.288,0.00732421875,0.01611328125,1.0439453125,0.0,0.0,0.0,0.8349609375,0.9283447265625,65.928955078125,1.0440953488564453,0.0,1.0441386201770058,4.3271320560478443e-05,0.0006865603525772442,0.02,0.0006865603525772442,0,0
1779347899.2882519,2026-05-21T16:18:19.288,0.0087890625,0.01708984375,1.0458984375,0.0,0.0,0.0,0.8349609375,0.9228515625,65.9344482421875,1.046074974341691,0.0,1.0441386201770058,0.0019363541646852944,0.0009365191149988542,0.02,0.0009365191149988542,0,0
1779347899.2882519,2026-05-21T16:18:19.288,0.0087890625,0.0185546875,1.04345703125,0.0,0.0,0.0,0.8349609375,0.9173583984375,65.9344482421875,1.0436589960868037,0.0,1.0441386201770058,0.00047962409020207986,0.0008451401100394994,0.02,0.0008451401100394994,0,0
1779347899.2882519,2026-05-21T16:18:19.288,0.00732421875,0.0205078125,1.0439453125,0.0,0.0,0.0,0.8349609375,0.9173583984375,65.93994140625,1.044172413945396,0.0,1.0441386201770058,3.3793768390300016e-05,0.0006828708417096596,0.02,0.0006828708417096596,0,0
1779347899.2882519,2026-05-21T16:18:19.288,0.00732421875,0.0166015625,1.0439453125,0.0,0.0,0.0,0.8349609375,0.911865234375,65.9454345703125,1.0441029985343697,0.0,1.0441386201770058,3.562164263604117e-05,0.0005534210018949359,0.02,0.0005534210018949359,0,0
1779347899.2882519,2026-05-21T16:18:19.288,0.0087890625,0.017578125,1.044921875,0.0,0.0,0.0,0.8349609375,0.9063720703125,65.9454345703125,1.0451066753933114,0.0,1.0441386201770058,0.0009680552163056078,0.0006363478447770703,0.02,0.0006363478447770703,0,0
1779347899.2882519,2026-05-21T16:18:19.288,0.01025390625,0.01953125,1.0439453125,0.0,0.0,0.0,0.8349609375,0.90087890625,65.950927734375,1.0441783505755464,0.0,1.0441386201770058,3.9730398540660516e-05,0.0005170243555297884,0.02,0.0005170243555297884,0,0
1779347899.3242538,2026-05-21T16:18:19.324,0.0078125,0.01708984375,1.04345703125,0.0,0.0,0.0,0.8404541015625,0.90087890625,65.9564208984375,1.043626213728226,0.0,1.0441387914319535,0.0005125777037275903,0.0005161350251693488,0.02,0.0005161350251693488,0,0
1779347899.3242538,2026-05-21T16:18:19.324,0.009765625,0.021484375,1.0458984375,0.0,0.0,0.0,0.8404541015625,0.8953857421875,65.9564208984375,1.0461646559532216,0.0,1.0441386201770058,0.002026035776215851,0.0008181151753786492,0.02,0.0008181151753786492,0,0
1779347899.3242538,2026-05-21T16:18:19.324,0.005859375,0.0185546875,1.0439453125,0.0,0.0,0.0,0.8404541015625,0.889892578125,65.9619140625,1.044126632259869,0.0,1.0441387914319535,1.2159172084524883e-05,0.0006569239747198244,0.02,0.0006569239747198244,0,0
1779347899.3242538,2026-05-21T16:18:19.324,0.0107421875,0.01953125,1.04345703125,0.0,0.0,0.0,0.8404541015625,0.8843994140625,65.9674072265625,1.0436950897574977,0.0,1.0441386201770058,0.0004435304195080647,0.0006142452636774725,0.02,0.0006142452636774725,0,0
1779347899.3242538,2026-05-21T16:18:19.324,0.01025390625,0.01953125,1.0439453125,0.0,0.0,0.0,0.8404541015625,0.8843994140625,65.9674072265625,1.0441783505755464,0.0,1.0441386201770058,3.9730398540660516e-05,0.0004993422906501102,0.02,0.0004993422906501102,0,0
1779347899.3242538,2026-05-21T16:18:19.324,0.0087890625,0.017578125,1.0439453125,0.0,0.0,0.0,0.8404541015625,0.87890625,65.972900390625,1.044130285734911,0.0,1.0441386201770058,8.334442094692918e-06,0.0004011407209390267,0.02,0.0004011407209390267,0,0
1779347899.3242538,2026-05-21T16:18:19.324,0.00634765625,0.01953125,1.04296875,0.0,0.0,0.0,0.8404541015625,0.8734130859375,65.9783935546875,1.0431709236472195,0.0,1.0441386201770058,0.0009676965297862328,0.0005144518827084679,0.02,0.0005144518827084679,0,0
1779347899.3242538,2026-05-21T16:18:19.324,0.0068359375,0.017578125,1.04541015625,0.0,0.0,0.0,0.8404541015625,0.867919921875,65.9783935546875,1.0455802768370628,0.0,1.0441386201770058,0.0014416566600570224,0.0006998928381781789,0.02,0.0006998928381781789,0,0
1779347899.3482528,2026-05-21T16:18:19.348,0.00537109375,0.0185546875,1.04443359375,0.0,0.0,0.0,0.8404541015625,0.867919921875,65.98388671875,1.0446122040402523,0.0,1.0441386201770058,0.00047358386324658497,0.0006546310431918602,0.02,0.0006546310431918602,0,0
1779347899.3482528,2026-05-21T16:18:19.348,0.00830078125,0.0166015625,1.04248046875,0.0,0.0,0.0,0.845947265625,0.8624267578125,65.9893798828125,1.0426456936908248,0.0,1.0441386201770058,0.0014929264861809344,0.000822290131789675,0.02,0.000822290131789675,0,0
1779347899.3482528,2026-05-21T16:18:19.348,0.00732421875,0.0185546875,1.041015625,0.0,0.0,0.0,0.845947265625,0.85693359375,65.9893798828125,1.041206728802048,0.0,1.0441386201770058,0.0029318913749578623,0.0012442103804233126,0.02,0.0012442103804233126,0,0
1779347899.3482528,2026-05-21T16:18:19.348,0.0087890625,0.01953125,1.044921875,0.0,0.0,0.0,0.845947265625,0.85693359375,65.994873046875,1.0451413503443958,0.0,1.0441386201770058,0.0010027301673900535,0.0011959143378166609,0.02,0.0011959143378166609,0,0
1779347899.3482528,2026-05-21T16:18:19.348,0.0107421875,0.0185546875,1.0439453125,0.0,0.0,0.0,0.845947265625,0.8514404296875,66.0003662109375,1.0441654497785446,0.0,1.0441386201770058,2.6829601538880254e-05,0.0009620973905611048,0.02,0.0009620973905611048,0,0
1779347899.3482528,2026-05-21T16:18:19.348,0.00927734375,0.02001953125,1.0419921875,0.0,0.0,0.0,0.845947265625,0.845947265625,66.0003662109375,1.0422257766672058,0.0,1.0441386201770058,0.001912843509799922,0.0011522466144088684,0.02,0.0011522466144088684,0,0
1779347899.3482528,2026-05-21T16:18:19.348,0.0087890625,0.01904296875,1.04248046875,0.0,0.0,0.0,0.845947265625,0.8404541015625,66.005859375,1.0426914260718088,0.0,1.0441386201770058,0.0014471941051970028,0.0012112361125664953,0.02,0.0012112361125664953,0,0
1779347899.3482528,2026-05-21T16:18:19.348,0.00927734375,0.01904296875,1.04443359375,0.0,0.0,0.0,0.845947265625,0.8404541015625,66.005859375,1.0446483788909113,0.0,1.0441386201770058,0.0005097587139055726,0.0010709406328343108,0.02,0.0010709406328343108,0,0
1779347899.409056,2026-05-21T16:18:19.409,0.00830078125,0.017578125,1.04248046875,0.0,0.0,0.0,0.845947265625,0.8349609375,66.0113525390625,1.0426617002523377,0.0,1.0441386201770058,0.0014769199246680298,0.0011521364912010547,0.02,0.0011521364912010547,0,0
1779347899.409056,2026-05-21T16:18:19.409,0.0087890625,0.01953125,1.0439453125,0.0,0.0,0.0,0.845947265625,0.8294677734375,66.016845703125,1.044164993110243,0.0,1.0441386201770058,2.6372933237261975e-05,0.0009269837796082961,0.02,0.0009269837796082961,0,0
1779347899.409056,2026-05-21T16:18:19.409,0.00830078125,0.0185546875,1.0439453125,0.0,0.0,0.0,0.845947265625,0.823974609375,66.016845703125,1.0441431869663784,0.0,1.0441386201770058,4.566789372661972e-06,0.0007425003815611694,0.02,0.0007425003815611694,0,0
1779347899.409056,2026-05-21T16:18:19.409,0.00927734375,0.0185546875,1.04345703125,0.0,0.0,0.0,0.8514404296875,0.823974609375,66.0223388671875,1.0436632223089697,0.0,1.0441386201770058,0.000475397868036076,0.0006890798788561507,0.02,0.0006890798788561507,0,0
1779347899.409056,2026-05-21T16:18:19.409,0.0048828125,0.01806640625,1.04248046875,0.0,0.0,0.0,0.8514404296875,0.8184814453125,66.02783203125,1.0426484376902503,0.0,1.0441386201770058,0.0014901824867554758,0.0008493004004360158,0.02,0.0008493004004360158,0,0
1779347899.409056,2026-05-21T16:18:19.409,0.00732421875,0.017578125,1.04443359375,0.0,0.0,0.0,0.8514404296875,0.81298828125,66.02783203125,1.0446071828263261,0.0,1.0441386201770058,0.00046856264932038094,0.0007731528502128888,0.02,0.0007731528502128888,0,0
1779347899.409056,2026-05-21T16:18:19.409,0.0087890625,0.01708984375,1.0439453125,0.0,0.0,0.0,0.8514404296875,0.81298828125,66.0333251953125,1.0441221795698772,0.0,1.0441386201770058,1.644060712857609e-05,0.0006218104015960264,0.02,0.0006218104015960264,0,0
1779347899.409056,2026-05-21T16:18:19.409,0.00634765625,0.01953125,1.04150390625,0.0,0.0,0.0,0.8514404296875,0.8074951171875,66.0333251953125,1.0417063641931152,0.0,1.0441386201770058,0.002432255983890519,0.000983899518054925,0.02,0.000983899518054925,0,0
1779347899.4450614,2026-05-21T16:18:19.445,0.0068359375,0.0205078125,1.04296875,0.0,0.0,0.0,0.8514404296875,0.802001953125,66.038818359375,1.0431927501145708,0.0,1.0441386201770058,0.0009458700624349614,0.0009762936269309323,0.02,0.0009762936269309323,0,0
1779347899.4450614,2026-05-21T16:18:19.445,0.00732421875,0.01953125,1.04541015625,0.0,0.0,0.0,0.8514404296875,0.802001953125,66.0443115234375,1.0456182423320233,0.0,1.0441386201770058,0.0014796221550175126,0.0010769593325482484,0.02,0.0010769593325482484,0,0
1779347899.4450614,2026-05-21T16:18:19.445,0.0107421875,0.01708984375,1.04443359375,0.0,0.0,0.0,0.8514404296875,0.7965087890625,66.0443115234375,1.0446286369352626,0.0,1.0441386201770058,0.0004900167582568837,0.0009595708176899756,0.02,0.0009595708176899756,0,0
1779347899.4450614,2026-05-21T16:18:19.445,0.00830078125,0.017578125,1.04541015625,0.0,0.0,0.0,0.8514404296875,0.791015625,66.0498046875,1.0455908799518698,0.0,1.0441386201770058,0.001452259774864073,0.0010581086091247952,0.02,0.0010581086091247952,0,0
1779347899.4450614,2026-05-21T16:18:19.445,0.00732421875,0.0185546875,1.0439453125,0.0,0.0,0.0,0.8514404296875,0.791015625,66.0552978515625,1.0441358800937948,0.0,1.0441386201770058,2.740083210994726e-06,0.0008470349039420351,0.02,0.0008470349039420351,0,0
1779347899.4450614,2026-05-21T16:18:19.445,0.01123046875,0.01806640625,1.04248046875,0.0,0.0,0.0,0.85693359375,0.7855224609375,66.0552978515625,1.042697485461797,0.0,1.0441386201770058,0.0014411347152087917,0.0009658548661953865,0.02,0.0009658548661953865,0,0
1779347899.4450614,2026-05-21T16:18:19.445,0.0068359375,0.02001953125,1.04345703125,0.0,0.0,0.0,0.85693359375,0.780029296875,66.060791015625,1.043671446259807,0.0,1.0441386201770058,0.0004671739171988598,0.0008661186763960812,0.02,0.0008661186763960812,0,0
1779347899.4450614,2026-05-21T16:18:19.445,0.00927734375,0.017578125,1.04443359375,0.0,0.0,0.0,0.85693359375,0.7745361328125,66.060791015625,1.0446227028641064,0.0,1.0441386201770058,0.00048408268710065094,0.0007897114785369952,0.02,0.0007897114785369952,0,0
1779347899.4706185,2026-05-21T16:18:19.470,0.009765625,0.01904296875,1.04296875,0.0,0.0,0.0,0.85693359375,0.7745361328125,66.0662841796875,1.0431882934384455,0.0,1.0441386201770058,0.0009503267385602143,0.0008218345305416391,0.02,0.0008218345305416391,0,0
1779347899.4706185,2026-05-21T16:18:19.470,0.00927734375,0.01611328125,1.0419921875,0.0,0.0,0.0,0.85693359375,0.76904296875,66.07177734375,1.0421580617884854,0.0,1.0441386201770058,0.0019805583885204037,0.0010535793021373922,0.02,0.0010535793021373922,0,0
1779347899.4706185,2026-05-21T16:18:19.470,0.00634765625,0.01708984375,1.04345703125,0.0,0.0,0.0,0.85693359375,0.7635498046875,66.07177734375,1.0436162760154382,0.0,1.0441386201770058,0.0005223441615676006,0.0009473322740234339,0.02,0.0009473322740234339,0,0
1779347899.4706185,2026-05-21T16:18:19.470,0.0068359375,0.01611328125,1.04541015625,0.0,0.0,0.0,0.85693359375,0.7635498046875,66.0772705078125,1.0455566759696937,0.0,1.0441386201770058,0.0014180557926879445,0.001041476977756336,0.02,0.001041476977756336,0,0
1779347899.4706185,2026-05-21T16:18:19.470,0.0078125,0.0185546875,1.04150390625,0.0,0.0,0.0,0.85693359375,0.758056640625,66.0772705078125,1.0416984680407673,0.0,1.0441386201770058,0.0024401521362384937,0.0013212120094527676,0.02,0.0013212120094527676,0,0
1779347899.4706185,2026-05-21T16:18:19.470,0.00830078125,0.01806640625,1.04443359375,0.0,0.0,0.0,0.85693359375,0.7525634765625,66.082763671875,1.0446228169811773,0.0,1.0441386201770058,0.000484196804171555,0.0011538089683965252,0.02,0.0011538089683965252,0,0
1779347899.4706185,2026-05-21T16:18:19.470,0.00634765625,0.0185546875,1.04443359375,0.0,0.0,0.0,0.85693359375,0.7525634765625,66.0882568359375,1.0446176817006454,0.0,1.0441386201770058,0.0004790615236396345,0.001018859479445147,0.02,0.001018859479445147,0,0
1779347899.4706185,2026-05-21T16:18:19.470,0.00927734375,0.01806640625,1.0419921875,0.0,0.0,0.0,0.85693359375,0.7470703125,66.0882568359375,1.0421900896443417,0.0,1.0441386201770058,0.0019485305326640834,0.0012047936900889344,0.02,0.0012047936900889344,0,0
1779347899.529618,2026-05-21T16:18:19.529,0.00732421875,0.01953125,1.04248046875,0.0,0.0,0.0,0.8624267578125,0.7415771484375,66.09375,1.0426891395003979,0.0,1.0441386201770058,0.0014494806766078838,0.0012537310873927242,0.02,0.0012537310873927242,0,0
1779347899.529618,2026-05-21T16:18:19.529,0.00830078125,0.01953125,1.044921875,0.0,0.0,0.0,0.8624267578125,0.7415771484375,66.09375,1.045137358221128,0.0,1.0441386201770058,0.000998738044122316,0.0012027324787386427,0.02,0.0012027324787386427,0,0
1779347899.529618,2026-05-21T16:18:19.529,0.00732421875,0.017578125,1.04443359375,0.0,0.0,0.0,0.8624267578125,0.736083984375,66.0992431640625,1.0446071828263261,0.0,1.0441386201770058,0.00046856264932038094,0.0010558985128549905,0.02,0.0010558985128549905,0,0
1779347899.529618,2026-05-21T16:18:19.529,0.0087890625,0.01904296875,1.04345703125,0.0,0.0,0.0,0.8624267578125,0.7305908203125,66.0992431640625,1.0436677911785464,0.0,1.0441386201770058,0.00047082899845940496,0.0009388846099758734,0.02,0.0009388846099758734,0,0
1779347899.529618,2026-05-21T16:18:19.529,0.0087890625,0.01904296875,1.04541015625,0.0,0.0,0.0,0.8624267578125,0.7305908203125,66.104736328125,1.0456205224980484,0.0,1.0441386201770058,0.0014819023210426163,0.001047488152189222,0.02,0.001047488152189222,0,0
1779347899.529618,2026-05-21T16:18:19.529,0.0087890625,0.015625,1.04541015625,0.0,0.0,0.0,0.8624267578125,0.72509765625,66.1102294921875,1.045563858898766,0.0,1.0441386201770058,0.001425238721760147,0.001123038266103407,0.02,0.001123038266103407,0,0
1779347899.529618,2026-05-21T16:18:19.529,0.00927734375,0.0185546875,1.0439453125,0.0,0.0,0.0,0.8624267578125,0.72509765625,66.1102294921875,1.0441514071369156,0.0,1.0441386201770058,1.2786959909805162e-05,0.0009009880048646866,0.02,0.0009009880048646866,0,0
1779347899.529618,2026-05-21T16:18:19.529,0.0087890625,0.01806640625,1.04345703125,0.0,0.0,0.0,0.8624267578125,0.7196044921875,66.11572265625,1.0436504293677469,0.0,1.0441386201770058,0.0004881908092588816,0.0008184285657435255,0.02,0.0008184285657435255,0,0
1779347899.5652032,2026-05-21T16:18:19.565,0.00732421875,0.021484375,1.04345703125,0.0,0.0,0.0,0.8624267578125,0.714111328125,66.11572265625,1.043703884545086,0.0,1.0441386201770058,0.0004347356319198692,0.0007416899789787943,0.02,0.0007416899789787943,0,0
1779347899.5652032,2026-05-21T16:18:19.565,0.0068359375,0.0166015625,1.0439453125,0.0,0.0,0.0,0.8624267578125,0.714111328125,66.1212158203125,1.044099687486625,0.0,1.0441386201770058,3.8932690380688584e-05,0.0006011385212591733,0.02,0.0006011385212591733,0,0
1779347899.5652032,2026-05-21T16:18:19.565,0.00830078125,0.01806640625,1.0439453125,0.0,0.0,0.0,0.8624267578125,0.7086181640625,66.126708984375,1.0441346242199196,0.0,1.0441386201770058,3.995957086111446e-06,0.00048171000842456096,0.02,0.00048171000842456096,0,0
1779347899.5652032,2026-05-21T16:18:19.565,0.0078125,0.02099609375,1.04345703125,0.0,0.0,0.0,0.867919921875,0.703125,66.126708984375,1.0436974883432806,0.0,1.0441386201770058,0.0004411318337251835,0.0004735943734846855,0.02,0.0004735943734846855,0,0
1779347899.5652032,2026-05-21T16:18:19.565,0.01025390625,0.01953125,1.044921875,0.0,0.0,0.0,0.867919921875,0.703125,66.1322021484375,1.045154695331491,0.0,1.0441372501354003,0.001017445196090705,0.0005823645380058893,0.02,0.0005823645380058893,0,0
1779347899.5652032,2026-05-21T16:18:19.565,0.0078125,0.01806640625,1.04296875,0.0,0.0,0.0,0.867919921875,0.6976318359375,66.1322021484375,1.0431544677887368,0.0,1.0441386201770058,0.0009841523882689884,0.0006627221080585091,0.02,0.0006627221080585091,0,0
1779347899.5652032,2026-05-21T16:18:19.565,0.0107421875,0.0185546875,1.04052734375,0.0,0.0,0.0,0.867919921875,0.692138671875,66.1376953125,1.0407482039916949,0.0,1.0441372501354003,0.0033890461437053876,0.001207986915187885,0.02,0.001207986915187885,0,0
1779347899.5652032,2026-05-21T16:18:19.565,0.0087890625,0.01904296875,1.04248046875,0.0,0.0,0.0,0.867919921875,0.692138671875,66.1376953125,1.0426914260718088,0.0,1.0441358800937948,0.001444454021986008,0.0012552803365475096,0.02,0.0012552803365475096,0,0
1779347899.6261935,2026-05-21T16:18:19.626,0.0087890625,0.01904296875,1.046875,0.0,0.0,0.0,0.867919921875,0.6866455078125,66.1431884765625,1.0470850719513876,0.0,1.0441358800937948,0.0029491918575927922,0.0015940626407565661,0.02,0.0015940626407565661,0,0
1779347899.6261935,2026-05-21T16:18:19.626,0.0068359375,0.01806640625,1.04248046875,0.0,0.0,0.0,0.867919921875,0.68115234375,66.1431884765625,1.0426594136157374,0.0,1.0441358800937948,0.0014764664780573256,0.001570543408216718,0.02,0.001570543408216718,0,0
1779347899.6261935,2026-05-21T16:18:19.626,0.00732421875,0.017578125,1.0439453125,0.0,0.0,0.0,0.867919921875,0.68115234375,66.148681640625,1.0441189827550958,0.0,1.0441358800937948,1.6897338698917963e-05,0.001259814194313158,0.02,0.001259814194313158,0,0
1779347899.6261935,2026-05-21T16:18:19.626,0.0087890625,0.01953125,1.04296875,0.0,0.0,0.0,0.867919921875,0.6756591796875,66.1541748046875,1.043188636260362,0.0,1.0441358800937948,0.0009472438334328093,0.0011973001221370883,0.02,0.0011973001221370883,0,0
1779347899.6261935,2026-05-21T16:18:19.626,0.0087890625,0.0185546875,1.04296875,0.0,0.0,0.0,0.867919921875,0.6756591796875,66.1541748046875,1.0431708093713197,0.0,1.0441352521568572,0.0009644427855375337,0.0011507286548171774,0.02,0.0011507286548171774,0,0
1779347899.6261935,2026-05-21T16:18:19.626,0.00830078125,0.01806640625,1.04443359375,0.0,0.0,0.0,0.867919921875,0.670166015625,66.15966796875,1.0446228169811773,0.0,1.0441346242199196,0.0004881927612576664,0.0010182214761052751,0.02,0.0010182214761052751,0,0
1779347899.6261935,2026-05-21T16:18:19.626,0.00927734375,0.017578125,1.04345703125,0.0,0.0,0.0,0.8734130859375,0.6646728515625,66.15966796875,1.043646317317622,0.0,1.0441352521568572,0.0004889348392351778,0.0009123641487312558,0.02,0.0009123641487312558,0,0
1779347899.6261935,2026-05-21T16:18:19.626,0.00927734375,0.01953125,1.0439453125,0.0,0.0,0.0,0.8734130859375,0.6646728515625,66.1651611328125,1.0441692172844117,0.0,1.0441346242199196,3.459306449205002e-05,0.0007368099318834147,0.02,0.0007368099318834147,0,0
1779347899.6492305,2026-05-21T16:18:19.649,0.00927734375,0.01708984375,1.0439453125,0.0,0.0,0.0,0.8734130859375,0.6591796875,66.1651611328125,1.0441264039172544,0.0,1.0441352521568572,8.8482396027878e-06,0.0005912175934272894,0.02,0.0005912175934272894,0,0
1779347899.6492305,2026-05-21T16:18:19.649,0.00927734375,0.01708984375,1.0458984375,0.0,0.0,0.0,0.8734130859375,0.6536865234375,66.170654296875,1.0460791908031613,0.0,1.0441346242199196,0.0019445665832416026,0.000861887391390152,0.02,0.000861887391390152,0,0
1779347899.6492305,2026-05-21T16:18:19.649,0.0107421875,0.017578125,1.04248046875,0.0,0.0,0.0,0.8734130859375,0.6536865234375,66.170654296875,1.0426839946963895,0.0,1.0441352521568572,0.001451257460467703,0.0009797614052056622,0.02,0.0009797614052056622,0,0
1779347899.6492305,2026-05-21T16:18:19.649,0.0078125,0.017578125,1.04248046875,0.0,0.0,0.0,0.8734130859375,0.648193359375,66.1761474609375,1.0426579272992582,0.0,1.0441346242199196,0.0014766969206614355,0.0010791485082968168,0.02,0.0010791485082968168,0,0
1779347899.6492305,2026-05-21T16:18:19.649,0.009765625,0.01904296875,1.04541015625,0.0,0.0,0.0,0.8734130859375,0.648193359375,66.181640625,1.0456291870835968,0.0,1.0441346242199196,0.0014945628636771069,0.0011622313793728748,0.02,0.0011622313793728748,0,0
1779347899.6492305,2026-05-21T16:18:19.649,0.0068359375,0.017578125,1.0439453125,0.0,0.0,0.0,0.8734130859375,0.6427001953125,66.181640625,1.0441156717580395,0.0,1.0441346242199196,1.895246188010624e-05,0.0009335755958743212,0.02,0.0009335755958743212,0,0
1779347899.6492305,2026-05-21T16:18:19.649,0.00927734375,0.0166015625,1.04345703125,0.0,0.0,0.0,0.8734130859375,0.63720703125,66.1871337890625,1.0436303258575617,0.0,1.0441346242199196,0.0005042983623579911,0.0008477201491710552,0.02,0.0008477201491710552,0,0
1779347899.6492305,2026-05-21T16:18:19.649,0.0078125,0.01953125,1.04345703125,0.0,0.0,0.0,0.8734130859375,0.63720703125,66.1871337890625,1.0436690476141735,0.0,1.0441346242199196,0.0004655766057461985,0.0007712914404860839,0.02,0.0007712914404860839,0,0
1779347899.710784,2026-05-21T16:18:19.710,0.0087890625,0.01806640625,1.04345703125,0.0,0.0,0.0,0.8734130859375,0.6317138671875,66.192626953125,1.0436504293677469,0.0,1.044134567134706,0.00048413776695910293,0.0007138607057806878,0.02,0.0007138607057806878,0,0
1779347899.710784,2026-05-21T16:18:19.710,0.0087890625,0.01904296875,1.04541015625,0.0,0.0,0.0,0.8734130859375,0.6317138671875,66.192626953125,1.0456205224980484,0.0,1.0441345100494925,0.0014860124485558401,0.0008682910543357182,0.02,0.0008682910543357182,0,0
1779347899.710784,2026-05-21T16:18:19.710,0.00830078125,0.01806640625,1.04296875,0.0,0.0,0.0,0.87890625,0.626220703125,66.1981201171875,1.0431582389459007,0.0,1.044134567134706,0.000976328188805331,0.0008898984812296408,0.02,0.0008898984812296408,0,0
1779347899.710784,2026-05-21T16:18:19.710,0.0087890625,0.01806640625,1.044921875,0.0,0.0,0.0,0.87890625,0.6207275390625,66.1981201171875,1.0451150020490254,0.0,1.0441345100494925,0.0009804919995328731,0.0009080171848902874,0.02,0.0009080171848902874,0,0
1779347899.710784,2026-05-21T16:18:19.710,0.00830078125,0.01806640625,1.04345703125,0.0,0.0,0.0,0.87890625,0.6207275390625,66.20361328125,1.0436464315414555,0.0,1.044134567134706,0.0004881355932504494,0.0008240408665623198,0.02,0.0008240408665623198,0,0
1779347899.710784,2026-05-21T16:18:19.710,0.00830078125,0.01953125,1.04443359375,0.0,0.0,0.0,0.87890625,0.615234375,66.20361328125,1.044649177690512,0.0,1.0441345100494925,0.0005146676410194839,0.0007621662214537527,0.02,0.0007621662214537527,0,0
1779347899.710784,2026-05-21T16:18:19.710,0.0078125,0.01708984375,1.04345703125,0.0,0.0,0.0,0.87890625,0.615234375,66.2091064453125,1.043626213728226,0.0,1.044134567134706,0.0005083534064800332,0.0007114036584590089,0.02,0.0007114036584590089,0,0
1779347899.710784,2026-05-21T16:18:19.710,0.0087890625,0.017578125,1.04296875,0.0,0.0,0.0,0.87890625,0.6097412109375,66.2091064453125,1.0431538964000984,0.0,1.0441345100494925,0.0009806136493941686,0.0007652456566460409,0.02,0.0007652456566460409,0,0
1779347899.7117736,2026-05-21T16:18:19.711,0.00732421875,0.01904296875,1.0439453125,0.0,0.0,0.0,0.87890625,0.604248046875,66.214599609375,1.044144671168624,0.0,1.0441345100494925,1.016111913143547e-05,0.0006142287491431198,0.02,0.0006142287491431198,0,0
1779347899.7117736,2026-05-21T16:18:19.711,0.00732421875,0.01806640625,1.04443359375,0.0,0.0,0.0,0.87890625,0.604248046875,66.214599609375,1.0446155134635078,0.0,1.0441345100494925,0.0004810034140152464,0.0005875836821175452,0.02,0.0005875836821175452,0,0
1779347899.7117736,2026-05-21T16:18:19.711,0.00927734375,0.01904296875,1.04345703125,0.0,0.0,0.0,0.87890625,0.5987548828125,66.2200927734375,1.0436720173650975,0.0,1.044134567134706,0.00046254976960846683,0.0005625768996157295,0.02,0.0005625768996157295,0,0
1779347899.7117736,2026-05-21T16:18:19.711,0.00927734375,0.01611328125,1.0419921875,0.0,0.0,0.0,0.87890625,0.5987548828125,66.2200927734375,1.0421580617884854,0.0,1.0441345100494925,0.00197644826100718,0.0008453511718940197,0.02,0.0008453511718940197,0,0
1779347899.7117736,2026-05-21T16:18:19.711,0.0078125,0.0185546875,1.04345703125,0.0,0.0,0.0,0.87890625,0.59326171875,66.2255859375,1.0436512289311675,0.0,1.0441345100494925,0.00048328111832507403,0.0007729371611802306,0.02,0.0007729371611802306,0,0
1779347899.7117736,2026-05-21T16:18:19.711,0.00732421875,0.0185546875,1.04296875,0.0,0.0,0.0,0.87890625,0.5877685546875,66.2255859375,1.043159495995259,0.0,1.0441345100494925,0.0009750140542335028,0.0008133525397908851,0.02,0.0008133525397908851,0,0
1779347899.7117736,2026-05-21T16:18:19.711,0.00927734375,0.01806640625,1.0439453125,0.0,0.0,0.0,0.87890625,0.5877685546875,66.2310791015625,1.0441428444578684,0.0,1.0441335395999065,9.304857961911495e-06,0.0006525430034250904,0.02,0.0006525430034250904,0,0
1779347899.7117736,2026-05-21T16:18:19.711,0.005859375,0.0205078125,1.04150390625,0.0,0.0,0.0,0.8843994140625,0.582275390625,66.236572265625,1.0417222707530711,0.0,1.0441345100494925,0.0024122392964214256,0.0010044822620243574,0.02,0.0010044822620243574,0,0
1779347899.7961733,2026-05-21T16:18:19.796,0.0107421875,0.01708984375,1.0419921875,0.0,0.0,0.0,0.8843994140625,0.582275390625,66.236572265625,1.042187687589294,0.0,1.0441335395999065,0.001945852010612592,0.0011927562117420042,0.02,0.0011927562117420042,0,0
1779347899.7971785,2026-05-21T16:18:19.797,0.00830078125,0.017578125,1.044921875,0.0,0.0,0.0,0.8843994140625,0.5767822265625,66.2420654296875,1.045102683137591,0.0,1.0441325691503207,0.0009701139872702047,0.0011482277668476443,0.02,0.0011482277668476443,0,0
1779347899.7971785,2026-05-21T16:18:19.797,0.0087890625,0.017578125,1.0439453125,0.0,0.0,0.0,0.8843994140625,0.5767822265625,66.2420654296875,1.044130285734911,0.0,1.0441335395999065,3.2538649954449994e-06,0.0009192329864772046,0.02,0.0009192329864772046,0,0
1779347899.7971785,2026-05-21T16:18:19.797,0.0068359375,0.02001953125,1.04345703125,0.0,0.0,0.0,0.8843994140625,0.5712890625,66.24755859375,1.043671446259807,0.0,1.0441325691503207,0.00046112289051380984,0.0008276109672845257,0.02,0.0008276109672845257,0,0
1779347899.7971785,2026-05-21T16:18:19.797,0.01123046875,0.02001953125,1.0439453125,0.0,0.0,0.0,0.8843994140625,0.5657958984375,66.24755859375,1.0441976443904368,0.0,1.0441317128697762,6.593152066058927e-05,0.0006752750779597384,0.02,0.0006752750779597384,0,0
1779347899.7971785,2026-05-21T16:18:19.797,0.005859375,0.017578125,1.04345703125,0.0,0.0,0.0,0.8843994140625,0.5657958984375,66.2530517578125,1.043621530450081,0.0,1.0441325691503207,0.0005110387002396077,0.0006424278024157123,0.02,0.0006424278024157123,0,0
1779347899.7971785,2026-05-21T16:18:19.797,0.00927734375,0.01953125,1.0439453125,0.0,0.0,0.0,0.8843994140625,0.560302734375,66.2530517578125,1.0441692172844117,0.0,1.0441317128697762,3.7504414635458616e-05,0.0005214431248596616,0.02,0.0005214431248596616,0,0
1779347899.7971785,2026-05-21T16:18:19.797,0.0078125,0.0185546875,1.04296875,0.0,0.0,0.0,0.8843994140625,0.560302734375,66.258544921875,1.0431630385807558,0.0,1.0441325691503207,0.000969530569564947,0.0006110606138007187,0.02,0.0006110606138007187,0,0
1779347899.8111908,2026-05-21T16:18:19.811,0.00830078125,0.0166015625,1.04345703125,0.0,0.0,0.0,0.8843994140625,0.5548095703125,66.258544921875,1.0436221015826874,0.0,1.0441317128697762,0.0005096112870888181,0.0005907707484583385,0.02,0.0005907707484583385,0,0
1779347899.8111908,2026-05-21T16:18:19.811,0.01123046875,0.017578125,1.0419921875,0.0,0.0,0.0,0.8843994140625,0.5548095703125,66.2640380859375,1.0422009560146717,0.0,1.0441308565892318,0.001929900574560106,0.0008585967136786921,0.02,0.0008585967136786921,0,0
1779347899.8111908,2026-05-21T16:18:19.811,0.01123046875,0.017578125,1.04345703125,0.0,0.0,0.0,0.8843994140625,0.54931640625,66.2640380859375,1.0436655067462581,0.0,1.0441308565892318,0.00046534984297363913,0.0007799473395376815,0.02,0.0007799473395376815,0,0
1779347899.8111908,2026-05-21T16:18:19.811,0.00830078125,0.01806640625,1.044921875,0.0,0.0,0.0,0.8843994140625,0.5438232421875,66.26953125,1.0451110098251124,0.0,1.0441308565892318,0.000980153235880632,0.0008199885188062717,0.02,0.0008199885188062717,0,0
1779347899.8111908,2026-05-21T16:18:19.811,0.0068359375,0.01806640625,1.0458984375,0.0,0.0,0.0,0.8843994140625,0.5438232421875,66.26953125,1.0460767976784664,0.0,1.0441308565892318,0.0019459410892346263,0.0010451790328919427,0.02,0.0010451790328919427,0,0
1779347899.8111908,2026-05-21T16:18:19.811,0.009765625,0.017578125,1.04248046875,0.0,0.0,0.0,0.889892578125,0.538330078125,66.2750244140625,1.04267439099432,0.0,1.0441308565892318,0.00145646559491186,0.0011274363452959263,0.02,0.0011274363452959263,0,0
1779347899.8111908,2026-05-21T16:18:19.811,0.01025390625,0.01806640625,1.04248046875,0.0,0.0,0.0,0.889892578125,0.538330078125,66.2750244140625,1.042687424568549,0.0,1.0441308565892318,0.0014434320206828666,0.0011906354803733145,0.02,0.0011906354803733145,0,0
1779347899.8111908,2026-05-21T16:18:19.811,0.0078125,0.01904296875,1.04443359375,0.0,0.0,0.0,0.889892578125,0.5328369140625,66.2750244140625,1.0446363968236045,0.0,1.0441308565892318,0.00050554023437277,0.0010536164311732057,0.02,0.0010536164311732057,0,0
1779347899.829191,2026-05-21T16:18:19.829,0.0068359375,0.0166015625,1.044921875,0.0,0.0,0.0,0.889892578125,0.5328369140625,66.280517578125,1.0450761057322384,0.0,1.0441308565892318,0.0009452491430066434,0.0010319429735398933,0.02,0.0010319429735398933,0,0
1779347899.829191,2026-05-21T16:18:19.829,0.00927734375,0.01806640625,1.04345703125,0.0,0.0,0.0,0.889892578125,0.52734375,66.280517578125,1.0436546556246031,0.0,1.0441308565892318,0.0004762009646286369,0.000920794571757642,0.02,0.000920794571757642,0,0
1779347899.829191,2026-05-21T16:18:19.829,0.00732421875,0.017578125,1.04150390625,0.0,0.0,0.0,0.889892578125,0.52734375,66.2860107421875,1.0416779835404137,0.0,1.0441308565892318,0.0024528730488180273,0.0012272102671697194,0.02,0.0012272102671697194,0,0
1779347899.829191,2026-05-21T16:18:19.829,0.0048828125,0.01708984375,1.044921875,0.0,0.0,0.0,0.889892578125,0.5218505859375,66.2860107421875,1.0450730259033696,0.0,1.0441308565892318,0.0009421693141378196,0.0011702020765633394,0.02,0.0011702020765633394,0,0
1779347899.829191,2026-05-21T16:18:19.829,0.0087890625,0.01904296875,1.04541015625,0.0,0.0,0.0,0.889892578125,0.516357421875,66.29150390625,1.0456205224980484,0.0,1.0441308565892318,0.0014896659088166064,0.0012340948430139928,0.02,0.0012340948430139928,0,0
1779347899.829191,2026-05-21T16:18:19.829,0.00732421875,0.0166015625,1.041015625,0.0,0.0,0.0,0.889892578125,0.516357421875,66.29150390625,1.0411737547363935,0.0,1.0441308565892318,0.002957101852838262,0.0015786962449788468,0.02,0.0015786962449788468,0,0
1779347899.829191,2026-05-21T16:18:19.829,0.00927734375,0.0185546875,1.0439453125,0.0,0.0,0.0,0.889892578125,0.5108642578125,66.2969970703125,1.0441514071369156,0.0,1.0441308565892318,2.0550547683795273e-05,0.0012670671055198366,0.02,0.0012670671055198366,0,0
1779347899.829191,2026-05-21T16:18:19.829,0.00732421875,0.01806640625,1.04541015625,0.0,0.0,0.0,0.889892578125,0.5108642578125,66.2969970703125,1.0455919060540482,0.0,1.0441308565892318,0.0014610494648163996,0.0013058635773791493,0.02,0.0013058635773791493,0,0
1779347899.8873346,2026-05-21T16:18:19.887,0.00830078125,0.01806640625,1.04296875,0.0,0.0,0.0,0.889892578125,0.50537109375,66.302490234375,1.0431582389459007,0.0,1.0441317128697762,0.0009734739238755896,0.0012393856466784373,0.02,0.0012393856466784373,0,0
1779347899.8873346,2026-05-21T16:18:19.887,0.00537109375,0.01953125,1.04248046875,0.0,0.0,0.0,0.889892578125,0.50537109375,66.302490234375,1.042677249248229,0.0,1.0441308565892318,0.0014536073410027495,0.0012822299855433,0.02,0.0012822299855433,0,0
1779347899.8873346,2026-05-21T16:18:19.887,0.0087890625,0.017578125,1.04345703125,0.0,0.0,0.0,0.889892578125,0.4998779296875,66.3079833984375,1.0436420910269995,0.0,1.0441308565892318,0.0004887655622323184,0.0011235371008811038,0.02,0.0011235371008811038,0,0
1779347899.8873346,2026-05-21T16:18:19.887,0.0087890625,0.017578125,1.0439453125,0.0,0.0,0.0,0.889892578125,0.4998779296875,66.3079833984375,1.044130285734911,0.0,1.0441308565892318,5.708543207028072e-07,0.0008989438515690237,0.02,0.0008989438515690237,0,0
1779347899.8873346,2026-05-21T16:18:19.887,0.0078125,0.0205078125,1.041015625,0.0,0.0,0.0,0.8953857421875,0.494384765625,66.3134765625,1.0412469145327279,0.0,1.0441308565892318,0.0028839420565038854,0.0012959434925559961,0.02,0.0012959434925559961,0,0
1779347899.8873346,2026-05-21T16:18:19.887,0.00830078125,0.01806640625,1.04345703125,0.0,0.0,0.0,0.8953857421875,0.494384765625,66.3134765625,1.0436464315414555,0.0,1.0441308565892318,0.00048442504777623796,0.0011336398036000445,0.02,0.0011336398036000445,0,0
1779347899.8873346,2026-05-21T16:18:19.887,0.00830078125,0.0185546875,1.04296875,0.0,0.0,0.0,0.8953857421875,0.4888916015625,66.3189697265625,1.0431668097069353,0.0,1.0441308565892318,0.0009640468822964543,0.0010997212193393263,0.02,0.0010997212193393263,0,0
1779347899.8873346,2026-05-21T16:18:19.887,0.0068359375,0.01806640625,1.04296875,0.0,0.0,0.0,0.8953857421875,0.4888916015625,66.3189697265625,1.0431476111044191,0.0,1.0441308565892318,0.000983245484812656,0.0010764260724339923,0.02,0.0010764260724339923,0,0
1779347899.9173162,2026-05-21T16:18:19.917,0.009765625,0.01708984375,1.04248046875,0.0,0.0,0.0,0.8953857421875,0.4833984375,66.324462890625,1.0426662735104937,0.0,1.0441308565892318,0.001464583078738091,0.001154057473694812,0.02,0.001154057473694812,0,0
1779347899.9173162,2026-05-21T16:18:19.917,0.00927734375,0.0166015625,1.04443359375,0.0,0.0,0.0,0.8953857421875,0.4833984375,66.324462890625,1.044606726351136,0.0,1.0441308565892318,0.00047586976190427954,0.0010184199313367057,0.02,0.0010184199313367057,0,0
1779347899.9173162,2026-05-21T16:18:19.917,0.00830078125,0.017578125,1.0439453125,0.0,0.0,0.0,0.8953857421875,0.4779052734375,66.324462890625,1.0441262897459285,0.0,1.0441308565892318,4.566843303299706e-06,0.0008156493137300245,0.02,0.0008156493137300245,0,0
1779347899.9173162,2026-05-21T16:18:19.917,0.01025390625,0.01806640625,1.0439453125,0.0,0.0,0.0,0.8953857421875,0.4779052734375,66.3299560546875,1.0441519779796888,0.0,1.0441308565892318,2.11213904570684e-05,0.0006567437290754333,0.02,0.0006567437290754333,0,0
1779347899.9173162,2026-05-21T16:18:19.917,0.00830078125,0.01953125,1.04296875,0.0,0.0,0.0,0.8953857421875,0.472412109375,66.3299560546875,1.0431846366643276,0.0,1.0441308565892318,0.0009462199249041792,0.0007146389682411824,0.02,0.0007146389682411824,0,0
1779347899.9173162,2026-05-21T16:18:19.917,0.00830078125,0.01806640625,1.04150390625,0.0,0.0,0.0,0.8953857421875,0.472412109375,66.33544921875,1.0416936616578596,0.0,1.0441308565892318,0.0024371949313721775,0.0010591501608673815,0.02,0.0010591501608673815,0,0
1779347899.9173162,2026-05-21T16:18:19.917,0.0087890625,0.017578125,1.04296875,0.0,0.0,0.0,0.8953857421875,0.4669189453125,66.33544921875,1.0431538964000984,0.0,1.0441305711620714,0.000976674761973051,0.0010426550810885154,0.02,0.0010426550810885154,0,0
1779347899.9173162,2026-05-21T16:18:19.917,0.0068359375,0.017578125,1.04248046875,0.0,0.0,0.0,0.8953857421875,0.46142578125,66.3409423828125,1.04265106734959,0.0,1.044130285734911,0.0014792183853211682,0.0011299677419350461,0.02,0.0011299677419350461,0,0
1779347899.9493527,2026-05-21T16:18:19.949,0.0078125,0.01806640625,1.04443359375,0.0,0.0,0.0,0.8953857421875,0.46142578125,66.3409423828125,1.0446190511112556,0.0,1.044130285734911,0.0004887653763445687,0.0010017272688169507,0.02,0.0010017272688169507,0,0
1779347899.9493527,2026-05-21T16:18:19.949,0.00830078125,0.0185546875,1.044921875,0.0,0.0,0.0,0.8953857421875,0.4559326171875,66.346435546875,1.0451195645719673,0.0,1.044130285734911,0.00098927883705624,0.0009992375824648086,0.02,0.0009992375824648086,0,0
1779347899.9493527,2026-05-21T16:18:19.949,0.00732421875,0.01806640625,1.04443359375,0.0,0.0,0.0,0.8953857421875,0.4559326171875,66.346435546875,1.0446155134635078,0.0,1.0441305711620714,0.0004849423014363641,0.0008963785262591198,0.02,0.0008963785262591198,0,0
1779347899.9493527,2026-05-21T16:18:19.949,0.009765625,0.01953125,1.0439453125,0.0,0.0,0.0,0.8953857421875,0.450439453125,66.3519287109375,1.0441736697738198,0.0,1.0441308565892318,4.281318458798644e-05,0.0007256654579248931,0.02,0.0007256654579248931,0,0
1779347899.9493527,2026-05-21T16:18:19.949,0.00830078125,0.01953125,1.04248046875,0.0,0.0,0.0,0.90087890625,0.450439453125,66.3519287109375,1.0426964565112622,0.0,1.0441308565892318,0.0014344000779695776,0.00086741238193383,0.02,0.00086741238193383,0,0
1779347899.9493527,2026-05-21T16:18:19.949,0.009765625,0.015625,1.04296875,0.0,0.0,0.0,0.90087890625,0.4449462890625,66.3519287109375,1.0431314977188653,0.0,1.0441308565892318,0.0009993588703665068,0.0008938016796203654,0.02,0.0008938016796203654,0,0
1779347899.9493527,2026-05-21T16:18:19.949,0.00830078125,0.0166015625,1.0439453125,0.0,0.0,0.0,0.90087890625,0.4449462890625,66.357421875,1.0441103056370646,0.0,1.0441305711620714,2.0265525006779583e-05,0.0007190944486976482,0.02,0.0007190944486976482,0,0
1779347899.9493527,2026-05-21T16:18:19.949,0.00927734375,0.0185546875,1.04443359375,0.0,0.0,0.0,0.90087890625,0.439453125,66.357421875,1.0446395920549911,0.0,1.044130285734911,0.0005093063200800607,0.0006771368229741307,0.02,0.0006771368229741307,0,0
1779347900.0078948,2026-05-21T16:18:20.007,0.0107421875,0.01708984375,1.041015625,0.0,0.0,0.0,0.90087890625,0.439453125,66.3629150390625,1.0412113084507992,0.0,1.0441305711620714,0.002919262711272186,0.0011255620006337418,0.02,0.0011255620006337418,0,0
1779347900.0078948,2026-05-21T16:18:20.007,0.00732421875,0.02001953125,1.04345703125,0.0,0.0,0.0,0.90087890625,0.4339599609375,66.3629150390625,1.0436747586661426,0.0,1.044130285734911,0.000455527068768502,0.0009915550142606938,0.02,0.0009915550142606938,0,0
1779347900.0078948,2026-05-21T16:18:20.007,0.00830078125,0.01953125,1.0439453125,0.0,0.0,0.0,0.90087890625,0.4339599609375,66.368408203125,1.044160997254085,0.0,1.044130285734911,3.071151917399817e-05,0.0007993863152433548,0.02,0.0007993863152433548,0,0
1779347900.0078948,2026-05-21T16:18:20.007,0.02783203125,0.03369140625,1.04833984375,0.0,0.0,0.0,0.90087890625,0.428466796875,66.368408203125,1.0492502851142704,0.0,1.044130285734911,0.0051199993793593634,0.0016635089280665565,0.02,0.0016635089280665565,0,0
1779347900.0078948,2026-05-21T16:18:20.007,0.00537109375,0.00927734375,1.04443359375,0.0,0.0,0.0,0.90087890625,0.428466796875,66.3739013671875,1.0444886066916512,0.0,1.0441305711620714,0.0003580355295798032,0.001402414248369206,0.02,0.001402414248369206,0,0
1779347900.0078948,2026-05-21T16:18:20.007,0.0126953125,0.0166015625,1.04541015625,0.0,0.0,0.0,0.90087890625,0.4229736328125,66.3739013671875,1.0456190403906978,0.0,1.0441308565892318,0.001488183801465981,0.001419568158988561,0.02,0.001419568158988561,0,0
1779347900.0078948,2026-05-21T16:18:20.007,0.009765625,0.01611328125,1.04296875,0.0,0.0,0.0,0.90087890625,0.4229736328125,66.3739013671875,1.04313892590625,0.0,1.0441308565892318,0.0009919306829817565,0.0013340406637872,0.02,0.0013340406637872,0,0
1779347900.0078948,2026-05-21T16:18:20.007,0.0107421875,0.0205078125,1.0419921875,0.0,0.0,0.0,0.90087890625,0.41748046875,66.37939453125,1.0422493385830742,0.0,1.0441308565892318,0.0018815180061575454,0.0014435361322612692,0.02,0.0014435361322612692,0,0
1779347900.0370069,2026-05-21T16:18:20.037,0.009765625,0.017578125,1.04541015625,0.0,0.0,0.0,0.90087890625,0.41748046875,66.37939453125,1.045603535141693,0.0,1.0441305711620714,0.0014729639796215999,0.0014494217017333353,0.02,0.0014494217017333353,0,0
1779347900.0370069,2026-05-21T16:18:20.037,0.0107421875,0.02001953125,1.046875,0.0,0.0,0.0,0.90087890625,0.4119873046875,66.3848876953125,1.047121502906303,0.0,1.0441308565892318,0.002990646317071244,0.001757666624800917,0.02,0.001757666624800917,0,0
1779347900.0370069,2026-05-21T16:18:20.037,0.009765625,0.0205078125,1.04248046875,0.0,0.0,0.0,0.90087890625,0.4119873046875,66.3848876953125,1.0427278962080162,0.0,1.0441308565892318,0.0014029603812155678,0.0016867253760838473,0.02,0.0016867253760838473,0,0
1779347900.0370069,2026-05-21T16:18:20.037,0.00830078125,0.01904296875,1.0439453125,0.0,0.0,0.0,0.90087890625,0.406494140625,66.390380859375,1.0441519779796888,0.0,1.0441308565892318,2.11213904570684e-05,0.0013536045789584916,0.02,0.0013536045789584916,0,0
1779347900.0370069,2026-05-21T16:18:20.037,0.00830078125,0.01953125,1.0439453125,0.0,0.0,0.0,0.9063720703125,0.406494140625,66.390380859375,1.044160997254085,0.0,1.0441308565892318,3.0140664853295362e-05,0.0010889117961374525,0.02,0.0010889117961374525,0,0
1779347900.0370069,2026-05-21T16:18:20.037,0.0078125,0.01806640625,1.04296875,0.0,0.0,0.0,0.9063720703125,0.4010009765625,66.390380859375,1.0431544677887368,0.0,1.0441308565892318,0.0009763888004949983,0.0010664071970089618,0.02,0.0010664071970089618,0,0
1779347900.0370069,2026-05-21T16:18:20.037,0.00830078125,0.017578125,1.04296875,0.0,0.0,0.0,0.9063720703125,0.4010009765625,66.3958740234375,1.043149896670866,0.0,1.0441308565892318,0.0009809599183656648,0.0010493177412803025,0.02,0.0010493177412803025,0,0
1779347900.0370069,2026-05-21T16:18:20.037,0.00634765625,0.0185546875,1.04248046875,0.0,0.0,0.0,0.9063720703125,0.3955078125,66.3958740234375,1.042664901535153,0.0,1.0441308565892318,0.0014659550540787603,0.0011326452038399942,0.02,0.0011326452038399942,0,0
1779347900.0965261,2026-05-21T16:18:20.096,0.0087890625,0.01953125,1.04541015625,0.0,0.0,0.0,0.9063720703125,0.3955078125,66.4013671875,1.0456295291052375,0.0,1.0441305711620714,0.0014989579431661237,0.0012059077517052202,0.02,0.0012059077517052202,0,0
1779347900.0965261,2026-05-21T16:18:20.096,0.00732421875,0.01806640625,1.04248046875,0.0,0.0,0.0,0.9063720703125,0.3900146484375,66.4013671875,1.0426627292371717,0.0,1.0441308565892318,0.0014681273520600335,0.0012583516717761829,0.02,0.0012583516717761829,0,0
1779347900.0965261,2026-05-21T16:18:20.096,0.0078125,0.0185546875,1.044921875,0.0,0.0,0.0,0.9063720703125,0.3900146484375,66.4068603515625,1.045115800491978,0.0,1.0441305711620714,0.000985229329906634,0.0012037272034022732,0.02,0.0012037272034022732,0,0
1779347900.0965261,2026-05-21T16:18:20.096,0.009765625,0.01806640625,1.04296875,0.0,0.0,0.0,0.9063720703125,0.384521484375,66.4068603515625,1.0431709236472195,0.0,1.0441308565892318,0.0009599329420122427,0.0011549683511242672,0.02,0.0011549683511242672,0,0
1779347900.0965261,2026-05-21T16:18:20.096,0.01025390625,0.0185546875,1.04248046875,0.0,0.0,0.0,0.9063720703125,0.384521484375,66.4068603515625,1.0426959991995874,0.0,1.0441305711620714,0.001434571962483977,0.0012108890733962092,0.02,0.0012108890733962092,0,0
1779347900.0965261,2026-05-21T16:18:20.096,0.00830078125,0.02001953125,1.04296875,0.0,0.0,0.0,0.9063720703125,0.3790283203125,66.412353515625,1.0431938928489721,0.0,1.044130285734911,0.0009363928859389414,0.0011559898359047556,0.02,0.0011559898359047556,0,0
1779347900.0965261,2026-05-21T16:18:20.096,0.00927734375,0.017578125,1.04296875,0.0,0.0,0.0,0.9063720703125,0.3790283203125,66.412353515625,1.0431581246686112,0.0,1.044130285734911,0.0009721610662998259,0.0011192240819837699,0.02,0.0011192240819837699,0,0
1779347900.0965261,2026-05-21T16:18:20.096,0.00830078125,0.017578125,1.04150390625,0.0,0.0,0.0,0.9063720703125,0.37353515625,66.4178466796875,1.0416853076538446,0.0,1.044130285734911,0.0024449780810664734,0.0013843748818003106,0.02,0.0013843748818003106,0,0
1779347900.1275282,2026-05-21T16:18:20.127,0.00830078125,0.01708984375,1.04296875,0.0,0.0,0.0,0.9063720703125,0.37353515625,66.4178466796875,1.043141782887313,0.0,1.044130285734911,0.000988502847597994,0.0013052004749598473,0.02,0.0013052004749598473,0,0
1779347900.1275282,2026-05-21T16:18:20.127,0.00830078125,0.01806640625,1.04541015625,0.0,0.0,0.0,0.9063720703125,0.3680419921875,66.4178466796875,1.0455992027516088,0.0,1.044130285734911,0.0014689170166977128,0.0013379437833074205,0.02,0.0013379437833074205,0,0
1779347900.1275282,2026-05-21T16:18:20.127,0.01025390625,0.01904296875,1.04443359375,0.0,0.0,0.0,0.9063720703125,0.3680419921875,66.42333984375,1.0446575079928049,0.0,1.044130285734911,0.0005272222578938113,0.0011757994782246987,0.02,0.0011757994782246987,0,0
1779347900.1275282,2026-05-21T16:18:20.127,0.0087890625,0.01904296875,1.0458984375,0.0,0.0,0.0,0.911865234375,0.362548828125,66.42333984375,1.0461087055575935,0.0,1.044130285734911,0.0019784198226824312,0.0013363235471162453,0.02,0.0013363235471162453,0,0
1779347900.1275282,2026-05-21T16:18:20.127,0.0087890625,0.0185546875,1.04345703125,0.0,0.0,0.0,0.911865234375,0.362548828125,66.4288330078125,1.0436589960868037,0.0,1.044130285734911,0.00047128964810738694,0.0011633167673144736,0.02,0.0011633167673144736,0,0
1779347900.1275282,2026-05-21T16:18:20.127,0.0087890625,0.01953125,1.04296875,0.0,0.0,0.0,0.911865234375,0.3570556640625,66.4288330078125,1.043188636260362,0.0,1.044130285734911,0.0009416494745491111,0.001118983308761401,0.02,0.001118983308761401,0,0
1779347900.1275282,2026-05-21T16:18:20.127,0.0087890625,0.017578125,1.0439453125,0.0,0.0,0.0,0.911865234375,0.3570556640625,66.4288330078125,1.044130285734911,0.0,1.044130285734911,0.0,0.0008951866470091208,0.02,0.0008951866470091208,0,0
1779347900.1275282,2026-05-21T16:18:20.127,0.01025390625,0.01904296875,1.04443359375,0.0,0.0,0.0,0.911865234375,0.3570556640625,66.434326171875,1.0446575079928049,0.0,1.044130285734911,0.0005272222578938113,0.0008215937691860589,0.02,0.0008215937691860589,0,0
1779347900.1570396,2026-05-21T16:18:20.157,0.00927734375,0.01806640625,1.04296875,0.0,0.0,0.0,0.911865234375,0.3515625,66.434326171875,1.043166466877846,0.0,1.044130285734911,0.0009638188570650907,0.0008500387867618654,0.02,0.0008500387867618654,0,0
1779347900.1570396,2026-05-21T16:18:20.157,0.00927734375,0.01953125,1.04541015625,0.0,0.0,0.0,0.911865234375,0.3515625,66.4398193359375,1.0456337473629413,0.0,1.044130285734911,0.0015034616280302782,0.000980723355015548,0.02,0.000980723355015548,0,0
1779347900.1570396,2026-05-21T16:18:20.157,0.00732421875,0.01611328125,1.04248046875,0.0,0.0,0.0,0.911865234375,0.3460693359375,66.4398193359375,1.042630715900006,0.0,1.044130285734911,0.0014995698349049569,0.0010844926509934298,0.02,0.0010844926509934298,0,0
1779347900.1570396,2026-05-21T16:18:20.157,0.009765625,0.0205078125,1.04248046875,0.0,0.0,0.0,0.911865234375,0.3460693359375,66.4398193359375,1.0427278962080162,0.0,1.044130285734911,0.001402389526894865,0.0011480720261737168,0.02,0.0011480720261737168,0,0
1779347900.1570396,2026-05-21T16:18:20.157,0.0087890625,0.0185546875,1.04248046875,0.0,0.0,0.0,0.911865234375,0.340576171875,66.4453125,1.0426826227443666,0.0,1.044130285734911,0.0014476629905444405,0.0012079902190478616,0.02,0.0012079902190478616,0,0
1779347900.1570396,2026-05-21T16:18:20.157,0.0087890625,0.017578125,1.04248046875,0.0,0.0,0.0,0.911865234375,0.340576171875,66.4453125,1.0426657018543213,0.0,1.044130285734911,0.001464583880589787,0.0012593089513562468,0.02,0.0012593089513562468,0,0
1779347900.1570396,2026-05-21T16:18:20.157,0.00634765625,0.017578125,1.04150390625,0.0,0.0,0.0,0.911865234375,0.3350830078125,66.4508056640625,1.0416715748989183,0.0,1.044130285734911,0.0024587108359928056,0.0014991893282835585,0.02,0.0014991893282835585,0,0
1779347900.1570396,2026-05-21T16:18:20.157,0.009765625,0.01904296875,1.04248046875,0.0,0.0,0.0,0.911865234375,0.3350830078125,66.4508056640625,1.0427001149974395,0.0,1.044130285734911,0.0014301707374715367,0.0014853856101211542,0.02,0.0014853856101211542,0,0
1779347900.1880398,2026-05-21T16:18:20.188,0.00927734375,0.0185546875,1.04296875,0.0,0.0,0.0,0.911865234375,0.32958984375,66.4508056640625,1.0431750375712796,0.0,1.044130285734911,0.0009552481636314614,0.0013793581208232158,0.02,0.0013793581208232158,0,0
1779347900.1880398,2026-05-21T16:18:20.188,0.00732421875,0.0166015625,1.0458984375,0.0,0.0,0.0,0.911865234375,0.32958984375,66.456298828125,1.0460558291136668,0.0,1.044130285734911,0.001925543378755723,0.0014885951724097173,0.02,0.0014885951724097173,0,0
1779347900.1880398,2026-05-21T16:18:20.188,0.00927734375,0.01611328125,1.04150390625,0.0,0.0,0.0,0.911865234375,0.3240966796875,66.456298828125,1.0416698582918227,0.0,1.044130285734911,0.0024604274430883866,0.0016829616265454511,0.02,0.0016829616265454511,0,0
1779347900.1880398,2026-05-21T16:18:20.188,0.00830078125,0.01708984375,1.04296875,0.0,0.0,0.0,0.9173583984375,0.3240966796875,66.4617919921875,1.043141782887313,0.0,1.044130285734911,0.000988502847597994,0.0015440698707559599,0.02,0.0015440698707559599,0,0
1779347900.1880398,2026-05-21T16:18:20.188,0.00732421875,0.01611328125,1.0439453125,0.0,0.0,0.0,0.9173583984375,0.3240966796875,66.4617919921875,1.0440953488564453,0.0,1.0441298861366246,3.4537280179325336e-05,0.0012421633526406332,0.02,0.0012421633526406332,0,0
1779347900.1880398,2026-05-21T16:18:20.188,0.00830078125,0.0185546875,1.044921875,0.0,0.0,0.0,0.9173583984375,0.318603515625,66.4617919921875,1.0451195645719673,0.0,1.0441294865383381,0.0009900780336291604,0.0011917462888383387,0.02,0.0011917462888383387,0,0
1779347900.1880398,2026-05-21T16:18:20.188,0.0087890625,0.02001953125,1.04443359375,0.0,0.0,0.0,0.9173583984375,0.318603515625,66.46728515625,1.0446624148521084,0.0,1.0441298861366246,0.0005325287154838154,0.001059902774167434,0.02,0.001059902774167434,0,0
1779347900.1880398,2026-05-21T16:18:20.188,0.00830078125,0.017578125,1.04296875,0.0,0.0,0.0,0.9173583984375,0.3131103515625,66.46728515625,1.043149896670866,0.0,1.044130285734911,0.000980389064044962,0.0010440000321429398,0.02,0.0010440000321429398,0,0
1779347900.2476456,2026-05-21T16:18:20.247,0.00927734375,0.0166015625,1.044921875,0.0,0.0,0.0,0.9173583984375,0.3131103515625,66.46728515625,1.0450949267114509,0.0,1.0441298861366246,0.0009650405748262703,0.001028208140679606,0.02,0.001028208140679606,0,0
1779347900.2476456,2026-05-21T16:18:20.247,0.0078125,0.0185546875,1.04248046875,0.0,0.0,0.0,0.9173583984375,0.3076171875,66.4727783203125,1.042674848315472,0.0,1.044130285734911,0.0014554374194390984,0.0011136539964315046,0.02,0.0011136539964315046,0,0
1779347900.2476456,2026-05-21T16:18:20.247,0.009765625,0.01611328125,1.0458984375,0.0,0.0,0.0,0.9173583984375,0.3076171875,66.4727783203125,1.046068136800478,0.0,1.0441298861366246,0.001938250663853447,0.001278573329915893,0.02,0.001278573329915893,0,0
1779347900.2476456,2026-05-21T16:18:20.247,0.00732421875,0.01806640625,1.0419921875,0.0,0.0,0.0,0.9173583984375,0.3021240234375,66.478271484375,1.042174533380145,0.0,1.044130285734911,0.0019557523547659716,0.0014140091348859088,0.02,0.0014140091348859088,0,0
1779347900.2476456,2026-05-21T16:18:20.247,0.00634765625,0.01806640625,1.04443359375,0.0,0.0,0.0,0.9173583984375,0.3021240234375,66.478271484375,1.0446091228436587,0.0,1.0441298861366246,0.00047923670703409194,0.0012270546493155456,0.02,0.0012270546493155456,0,0
1779347900.2476456,2026-05-21T16:18:20.247,0.00732421875,0.01953125,1.04443359375,0.0,0.0,0.0,0.9173583984375,0.3021240234375,66.478271484375,1.0446418743571408,0.0,1.044130285734911,0.000511588622229775,0.0010839614438983916,0.02,0.0010839614438983916,0,0
1779347900.2476456,2026-05-21T16:18:20.247,0.00927734375,0.01953125,1.044921875,0.0,0.0,0.0,0.9173583984375,0.296630859375,66.4837646484375,1.0451455705724126,0.0,1.044130285734911,0.0010152848375015733,0.001070226122619028,0.02,0.001070226122619028,0,0
1779347900.2476456,2026-05-21T16:18:20.247,0.01025390625,0.0185546875,1.04443359375,0.0,0.0,0.0,0.9173583984375,0.296630859375,66.4837646484375,1.0446487212336721,0.0,1.044130285734911,0.0005184354987610718,0.0009598679978474369,0.02,0.0009598679978474369,0,0
1779347900.2763536,2026-05-21T16:18:20.276,0.00634765625,0.0185546875,1.04443359375,0.0,0.0,0.0,0.9173583984375,0.2911376953125,66.4837646484375,1.0446176817006454,0.0,1.044130285734911,0.0004873959657343274,0.0008653735914248151,0.02,0.0008653735914248151,0,0
1779347900.2763536,2026-05-21T16:18:20.276,0.0078125,0.0185546875,1.04296875,0.0,0.0,0.0,0.9173583984375,0.2911376953125,66.4892578125,1.0431630385807558,0.0,1.044130285734911,0.000967247154155304,0.0008857483039709129,0.02,0.0008857483039709129,0,0
1779347900.2763536,2026-05-21T16:18:20.276,0.00927734375,0.01953125,1.04345703125,0.0,0.0,0.0,0.9173583984375,0.28564453125,66.4892578125,1.0436810407872137,0.0,1.044130285734911,0.0004492449476973803,0.0007984476327162064,0.02,0.0007984476327162064,0,0
1779347900.2763536,2026-05-21T16:18:20.276,0.01025390625,0.01806640625,1.0439453125,0.0,0.0,0.0,0.9173583984375,0.28564453125,66.4947509765625,1.0441519779796888,0.0,1.044130285734911,2.1692244777771208e-05,0.0006430965551285194,0.02,0.0006430965551285194,0,0
1779347900.2763536,2026-05-21T16:18:20.276,0.00927734375,0.01904296875,1.04541015625,0.0,0.0,0.0,0.9173583984375,0.28564453125,66.4947509765625,1.0456247407920867,0.0,1.044130285734911,0.0014944550571756032,0.0008133682555379363,0.02,0.0008133682555379363,0,0
1779347900.2763536,2026-05-21T16:18:20.276,0.01025390625,0.01806640625,1.04248046875,0.0,0.0,0.0,0.9173583984375,0.2801513671875,66.4947509765625,1.042687424568549,0.0,1.044130285734911,0.0014428611663621638,0.0009392668377027817,0.02,0.0009392668377027817,0,0
1779347900.2763536,2026-05-21T16:18:20.276,0.0087890625,0.0185546875,1.04541015625,0.0,0.0,0.0,0.9228515625,0.2801513671875,66.500244140625,1.045611743831572,0.0,1.044130285734911,0.0014814580966608926,0.001047705089494404,0.02,0.001047705089494404,0,0
1779347900.2763536,2026-05-21T16:18:20.276,0.00830078125,0.017578125,1.04296875,0.0,0.0,0.0,0.9228515625,0.274658203125,66.500244140625,1.043149896670866,0.0,1.044130285734911,0.000980389064044962,0.0010342418844045155,0.02,0.0010342418844045155,0,0
1779347900.3083458,2026-05-21T16:18:20.308,0.00830078125,0.0166015625,1.0439453125,0.0,0.0,0.0,0.9228515625,0.274658203125,66.500244140625,1.0441103056370646,0.0,1.044130285734911,1.998009784642818e-05,0.0008313895270928982,0.02,0.0008313895270928982,0,0
1779347900.3083458,2026-05-21T16:18:20.308,0.01025390625,0.01611328125,1.044921875,0.0,0.0,0.0,0.9228515625,0.274658203125,66.5057373046875,1.0450964095620754,0.0,1.044130285734911,0.0009661238271643224,0.0008583363871071831,0.02,0.0008583363871071831,0,0
1779347900.3083458,2026-05-21T16:18:20.308,0.0068359375,0.017578125,1.04443359375,0.0,0.0,0.0,0.9228515625,0.2691650390625,66.5057373046875,1.0446038733766785,0.0,1.044130285734911,0.0004735876417674145,0.0007813866380392295,0.02,0.0007813866380392295,0,0
1779347900.3083458,2026-05-21T16:18:20.308,0.0068359375,0.0185546875,1.0439453125,0.0,0.0,0.0,0.9228515625,0.2691650390625,66.51123046875,1.0441325691503207,0.0,1.044130285734911,2.2834154096429415e-06,0.0006255659935133123,0.02,0.0006255659935133123,0,0
1779347900.3083458,2026-05-21T16:18:20.308,0.0087890625,0.0166015625,1.0439453125,0.0,0.0,0.0,0.9228515625,0.263671875,66.51123046875,1.044114301687221,0.0,1.044130285734911,1.5984047690098535e-05,0.0005036496043486696,0.02,0.0005036496043486696,0,0
1779347900.3083458,2026-05-21T16:18:20.308,0.0087890625,0.01708984375,1.04443359375,0.0,0.0,0.0,0.9228515625,0.263671875,66.51123046875,1.044610378147072,0.0,1.044130285734911,0.0004800924121608485,0.0004989381659111055,0.02,0.0004989381659111055,0,0
1779347900.3083458,2026-05-21T16:18:20.308,0.0068359375,0.01806640625,1.044921875,0.0,0.0,0.0,0.9228515625,0.2581787109375,66.5167236328125,1.0451004018417607,0.0,1.044130285734911,0.0009701161068496056,0.0005931737540988055,0.02,0.0005931737540988055,0,0
1779347900.3083458,2026-05-21T16:18:20.308,0.00830078125,0.0185546875,1.04248046875,0.0,0.0,0.0,0.9228515625,0.2581787109375,66.5167236328125,1.0426786212073222,0.0,1.044130285734911,0.0014516645275888251,0.0007648719087968095,0.02,0.0007648719087968095,0,0
1779347900.3683953,2026-05-21T16:18:20.368,0.00830078125,0.01708984375,1.0439453125,0.0,0.0,0.0,0.9228515625,0.2581787109375,66.5167236328125,1.0441181835498712,0.0,1.044130285734911,1.2102185039886137e-05,0.0006143179640454249,0.02,0.0006143179640454249,0,0
1779347900.3683953,2026-05-21T16:18:20.368,0.01123046875,0.01806640625,1.04443359375,0.0,0.0,0.0,0.9228515625,0.252685546875,66.522216796875,1.0446502047176724,0.0,1.044130285734911,0.0005199189827613804,0.000595438167788616,0.02,0.000595438167788616,0,0
1779347900.3683953,2026-05-21T16:18:20.368,0.0087890625,0.01953125,1.0439453125,0.0,0.0,0.0,0.9228515625,0.252685546875,66.522216796875,1.044164993110243,0.0,1.044130285734911,3.470737533195489e-05,0.0004832920092972838,0.02,0.0004832920092972838,0,0
1779347900.3683953,2026-05-21T16:18:20.368,0.00732421875,0.0166015625,1.044921875,0.0,0.0,0.0,0.9228515625,0.2471923828125,66.522216796875,1.0450794136864696,0.0,1.044130285734911,0.0009491279515585482,0.0005764591977495367,0.02,0.0005764591977495367,0,0
1779347900.3683953,2026-05-21T16:18:20.368,0.0078125,0.0166015625,1.04345703125,0.0,0.0,0.0,0.9228515625,0.2471923828125,66.5277099609375,1.0436183321017098,0.0,1.044130285734911,0.0005119536332012231,0.000563558084839874,0.02,0.000563558084839874,0,0
1779347900.3683953,2026-05-21T16:18:20.368,0.0068359375,0.01904296875,1.04638671875,0.0,0.0,0.0,0.9228515625,0.2471923828125,66.5277099609375,1.0465823091743474,0.0,1.044130285734911,0.0024520234394362905,0.0009412511557591574,0.02,0.0009412511557591574,0,0
1779347900.3683953,2026-05-21T16:18:20.368,0.0078125,0.0166015625,1.0419921875,0.0,0.0,0.0,0.9228515625,0.24169921875,66.5277099609375,1.042153715075049,0.0,1.044130285734911,0.001976570659862009,0.001148315056579728,0.02,0.001148315056579728,0,0
1779347900.3683953,2026-05-21T16:18:20.368,0.00830078125,0.01904296875,1.04248046875,0.0,0.0,0.0,0.9228515625,0.24169921875,66.533203125,1.042687424568549,0.0,1.044130285734911,0.0014428611663621638,0.0012072242785362152,0.02,0.0012072242785362152,0,0
1779347900.4294202,2026-05-21T16:18:20.429,0.009765625,0.01953125,1.0439453125,0.0,0.0,0.0,0.9228515625,0.2362060546875,66.533203125,1.0441736697738198,0.0,1.044130285734911,4.338403890868925e-05,0.0009744562306107101,0.02,0.0009744562306107101,0,0
1779347900.4294202,2026-05-21T16:18:20.429,0.00830078125,0.02001953125,1.04638671875,0.0,0.0,0.0,0.9228515625,0.2362060546875,66.533203125,1.0466111263393016,0.0,1.044130285734911,0.0024808406043905773,0.0012757331053666835,0.02,0.0012757331053666835,0,0
1779347900.4294202,2026-05-21T16:18:20.429,0.0078125,0.02001953125,1.0439453125,0.0,0.0,0.0,0.9228515625,0.2362060546875,66.5386962890625,1.044166477281493,0.0,1.044130285734911,3.6191546581854084e-05,0.0010278247936097178,0.02,0.0010278247936097178,0,0
1779347900.4294202,2026-05-21T16:18:20.429,0.00732421875,0.0185546875,1.04296875,0.0,0.0,0.0,0.9228515625,0.230712890625,66.5386962890625,1.043159495995259,0.0,1.044130285734911,0.0009707897396520337,0.001016417782818181,0.02,0.001016417782818181,0,0
1779347900.4294202,2026-05-21T16:18:20.429,0.01025390625,0.01904296875,1.04296875,0.0,0.0,0.0,0.9228515625,0.230712890625,66.544189453125,1.0431929786615513,0.0,1.044130285734911,0.0009373070733598166,0.0010005956409265082,0.02,0.0010005956409265082,0,0
1779347900.4294202,2026-05-21T16:18:20.429,0.0107421875,0.01806640625,1.044921875,0.0,0.0,0.0,0.9283447265625,0.230712890625,66.544189453125,1.0451332520212868,0.0,1.044130285734911,0.0010029662863757505,0.0010010697700163567,0.02,0.0010010697700163567,0,0
1779347900.4294202,2026-05-21T16:18:20.429,0.01123046875,0.01806640625,1.04345703125,0.0,0.0,0.0,0.9283447265625,0.2252197265625,66.544189453125,1.0436738448999276,0.0,1.044130285734911,0.00045644083498341814,0.000892143983009769,0.02,0.000892143983009769,0,0
1779347900.4294202,2026-05-21T16:18:20.429,0.009765625,0.0185546875,1.04296875,0.0,0.0,0.0,0.9283447265625,0.2252197265625,66.5496826171875,1.0431794943040367,0.0,1.044130285734911,0.0009507914308743981,0.0009038734725826949,0.02,0.0009038734725826949,0,0
1779347900.4294202,2026-05-21T16:18:20.429,0.009765625,0.01904296875,1.0439453125,0.0,0.0,0.0,0.9283447265625,0.2197265625,66.5496826171875,1.044164650608886,0.0,1.044130285734911,3.43648739749014e-05,0.0007299717528611362,0.02,0.0007299717528611362,0,0
1779347900.4294202,2026-05-21T16:18:20.429,0.0087890625,0.0185546875,1.04443359375,0.0,0.0,0.0,0.9283447265625,0.2197265625,66.5496826171875,1.044635369782869,0.0,1.044130285734911,0.0005050840479579044,0.0006849942118804899,0.02,0.0006849942118804899,0,0
1779347900.4294202,2026-05-21T16:18:20.429,0.0087890625,0.0205078125,1.04296875,0.0,0.0,0.0,0.9283447265625,0.2197265625,66.55517578125,1.043207377020373,0.0,1.044130285734911,0.0009229087145381509,0.0007325771124120222,0.02,0.0007325771124120222,0,0
1779347900.4294202,2026-05-21T16:18:20.429,0.0087890625,0.01806640625,1.0439453125,0.0,0.0,0.0,0.9283447265625,0.2142333984375,66.55517578125,1.0441386201770058,0.0,1.044130285734911,8.334442094692918e-06,0.0005877285783485564,0.02,0.0005877285783485564,0,0
1779347900.4294202,2026-05-21T16:18:20.429,0.0087890625,0.017578125,1.0439453125,0.0,0.0,0.0,0.9283447265625,0.2142333984375,66.55517578125,1.044130285734911,0.0,1.044130285734911,0.0,0.0004701828626788451,0.02,0.0004701828626788451,0,0
1779347900.4294202,2026-05-21T16:18:20.429,0.00732421875,0.01708984375,1.044921875,0.0,0.0,0.0,0.9283447265625,0.208740234375,66.5606689453125,1.0450872842940981,0.0,1.044130285734911,0.0009569985591870722,0.0005675460019804906,0.02,0.0005675460019804906,0,0
1779347900.4294202,2026-05-21T16:18:20.429,0.0078125,0.01904296875,1.04443359375,0.0,0.0,0.0,0.9283447265625,0.208740234375,66.5606689453125,1.0446363968236045,0.0,1.044130285734911,0.0005061110886934728,0.0005552590193230871,0.02,0.0005552590193230871,0,0
1779347900.4294202,2026-05-21T16:18:20.429,0.0078125,0.0185546875,1.0439453125,0.0,0.0,0.0,0.9283447265625,0.208740234375,66.5606689453125,1.0441394193665878,0.0,1.044130285734911,9.133631676760956e-06,0.0004460339417938219,0.02,0.0004460339417938219,0,0
1779347900.4929192,2026-05-21T16:18:20.492,0.01025390625,0.017578125,1.04248046875,0.0,0.0,0.0,0.9283447265625,0.2032470703125,66.566162109375,1.042679078526619,0.0,1.044130285734911,0.0014512072082921712,0.0006470685950934918,0.02,0.0006470685950934918,0,0
1779347900.4929192,2026-05-21T16:18:20.492,0.0068359375,0.0185546875,1.044921875,0.0,0.0,0.0,0.9283447265625,0.2032470703125,66.566162109375,1.0451089566754475,0.0,1.044130285734911,0.0009786709405363858,0.0007133890641820707,0.02,0.0007133890641820707,0,0
1779347900.4929192,2026-05-21T16:18:20.492,0.0078125,0.017578125,1.04443359375,0.0,0.0,0.0,0.9283447265625,0.2032470703125,66.566162109375,1.0446107205022863,0.0,1.044130285734911,0.0004804347673752485,0.0006667982048207063,0.02,0.0006667982048207063,0,0
1779347900.4929192,2026-05-21T16:18:20.492,0.0078125,0.0166015625,1.0439453125,0.0,0.0,0.0,0.9283447265625,0.19775390625,66.5716552734375,1.0441065379186236,0.0,1.044130285734911,2.3747816287444934e-05,0.0005381881271140541,0.02,0.0005381881271140541,0,0
1779347900.4929192,2026-05-21T16:18:20.492,0.00830078125,0.0205078125,1.04638671875,0.0,0.0,0.0,0.9283447265625,0.19775390625,66.5716552734375,1.04662058001899,0.0,1.044130285734911,0.0024902942840789866,0.0009286093585070406,0.02,0.0009286093585070406,0,0
1779347900.4929192,2026-05-21T16:18:20.492,0.01025390625,0.0185546875,1.04296875,0.0,0.0,0.0,0.9283447265625,0.1922607421875,66.5716552734375,1.0431841795666617,0.0,1.044130285734911,0.0009461061682494165,0.0009321087204555158,0.02,0.0009321087204555158,0,0
1779347900.4929192,2026-05-21T16:18:20.492,0.009765625,0.01708984375,1.04443359375,0.0,0.0,0.0,0.9283447265625,0.1922607421875,66.5771484375,1.0446190511112556,0.0,1.044130285734911,0.0004887653763445687,0.0008434400516333264,0.02,0.0008434400516333264,0,0
1779347900.4929192,2026-05-21T16:18:20.492,0.00732421875,0.01611328125,1.0458984375,0.0,0.0,0.0,0.9283447265625,0.1922607421875,66.5771484375,1.046048193716657,0.0,1.044130285734911,0.0019179079817459588,0.0010583336376558529,0.02,0.0010583336376558529,0,0
1779347900.5169158,2026-05-21T16:18:20.516,0.00830078125,0.01806640625,1.0419921875,0.0,0.0,0.0,0.9283447265625,0.186767578125,66.5771484375,1.042181854003986,0.0,1.0441305711620714,0.0019487171580854223,0.001236410341741767,0.02,0.001236410341741767,0,0
1779347900.5169158,2026-05-21T16:18:20.516,0.00927734375,0.0185546875,1.044921875,0.0,0.0,0.0,0.9283447265625,0.186767578125,66.5771484375,1.0451277770630698,0.0,1.044130285734911,0.0009974913281587394,0.0011886265390251614,0.02,0.0011886265390251614,0,0
1779347900.5169158,2026-05-21T16:18:20.516,0.009765625,0.017578125,1.04248046875,0.0,0.0,0.0,0.933837890625,0.186767578125,66.5826416015625,1.04267439099432,0.0,1.0441305711620714,0.0014561801677515085,0.0012421372647704308,0.02,0.0012421372647704308,0,0
1779347900.5169158,2026-05-21T16:18:20.516,0.00830078125,0.0185546875,1.04248046875,0.0,0.0,0.0,0.933837890625,0.1812744140625,66.5826416015625,1.0426786212073222,0.0,1.044130285734911,0.0014516645275888251,0.0012840427173341096,0.02,0.0012840427173341096,0,0
1779347900.5169158,2026-05-21T16:18:20.516,0.01025390625,0.015625,1.04150390625,0.0,0.0,0.0,0.933837890625,0.1812744140625,66.5826416015625,1.0416715748989183,0.0,1.044130285734911,0.0024587108359928056,0.0015189763410658487,0.02,0.0015189763410658487,0,0
1779347900.5169158,2026-05-21T16:18:20.516,0.01025390625,0.01904296875,1.0419921875,0.0,0.0,0.0,0.933837890625,0.17578125,66.588134765625,1.042216626265016,0.0,1.044130285734911,0.0019136594698949683,0.0015979129668316728,0.02,0.0015979129668316728,0,0
1779347900.5169158,2026-05-21T16:18:20.516,0.0107421875,0.017578125,1.04296875,0.0,0.0,0.0,0.933837890625,0.17578125,66.588134765625,1.0431721806812926,0.0,1.044130285734911,0.0009581050536184854,0.0014699513841890353,0.02,0.0014699513841890353,0,0
1779347900.5169158,2026-05-21T16:18:20.516,0.00732421875,0.017578125,1.0458984375,0.0,0.0,0.0,0.933837890625,0.17578125,66.588134765625,1.0460717834946869,0.0,1.044130285734911,0.001941497759775812,0.0015642606593063908,0.02,0.0015642606593063908,0,0
1779347900.5549493,2026-05-21T16:18:20.554,0.009765625,0.01708984375,1.0458984375,0.0,0.0,0.0,0.933837890625,0.1702880859375,66.5936279296875,1.0460836351630693,0.0,1.044130285734911,0.0019533494281582797,0.0016420784130767685,0.02,0.0016420784130767685,0,0
1779347900.5549493,2026-05-21T16:18:20.554,0.0078125,0.01806640625,1.0458984375,0.0,0.0,0.0,0.933837890625,0.1702880859375,66.5936279296875,1.0460836351630693,0.0,1.044130285734911,0.0019533494281582797,0.001704332616093071,0.02,0.001704332616093071,0,0
1779347900.5549493,2026-05-21T16:18:20.554,0.0078125,0.01904296875,1.0439453125,0.0,0.0,0.0,0.933837890625,0.1702880859375,66.5936279296875,1.0441482104116189,0.0,1.044130285734911,1.79246767078034e-05,0.0013670510282160176,0.02,0.0013670510282160176,0,0
1779347900.5549493,2026-05-21T16:18:20.554,0.00732421875,0.0166015625,1.04150390625,0.0,0.0,0.0,0.933837890625,0.164794921875,66.59912109375,1.0416619618627474,0.0,1.044130285734911,0.002468323872163669,0.001587305597005548,0.02,0.001587305597005548,0,0
1779347900.5549493,2026-05-21T16:18:20.554,0.0087890625,0.01708984375,1.04052734375,0.0,0.0,0.0,0.933837890625,0.164794921875,66.59912109375,1.0407047917014982,0.0,1.044130285734911,0.003425494033412857,0.00195494328428701,0.02,0.00195494328428701,0,0
1779347900.5549493,2026-05-21T16:18:20.554,0.00830078125,0.0185546875,1.044921875,0.0,0.0,0.0,0.933837890625,0.164794921875,66.59912109375,1.0451195645719673,0.0,1.044130285734911,0.00098927883705624,0.0017618103948408561,0.02,0.0017618103948408561,0,0
1779347900.5549493,2026-05-21T16:18:20.554,0.0078125,0.017578125,1.044921875,0.0,0.0,0.0,0.933837890625,0.1593017578125,66.6046142578125,1.0450989189968007,0.0,1.044130285734911,0.0009686332618896731,0.0016031749682506196,0.02,0.0016031749682506196,0,0
1779347900.5549493,2026-05-21T16:18:20.554,0.0078125,0.01708984375,1.0439453125,0.0,0.0,0.0,0.933837890625,0.1593017578125,66.6046142578125,1.0441144158598579,0.0,1.044130285734911,1.5869875053198257e-05,0.0012857139496111356,0.02,0.0012857139496111356,0,0
1779347900.6387584,2026-05-21T16:18:20.638,0.00927734375,0.01513671875,1.046875,0.0,0.0,0.0,0.933837890625,0.15380859375,66.6046142578125,1.0470255273805755,0.0,1.044130285734911,0.002895241645664459,0.0016076194888218001,0.02,0.0016076194888218001,0,0
1779347900.6387584,2026-05-21T16:18:20.638,0.01025390625,0.0185546875,1.04345703125,0.0,0.0,0.0,0.933837890625,0.15380859375,66.6046142578125,1.043672360028122,0.0,1.044130285734911,0.0004579257067891529,0.0013776807324152706,0.02,0.0013776807324152706,0,0
1779347900.6387584,2026-05-21T16:18:20.638,0.009765625,0.01611328125,1.0419921875,0.0,0.0,0.0,0.933837890625,0.15380859375,66.610107421875,1.0421625228702658,0.0,1.044130285734911,0.001967762864645284,0.0014956971588612734,0.02,0.0014956971588612734,0,0
1779347900.6387584,2026-05-21T16:18:20.638,0.0078125,0.01904296875,1.04345703125,0.0,0.0,0.0,0.933837890625,0.1483154296875,66.610107421875,1.0436600240883651,0.0,1.044130285734911,0.00047026164654595526,0.0012906100563982099,0.02,0.0012906100563982099,0,0
1779347900.6387584,2026-05-21T16:18:20.638,0.00927734375,0.01953125,1.04345703125,0.0,0.0,0.0,0.933837890625,0.1483154296875,66.610107421875,1.0436810407872137,0.0,1.044130285734911,0.0004492449476973803,0.001122337034658044,0.02,0.001122337034658044,0,0
1779347900.6387584,2026-05-21T16:18:20.638,0.0087890625,0.0166015625,1.04296875,0.0,0.0,0.0,0.933837890625,0.1483154296875,66.6156005859375,1.0431378973911516,0.0,1.044130285734911,0.000992388343759476,0.0010963472964783305,0.02,0.0010963472964783305,0,0
1779347900.6387584,2026-05-21T16:18:20.638,0.00830078125,0.01806640625,1.0419921875,0.0,0.0,0.0,0.933837890625,0.142822265625,66.6156005859375,1.042181854003986,0.0,1.044130285734911,0.001948431730925071,0.0012667641833676788,0.02,0.0012667641833676788,0,0
1779347900.6387584,2026-05-21T16:18:20.638,0.00732421875,0.01904296875,1.04443359375,0.0,0.0,0.0,0.933837890625,0.142822265625,66.6156005859375,1.044632859234598,0.0,1.044130285734911,0.0005025734996868536,0.0011139260466315139,0.02,0.0011139260466315139,0,0
1779347900.6387584,2026-05-21T16:18:20.638,0.00927734375,0.02099609375,1.04345703125,0.0,0.0,0.0,0.933837890625,0.142822265625,66.62109375,1.043709481189511,0.0,1.044130285734911,0.0004208045454001663,0.0009753017463852444,0.02,0.0009753017463852444,0,0
1779347900.6387584,2026-05-21T16:18:20.638,0.0078125,0.01953125,1.04345703125,0.0,0.0,0.0,0.933837890625,0.1373291015625,66.62109375,1.0436690476141735,0.0,1.044130285734911,0.00046123812073761705,0.000872489021255719,0.02,0.000872489021255719,0,0
1779347900.6387584,2026-05-21T16:18:20.638,0.005859375,0.01708984375,1.04345703125,0.0,0.0,0.0,0.933837890625,0.1373291015625,66.62109375,1.0436134203333405,0.0,1.044130285734911,0.0005168654015705876,0.0008013642973186928,0.02,0.0008013642973186928,0,0
1779347900.6387584,2026-05-21T16:18:20.638,0.0107421875,0.01708984375,1.0439453125,0.0,0.0,0.0,0.933837890625,0.1373291015625,66.6265869140625,1.0441404468951518,0.0,1.044130285734911,1.0161160240773626e-05,0.000643123669903109,0.02,0.000643123669903109,0,0
1779347900.6397386,2026-05-21T16:18:20.639,0.00927734375,0.01611328125,1.04248046875,0.0,0.0,0.0,0.933837890625,0.1318359375,66.6265869140625,1.0426462653579673,0.0,1.044130285734911,0.0014840203769437288,0.000811303011311233,0.02,0.000811303011311233,0,0
1779347900.6397386,2026-05-21T16:18:20.639,0.0107421875,0.01806640625,1.04345703125,0.0,0.0,0.0,0.933837890625,0.1318359375,66.6265869140625,1.0436687049500615,0.0,1.044130285734911,0.0004615807848495912,0.0007413585660189046,0.02,0.0007413585660189046,0,0
1779347900.6397386,2026-05-21T16:18:20.639,0.00927734375,0.0166015625,1.04443359375,0.0,0.0,0.0,0.933837890625,0.1318359375,66.6265869140625,1.044606726351136,0.0,1.044130285734911,0.00047644061622498235,0.0006883749760601202,0.02,0.0006883749760601202,0,0
1779347900.6397386,2026-05-21T16:18:20.639,0.00830078125,0.02001953125,1.04541015625,0.0,0.0,0.0,0.9393310546875,0.1263427734375,66.632080078125,1.045634773423053,0.0,1.044130285734911,0.0015044876881420421,0.0008515975184765046,0.02,0.0008515975184765046,0,0
1779347900.6970716,2026-05-21T16:18:20.697,0.0107421875,0.01708984375,1.04541015625,0.0,0.0,0.0,0.9393310546875,0.1263427734375,66.632080078125,1.0456050172710218,0.0,1.044130285734911,0.0014747315361107738,0.0009762243220033585,0.02,0.0009762243220033585,0,0
1779347900.6970716,2026-05-21T16:18:20.697,0.0087890625,0.01904296875,1.04443359375,0.0,0.0,0.0,0.9393310546875,0.1263427734375,66.632080078125,1.044644156654304,0.0,1.044130285734911,0.0005138709193930335,0.0008837536414812936,0.02,0.0008837536414812936,0,0
1779347900.6970716,2026-05-21T16:18:20.697,0.00830078125,0.0166015625,1.04248046875,0.0,0.0,0.0,0.9393310546875,0.120849609375,66.6375732421875,1.0426456936908248,0.0,1.044130285734911,0.0014845920440862415,0.0010039213220022832,0.02,0.0010039213220022832,0,0
1779347900.6970716,2026-05-21T16:18:20.697,0.0068359375,0.017578125,1.0419921875,0.0,0.0,0.0,0.9393310546875,0.120849609375,66.6375732421875,1.0421628660296118,0.0,1.044130285734911,0.0019674197052992337,0.0011966209986616733,0.02,0.0011966209986616733,0,0
1779347900.6970716,2026-05-21T16:18:20.697,0.00634765625,0.0166015625,1.04345703125,0.0,0.0,0.0,0.9393310546875,0.120849609375,66.6375732421875,1.0436083943138696,0.0,1.044130285734911,0.0005218914210414205,0.0010616750831376229,0.02,0.0010616750831376229,0,0
1779347900.6970716,2026-05-21T16:18:20.697,0.00634765625,0.01708984375,1.044921875,0.0,0.0,0.0,0.9393310546875,0.1153564453125,66.6375732421875,1.0450808965591052,0.0,1.044130285734911,0.0009506108241941202,0.0010394622313489223,0.02,0.0010394622313489223,0,0
1779347900.6970716,2026-05-21T16:18:20.697,0.00537109375,0.01708984375,1.0439453125,0.0,0.0,0.0,0.9393310546875,0.1153564453125,66.64306640625,1.044099002440953,0.0,1.044130285734911,3.1283293957962144e-05,0.0008378264438707303,0.02,0.0008378264438707303,0,0
1779347900.6970716,2026-05-21T16:18:20.697,0.0078125,0.0185546875,1.04541015625,0.0,0.0,0.0,0.9393310546875,0.1153564453125,66.64306640625,1.0456039911817103,0.0,1.044130285734911,0.001473705446799256,0.0009650022444564355,0.02,0.0009650022444564355,0,0
1779347900.7565894,2026-05-21T16:18:20.756,0.0078125,0.01806640625,1.04443359375,0.0,0.0,0.0,0.9393310546875,0.10986328125,66.64306640625,1.0446190511112556,0.0,1.044130285734911,0.0004887653763445687,0.0008697548708340622,0.02,0.0008697548708340622,0,0
1779347900.7565894,2026-05-21T16:18:20.756,0.00830078125,0.0185546875,1.04443359375,0.0,0.0,0.0,0.9393310546875,0.10986328125,66.6485595703125,1.0446313757259653,0.0,1.044130285734911,0.0005010899910542488,0.0007960218948780996,0.02,0.0007960218948780996,0,0
1779347900.7565894,2026-05-21T16:18:20.756,0.0078125,0.01806640625,1.04296875,0.0,0.0,0.0,0.9393310546875,0.10986328125,66.6485595703125,1.0431544677887368,0.0,1.044130285734911,0.0009758179461742955,0.0008319811051373388,0.02,0.0008319811051373388,0,0
1779347900.7565894,2026-05-21T16:18:20.756,0.00732421875,0.0185546875,1.0478515625,0.0,0.0,0.0,0.9393310546875,0.1043701171875,66.6485595703125,1.0480414198123145,0.0,1.044130285734911,0.0039111340774034,0.001447811699590551,0.02,0.001447811699590551,0,0
1779347900.7565894,2026-05-21T16:18:20.756,0.0078125,0.01904296875,1.0458984375,0.0,0.0,0.0,0.9393310546875,0.1043701171875,66.6485595703125,1.0461009565907131,0.0,1.044130285734911,0.001970670855802048,0.0015523835308328506,0.02,0.0015523835308328506,0,0
1779347900.7565894,2026-05-21T16:18:20.756,0.0078125,0.02099609375,1.0439453125,0.0,0.0,0.0,0.9393310546875,0.1043701171875,66.654052734375,1.0441856571509358,0.0,1.044130285734911,5.537141602474094e-05,0.001252981107871229,0.02,0.001252981107871229,0,0
1779347900.7565894,2026-05-21T16:18:20.756,0.01025390625,0.01806640625,1.04541015625,0.0,0.0,0.0,0.9393310546875,0.098876953125,66.654052734375,1.0456165322042412,0.0,1.044130285734911,0.0014862464693301547,0.001299634180163014,0.02,0.001299634180163014,0,0
1779347900.7565894,2026-05-21T16:18:20.756,0.00634765625,0.017578125,1.04345703125,0.0,0.0,0.0,0.9393310546875,0.098876953125,66.654052734375,1.043624386109987,0.0,1.044130285734911,0.0005058996249240888,0.0011408872691152292,0.02,0.0011408872691152292,0,0
1779347900.7615886,2026-05-21T16:18:20.761,0.0107421875,0.017578125,1.04443359375,0.0,0.0,0.0,0.9393310546875,0.098876953125,66.6595458984375,1.044636739170292,0.0,1.044130285734911,0.0005064534353809158,0.0010140005023683667,0.02,0.0010140005023683667,0,0
1779347900.7615886,2026-05-21T16:18:20.761,0.00927734375,0.01611328125,1.04345703125,0.0,0.0,0.0,0.9393310546875,0.0933837890625,66.6595458984375,1.043622672714981,0.0,1.044130285734911,0.0005076130199299644,0.0009127230058806863,0.02,0.0009127230058806863,0,0
1779347900.7615886,2026-05-21T16:18:20.761,0.009765625,0.01806640625,1.04345703125,0.0,0.0,0.0,0.9393310546875,0.0933837890625,66.6595458984375,1.0436591103092494,0.0,1.044130285734911,0.00047117542566166293,0.0008244134898368817,0.02,0.0008244134898368817,0,0
1779347900.7615886,2026-05-21T16:18:20.761,0.00732421875,0.02001953125,1.0439453125,0.0,0.0,0.0,0.9393310546875,0.0933837890625,66.6595458984375,1.0441629381004145,0.0,1.044130285734911,3.2652365503427205e-05,0.0006660612649701909,0.02,0.0006660612649701909,0,0
1779347900.7615886,2026-05-21T16:18:20.761,0.00732421875,0.01806640625,1.04345703125,0.0,0.0,0.0,0.9393310546875,0.0933837890625,66.6650390625,1.043639121190918,0.0,1.044130285734911,0.0004911645439931167,0.0006310819207747761,0.02,0.0006310819207747761,0,0
1779347900.7615886,2026-05-21T16:18:20.761,0.00927734375,0.01708984375,1.0439453125,0.0,0.0,0.0,0.9393310546875,0.087890625,66.6650390625,1.0441264039172544,0.0,1.044130285734911,3.881817656647968e-06,0.0005056419001511505,0.02,0.0005056419001511505,0,0
1779347900.7615886,2026-05-21T16:18:20.761,0.00927734375,0.01708984375,1.04296875,0.0,0.0,0.0,0.9393310546875,0.087890625,66.6650390625,1.043150010949057,0.0,1.044130285734911,0.0009802747858540517,0.0006005684772917308,0.02,0.0006005684772917308,0,0
1779347900.7615886,2026-05-21T16:18:20.761,0.01318359375,0.0224609375,1.0322265625,0.0,0.0,0.0,0.9393310546875,0.087890625,66.6650390625,1.0325550722301016,0.0,1.044130285734911,0.0115752135048095,0.0027954974827952847,0.02,0.0027954974827952847,0,0
1779347900.8177314,2026-05-21T16:18:20.817,0.0009765625,0.00048828125,1.0283203125,0.0,0.0,0.0,0.9393310546875,0.0823974609375,66.6705322265625,1.0283208921309501,0.0,1.044130285734911,0.01580939360396094,0.005398276707028416,0.02,0.005398276707028416,0,0
1779347900.8177314,2026-05-21T16:18:20.817,0.013671875,0.01171875,1.04833984375,0.0,0.0,0.0,0.9393310546875,0.0823974609375,66.6705322265625,1.048494481273675,0.0,1.044130285734911,0.004364195538763882,0.00519146047337551,0.02,0.00519146047337551,0,0
1779347900.8177314,2026-05-21T16:18:20.817,0.01513671875,0.0107421875,1.05224609375,0.0,0.0,0.0,0.9393310546875,0.0823974609375,66.6705322265625,1.0524097855203245,0.0,1.044130285734911,0.008279499785413424,0.005809068335783093,0.02,0.005809068335783093,0,0
1779347900.8177314,2026-05-21T16:18:20.817,0.01171875,0.0185546875,1.04150390625,0.0,0.0,0.0,0.9393310546875,0.076904296875,66.676025390625,1.0417350873728857,0.0,1.044130285734911,0.002395198362025397,0.005126294341031554,0.02,0.005126294341031554,0,0
1779347900.8177314,2026-05-21T16:18:20.817,0.01171875,0.01513671875,1.041015625,0.0,0.0,0.0,0.9393310546875,0.076904296875,66.676025390625,1.0411916158182506,0.0,1.044130285734911,0.0029386699166604746,0.004688769456157338,0.02,0.004688769456157338,0,0
1779347900.8177314,2026-05-21T16:18:20.817,0.01025390625,0.0166015625,1.04345703125,0.0,0.0,0.0,0.9393310546875,0.076904296875,66.676025390625,1.0436394638647433,0.0,1.044130285734911,0.0004908218701678013,0.003849179938959431,0.02,0.003849179938959431,0,0
1779347900.8177314,2026-05-21T16:18:20.817,0.00732421875,0.015625,1.04443359375,0.0,0.0,0.0,0.9393310546875,0.0714111328125,66.676025390625,1.0445761420589874,0.0,1.044130285734911,0.00044585632407634357,0.0031685152159828135,0.02,0.0031685152159828135,0,0
1779347900.8177314,2026-05-21T16:18:20.817,0.0078125,0.0185546875,1.04150390625,0.0,0.0,0.0,0.9393310546875,0.0714111328125,66.6815185546875,1.0416984680407673,0.0,1.044130285734911,0.0024318176941438008,0.0030211757116150114,0.02,0.0030211757116150114,0,0
1779347900.8467603,2026-05-21T16:18:20.846,0.00732421875,0.0185546875,1.04150390625,0.0,0.0,0.0,0.9393310546875,0.0714111328125,66.6815185546875,1.041694920474574,0.0,1.044130285734911,0.0024353652603370524,0.0029040136213594196,0.02,0.0029040136213594196,0,0
1779347900.8467603,2026-05-21T16:18:20.846,0.00927734375,0.0185546875,1.044921875,0.0,0.0,0.0,0.9393310546875,0.06591796875,66.6815185546875,1.0451277770630698,0.0,1.044130285734911,0.0009974913281587394,0.0025227091627192835,0.02,0.0025227091627192835,0,0
1779347900.8467603,2026-05-21T16:18:20.846,0.00732421875,0.01904296875,1.046875,0.0,0.0,0.0,0.9393310546875,0.06591796875,66.6815185546875,1.0470738008679767,0.0,1.044130285734911,0.0029435151330656772,0.0026068703567885625,0.02,0.0026068703567885625,0,0
1779347900.8467603,2026-05-21T16:18:20.846,0.0087890625,0.01904296875,1.0439453125,0.0,0.0,0.0,0.9393310546875,0.06591796875,66.68701171875,1.0441559738703625,0.0,1.044130285734911,2.5688135451451544e-05,0.0020906339125211404,0.02,0.0020906339125211404,0,0
1779347900.8467603,2026-05-21T16:18:20.846,0.00927734375,0.01806640625,1.0419921875,0.0,0.0,0.0,0.9393310546875,0.06591796875,66.68701171875,1.0421900896443417,0.0,1.044130285734911,0.0019401960905693905,0.0020605463481307906,0.02,0.0020605463481307906,0,0
1779347900.8467603,2026-05-21T16:18:20.846,0.0068359375,0.01806640625,1.04296875,0.0,0.0,0.0,0.9393310546875,0.0604248046875,66.68701171875,1.0431476111044191,0.0,1.044130285734911,0.0009826746304919531,0.001844972004603023,0.02,0.001844972004603023,0,0
1779347900.8467603,2026-05-21T16:18:20.846,0.0087890625,0.02001953125,1.04345703125,0.0,0.0,0.0,0.9393310546875,0.0604248046875,66.68701171875,1.043686066456845,0.0,1.044130285734911,0.0004442192780660381,0.0015648214592956261,0.02,0.0015648214592956261,0,0
1779347900.8467603,2026-05-21T16:18:20.846,0.00927734375,0.02001953125,1.0439453125,0.0,0.0,0.0,0.9393310546875,0.0604248046875,66.6925048828125,1.0441784647411803,0.0,1.044130285734911,4.817900626918892e-05,0.0012614929686903388,0.02,0.0012614929686903388,0,0
1779347900.8772905,2026-05-21T16:18:20.877,0.00732421875,0.01904296875,1.0439453125,0.0,0.0,0.0,0.9393310546875,0.054931640625,66.6925048828125,1.044144671168624,0.0,1.044130285734911,1.4385433712904572e-05,0.0010120714616948519,0.02,0.0010120714616948519,0,0
1779347900.8772905,2026-05-21T16:18:20.877,0.0068359375,0.01806640625,1.044921875,0.0,0.0,0.0,0.9393310546875,0.054931640625,66.6925048828125,1.0451004018417607,0.0,1.044130285734911,0.0009701161068496056,0.0010036803907258027,0.02,0.0010036803907258027,0,0
1779347900.8772905,2026-05-21T16:18:20.877,0.0068359375,0.01953125,1.04345703125,0.0,0.0,0.0,0.9393310546875,0.054931640625,66.697998046875,1.0436621943105584,0.0,1.044130285734911,0.00046809142435266793,0.0008965625974511758,0.02,0.0008965625974511758,0,0
1779347900.8772905,2026-05-21T16:18:20.877,0.01025390625,0.01904296875,1.0419921875,0.0,0.0,0.0,0.9393310546875,0.0494384765625,66.697998046875,1.042216626265016,0.0,1.044130285734911,0.0019136594698949683,0.0010999819719399342,0.02,0.0010999819719399342,0,0
1779347900.8772905,2026-05-21T16:18:20.877,0.01123046875,0.0185546875,1.04443359375,0.0,0.0,0.0,0.9393310546875,0.0494384765625,66.697998046875,1.0446587632380764,0.0,1.044130285734911,0.0005284775031653144,0.0009856810781850103,0.02,0.0009856810781850103,0,0
1779347900.8772905,2026-05-21T16:18:20.877,0.00830078125,0.01806640625,1.0439453125,0.0,0.0,0.0,0.9393310546875,0.0494384765625,66.697998046875,1.0441346242199196,0.0,1.044130285734911,4.338485008581472e-06,0.0007894125595497246,0.02,0.0007894125595497246,0,0
1779347900.8772905,2026-05-21T16:18:20.877,0.0078125,0.0185546875,1.0439453125,0.0,0.0,0.0,0.9393310546875,0.0494384765625,66.7034912109375,1.0441394193665878,0.0,1.044130285734911,9.133631676760956e-06,0.0006333567739751319,0.02,0.0006333567739751319,0,0
1779347900.8772905,2026-05-21T16:18:20.877,0.0107421875,0.01806640625,1.04296875,0.0,0.0,0.0,0.9393310546875,0.0439453125,66.7034912109375,1.0431805227781228,0.0,1.044130285734911,0.0009497629567882804,0.0006966380105377616,0.02,0.0006966380105377616,0,0
1779347900.9667103,2026-05-21T16:18:20.966,0.0078125,0.01904296875,1.0439453125,0.0,0.0,0.0,0.94482421875,0.0439453125,66.7034912109375,1.0441482104116189,0.0,1.044130285734911,1.79246767078034e-05,0.00056089534377177,0.02,0.00056089534377177,0,0
1779347900.9667103,2026-05-21T16:18:20.966,0.0068359375,0.017578125,1.044921875,0.0,0.0,0.0,0.94482421875,0.0439453125,66.7034912109375,1.045092075069721,0.0,1.044130285734911,0.0009617893348099482,0.0006410741419794056,0.02,0.0006410741419794056,0,0
1779347900.9667103,2026-05-21T16:18:20.966,0.0078125,0.0185546875,1.0439453125,0.0,0.0,0.0,0.94482421875,0.0384521484375,66.708984375,1.0441394193665878,0.0,1.044130285734911,9.133631676760956e-06,0.0005146860399188768,0.02,0.0005146860399188768,0,0
1779347900.9667103,2026-05-21T16:18:20.966,0.0087890625,0.01806640625,1.04345703125,0.0,0.0,0.0,0.94482421875,0.0384521484375,66.708984375,1.0436504293677469,0.0,1.044130285734911,0.00047985636716418867,0.0005077201053679392,0.02,0.0005077201053679392,0,0
1779347900.9667103,2026-05-21T16:18:20.966,0.0087890625,0.01904296875,1.04541015625,0.0,0.0,0.0,0.94482421875,0.0384521484375,66.708984375,1.0456205224980484,0.0,1.044130285734911,0.0014902367631373092,0.0007042234369218133,0.02,0.0007042234369218133,0,0
1779347900.9667103,2026-05-21T16:18:20.966,0.0087890625,0.0185546875,1.04541015625,0.0,0.0,0.0,0.94482421875,0.0384521484375,66.708984375,1.045611743831572,0.0,1.044130285734911,0.0014814580966608926,0.0008596703688696292,0.02,0.0008596703688696292,0,0
1779347900.9667103,2026-05-21T16:18:20.966,0.00927734375,0.0185546875,1.0439453125,0.0,0.0,0.0,0.94482421875,0.032958984375,66.7144775390625,1.0441514071369156,0.0,1.044130285734911,2.112140200449808e-05,0.000691960575496603,0.02,0.000691960575496603,0,0
1779347900.9667103,2026-05-21T16:18:20.966,0.00732421875,0.01904296875,1.04345703125,0.0,0.0,0.0,0.94482421875,0.032958984375,66.7144775390625,1.0436564831898352,0.0,1.044130285734911,0.0004738025450758965,0.0006483289694124618,0.02,0.0006483289694124618,0,0
1779347900.9787087,2026-05-21T16:18:20.978,0.00927734375,0.01611328125,1.04248046875,0.0,0.0,0.0,0.94482421875,0.032958984375,66.7144775390625,1.0426462653579673,0.0,1.044130285734911,0.0014840203769437288,0.0008154672509187151,0.02,0.0008154672509187151,0,0
1779347900.9787087,2026-05-21T16:18:20.978,0.00927734375,0.01806640625,1.0439453125,0.0,0.0,0.0,0.94482421875,0.0274658203125,66.7144775390625,1.0441428444578684,0.0,1.044130285734911,1.2558722957356494e-05,0.0006548855453264435,0.02,0.0006548855453264435,0,0
1779347900.9787087,2026-05-21T16:18:20.978,0.0078125,0.017578125,1.044921875,0.0,0.0,0.0,0.94482421875,0.0274658203125,66.719970703125,1.0450989189968007,0.0,1.044130285734911,0.0009686332618896731,0.0007176350886390894,0.02,0.0007176350886390894,0,0
1779347900.9787087,2026-05-21T16:18:20.978,0.0087890625,0.0166015625,1.04541015625,0.0,0.0,0.0,0.94482421875,0.0274658203125,66.719970703125,1.0455789086853846,0.0,1.044130285734911,0.0014486229504735437,0.0008638326610059803,0.02,0.0008638326610059803,0,0
1779347900.9787087,2026-05-21T16:18:20.978,0.00732421875,0.01806640625,1.04541015625,0.0,0.0,0.0,0.94482421875,0.0274658203125,66.719970703125,1.0455919060540482,0.0,1.044130285734911,0.0014616203191371024,0.0009833901926322047,0.02,0.0009833901926322047,0,0
1779347900.9787087,2026-05-21T16:18:20.978,0.009765625,0.01904296875,1.04345703125,0.0,0.0,0.0,0.94482421875,0.02197265625,66.719970703125,1.0436764719756393,0.0,1.044130285734911,0.0004538137592717817,0.0008774749059601201,0.02,0.0008774749059601201,0,0
1779347900.9787087,2026-05-21T16:18:20.978,0.0078125,0.01904296875,1.0439453125,0.0,0.0,0.0,0.94482421875,0.02197265625,66.7254638671875,1.0441482104116189,0.0,1.044130285734911,1.79246767078034e-05,0.0007055648601096568,0.02,0.0007055648601096568,0,0
1779347900.9787087,2026-05-21T16:18:20.978,0.009765625,0.0185546875,1.0439453125,0.0,0.0,0.0,0.94482421875,0.02197265625,66.7254638671875,1.0441558597022698,0.0,1.044130285734911,2.5573967358694105e-05,0.0005695666815594642,0.02,0.0005695666815594642,0,0
1779347900.9967132,2026-05-21T16:18:20.996,0.0087890625,0.01904296875,1.04296875,0.0,0.0,0.0,0.94482421875,0.0164794921875,66.7254638671875,1.0431796085789853,0.0,1.0441305711620714,0.0009509625830861346,0.0006458458618647983,0.02,0.0006458458618647983,0,0
1779347900.9967132,2026-05-21T16:18:20.996,0.0048828125,0.017578125,1.0458984375,0.0,0.0,0.0,0.94482421875,0.0164794921875,66.7254638671875,1.0460575385232722,0.0,1.044130285734911,0.0019272527883611446,0.0009021272471640676,0.02,0.0009021272471640676,0,0
1779347900.9967132,2026-05-21T16:18:20.996,0.01025390625,0.0185546875,1.04443359375,0.0,0.0,0.0,0.94482421875,0.0164794921875,66.7254638671875,1.0446487212336721,0.0,1.0441305711620714,0.0005181500716007204,0.0008253318120513982,0.02,0.0008253318120513982,0,0
1779347900.9967132,2026-05-21T16:18:20.996,0.0078125,0.01708984375,1.04541015625,0.0,0.0,0.0,0.94482421875,0.0164794921875,66.73095703125,1.0455790226980928,0.0,1.0441308565892318,0.0014481661088610043,0.0009498986714133195,0.02,0.0009498986714133195,0,0
1779347900.9967132,2026-05-21T16:18:20.996,0.00927734375,0.02294921875,1.0439453125,0.0,0.0,0.0,0.94482421875,0.010986328125,66.73095703125,1.0442387424526125,0.0,1.0441308565892318,0.00010788586338073003,0.0007814961098068017,0.02,0.0007814961098068017,0,0
1779347900.9967132,2026-05-21T16:18:20.996,0.00830078125,0.0185546875,1.0439453125,0.0,0.0,0.0,0.94482421875,0.010986328125,66.73095703125,1.0441431869663784,0.0,1.0441308565892318,1.2330377146652083e-05,0.0006276629632747719,0.02,0.0006276629632747719,0,0
1779347900.9967132,2026-05-21T16:18:20.996,0.00927734375,0.01806640625,1.04345703125,0.0,0.0,0.0,0.94482421875,0.010986328125,66.73095703125,1.0436546556246031,0.0,1.0441308565892318,0.0004762009646286369,0.0005973705635455449,0.02,0.0005973705635455449,0,0
1779347900.9967132,2026-05-21T16:18:20.996,0.00830078125,0.0185546875,1.04296875,0.0,0.0,0.0,0.94482421875,0.010986328125,66.7364501953125,1.0431668097069353,0.0,1.0441308565892318,0.0009640468822964543,0.0006707058272957269,0.02,0.0006707058272957269,0,0
1779347901.0892684,2026-05-21T16:18:21.089,0.00830078125,0.0166015625,1.0458984375,0.0,0.0,0.0,0.94482421875,0.0054931640625,66.7364501953125,1.0460631225751833,0.0,1.0441308565892318,0.0019322659859515312,0.0009230178590268878,0.02,0.0009230178590268878,0,0
1779347901.0892684,2026-05-21T16:18:21.089,0.0087890625,0.0185546875,1.0439453125,0.0,0.0,0.0,0.94482421875,0.0054931640625,66.7364501953125,1.044147182890695,0.0,1.0441308565892318,1.632630146319869e-05,0.00074167954751415,0.02,0.00074167954751415,0,0
1779347901.0892684,2026-05-21T16:18:21.089,0.0107421875,0.0185546875,1.0458984375,0.0,0.0,0.0,0.94482421875,0.0054931640625,66.7364501953125,1.0461181637776151,0.0,1.0441308565892318,0.001987307188383358,0.0009908050756879917,0.02,0.0009908050756879917,0,0
1779347901.0902503,2026-05-21T16:18:21.090,0.0087890625,0.01806640625,1.04296875,0.0,0.0,0.0,0.94482421875,0.0,66.741943359375,1.0431622386431467,0.0,1.0441308565892318,0.0009686179460850486,0.0009863676497674032,0.02,0.0009863676497674032,0,0
1779347901.0902503,2026-05-21T16:18:21.090,0.0126953125,0.017578125,1.04345703125,0.0,0.0,0.0,0.94482421875,0.0,66.741943359375,1.0436822972068904,0.0,1.0441308565892318,0.0004485593823413403,0.0008788059962821907,0.02,0.0008788059962821907,0,0
1779347901.0902503,2026-05-21T16:18:21.090,0.00732421875,0.01708984375,1.04345703125,0.0,0.0,0.0,0.94482421875,0.0,66.741943359375,1.043622672714981,0.0,1.0441308565892318,0.0005081838742506672,0.0008046815718758861,0.02,0.0008046815718758861,0,0
1779347901.0902503,2026-05-21T16:18:21.090,0.0087890625,0.0185546875,1.04296875,0.0,0.0,0.0,0.94482421875,0.0,66.741943359375,1.0431708093713197,0.0,1.0441308565892318,0.0009600472179120967,0.0008357547010831283,0.02,0.0008357547010831283,0,0
1779347901.0902503,2026-05-21T16:18:21.090,0.0078125,0.0166015625,1.04345703125,0.0,0.0,0.0,0.94482421875,0.0,66.7474365234375,1.0436183321017098,0.0,1.0441308565892318,0.0005125244875219259,0.0007711086583708878,0.02,0.0007711086583708878,0,0
1779347901.1462574,2026-05-21T16:18:21.146,0.0087890625,0.02197265625,1.044921875,0.0,0.0,0.0,0.9503173828125,0.0,66.7474365234375,1.0451898249102052,0.0,1.0441305711620714,0.0010592537481337594,0.0008287376763234623,0.02,0.0008287376763234623,0,0
1779347901.1462574,2026-05-21T16:18:21.146,0.00830078125,0.01708984375,1.04345703125,0.0,0.0,0.0,0.9503173828125,0.0,66.7474365234375,1.043629983180736,0.0,1.0441308565892318,0.0005008734084956945,0.0007631648227579088,0.02,0.0007631648227579088,0,0
1779347901.1462574,2026-05-21T16:18:21.146,0.00732421875,0.01806640625,1.04443359375,0.0,0.0,0.0,0.9503173828125,0.0,66.7474365234375,1.0446155134635078,0.0,1.0441305711620714,0.0004849423014363641,0.0007075203184935999,0.02,0.0007075203184935999,0,0
1779347901.1462574,2026-05-21T16:18:21.146,0.01025390625,0.0185546875,1.04345703125,0.0,0.0,0.0,0.9503173828125,-0.0054931640625,66.7474365234375,1.043672360028122,0.0,1.0441308565892318,0.0004584965611098557,0.000657715567016851,0.02,0.000657715567016851,0,0
1779347901.1462574,2026-05-21T16:18:21.146,0.00927734375,0.01611328125,1.04248046875,0.0,0.0,0.0,0.9503173828125,-0.0054931640625,66.7529296875,1.0426462653579673,0.0,1.0441305711620714,0.0014843058041040802,0.000823033614434297,0.02,0.000823033614434297,0,0
1779347901.1462574,2026-05-21T16:18:21.146,0.00927734375,0.0185546875,1.0419921875,0.0,0.0,0.0,0.9503173828125,-0.0054931640625,66.7529296875,1.0421986683671753,0.0,1.044130285734911,0.0019316173677357273,0.0010447503650945831,0.02,0.0010447503650945831,0,0
1779347901.1462574,2026-05-21T16:18:21.146,0.0068359375,0.01904296875,1.0419921875,0.0,0.0,0.0,0.9503173828125,-0.0054931640625,66.7529296875,1.0421886026585363,0.0,1.044130285734911,0.0019416830763747672,0.00122413690735062,0.02,0.00122413690735062,0,0
1779347901.1462574,2026-05-21T16:18:21.146,0.01025390625,0.02001953125,1.04541015625,0.0,0.0,0.0,0.9503173828125,-0.010986328125,66.7529296875,1.0456521022861776,0.0,1.044130285734911,0.001521816551266486,0.0012836728361337933,0.02,0.0012836728361337933,0,0
1779347901.1777935,2026-05-21T16:18:21.177,0.00927734375,0.0185546875,1.04248046875,0.0,0.0,0.0,0.9503173828125,-0.010986328125,66.7584228515625,1.0426868529239726,0.0,1.044130285734911,0.0014434328109385053,0.0013156248310947358,0.02,0.0013156248310947358,0,0
1779347901.1777935,2026-05-21T16:18:21.177,0.00830078125,0.01953125,1.04150390625,0.0,0.0,0.0,0.9503173828125,-0.010986328125,66.7584228515625,1.0417200964894224,0.0,1.044130285734911,0.0024101892454886364,0.001534537713973516,0.02,0.001534537713973516,0,0
1779347901.1777935,2026-05-21T16:18:21.177,0.0087890625,0.01806640625,1.04345703125,0.0,0.0,0.0,0.9503173828125,-0.0164794921875,66.7584228515625,1.0436504293677469,0.0,1.044130285734911,0.00047985636716418867,0.0013236014446116507,0.02,0.0013236014446116507,0,0
1779347901.1777935,2026-05-21T16:18:21.177,0.00927734375,0.02001953125,1.04345703125,0.0,0.0,0.0,0.9503173828125,-0.0164794921875,66.7584228515625,1.0436902925693947,0.0,1.044130285734911,0.00043999316551635026,0.0011468797887925907,0.02,0.0011468797887925907,0,0
1779347901.1777935,2026-05-21T16:18:21.177,0.00830078125,0.017578125,1.04248046875,0.0,0.0,0.0,0.9503173828125,-0.0164794921875,66.7584228515625,1.0426617002523377,0.0,1.044130285734911,0.0014685854825733369,0.00121122092754874,0.02,0.00121122092754874,0,0
1779347901.1777935,2026-05-21T16:18:21.177,0.00634765625,0.017578125,1.04736328125,0.0,0.0,0.0,0.9503173828125,-0.0164794921875,66.763916015625,1.0475300120422089,0.0,1.044130285734911,0.00339972630729779,0.0016489220034985501,0.02,0.0016489220034985501,0,0
1779347901.1777935,2026-05-21T16:18:21.177,0.0068359375,0.017578125,1.04345703125,0.0,0.0,0.0,0.9503173828125,-0.02197265625,66.763916015625,1.0436274702139088,0.0,1.044130285734911,0.0005028155210022867,0.0014197007069992975,0.02,0.0014197007069992975,0,0
1779347901.1777935,2026-05-21T16:18:21.177,0.01025390625,0.0166015625,1.04541015625,0.0,0.0,0.0,0.9503173828125,-0.02197265625,66.763916015625,1.0455922480878836,0.0,1.044130285734911,0.001461962352972579,0.001428153036193954,0.02,0.001428153036193954,0,0
1779347901.1777935,2026-05-21T16:18:21.177,0.00634765625,0.01611328125,1.04345703125,0.0,0.0,0.0,0.9503173828125,-0.02197265625,66.763916015625,1.0436007410104562,0.0,1.044130285734911,0.0005295447244548779,0.0012484313738461389,0.02,0.0012484313738461389,0,0
1779347901.1777935,2026-05-21T16:18:21.177,0.0087890625,0.01953125,1.04443359375,0.0,0.0,0.0,0.9503173828125,-0.02197265625,66.7694091796875,1.0446531716793528,0.0,1.044130285734911,0.00052288594444172,0.001103322287965255,0.02,0.001103322287965255,0,0
1779347901.1777935,2026-05-21T16:18:21.177,0.00830078125,0.0205078125,1.04248046875,0.0,0.0,0.0,0.9503173828125,-0.0274658203125,66.7694091796875,1.0427152061172384,0.0,1.044130285734911,0.001415079617672621,0.0011656737539067282,0.02,0.0011656737539067282,0,0
1779347901.1777935,2026-05-21T16:18:21.177,0.0078125,0.01953125,1.046875,0.0,0.0,0.0,0.9503173828125,-0.0274658203125,66.7694091796875,1.0470863242864996,0.0,1.044130285734911,0.0029560385515885468,0.001523746713443092,0.02,0.001523746713443092,0,0
1779347901.1777935,2026-05-21T16:18:21.177,0.00830078125,0.01708984375,1.04638671875,0.0,0.0,0.0,0.9503173828125,-0.0274658203125,66.7694091796875,1.0465591865275232,0.0,1.044130285734911,0.002428900792612154,0.0017047775292769046,0.02,0.0017047775292769046,0,0
1779347901.1777935,2026-05-21T16:18:21.177,0.0068359375,0.017578125,1.0419921875,0.0,0.0,0.0,0.9503173828125,-0.0274658203125,66.7694091796875,1.0421628660296118,0.0,1.044130285734911,0.0019674197052992337,0.0017573059644813707,0.02,0.0017573059644813707,0,0
1779347901.1777935,2026-05-21T16:18:21.177,0.00732421875,0.01953125,1.04345703125,0.0,0.0,0.0,0.9503173828125,-0.032958984375,66.77490234375,1.0436655067462581,0.0,1.044130285734911,0.0004647789886529363,0.001498800569315684,0.02,0.001498800569315684,0,0
1779347901.1777935,2026-05-21T16:18:21.177,0.005859375,0.01904296875,1.0439453125,0.0,0.0,0.0,0.9503173828125,-0.032958984375,66.77490234375,1.0441354234125604,0.0,1.044130285734911,5.137677649313943e-06,0.0012000679909824103,0.02,0.0012000679909824103,0,0
1779347901.2367961,2026-05-21T16:18:21.236,0.00927734375,0.01806640625,1.04443359375,0.0,0.0,0.0,0.9503173828125,-0.032958984375,66.77490234375,1.0446310333775202,0.0,1.044130285734911,0.0005007476426091007,0.0010602039213077484,0.02,0.0010602039213077484,0,0
1779347901.2367961,2026-05-21T16:18:21.236,0.00830078125,0.01708984375,1.04296875,0.0,0.0,0.0,0.9503173828125,-0.032958984375,66.77490234375,1.043141782887313,0.0,1.044130285734911,0.000988502847597994,0.0010458637065657976,0.02,0.0010458637065657976,0,0
1779347901.2367961,2026-05-21T16:18:21.236,0.00830078125,0.017578125,1.04541015625,0.0,0.0,0.0,0.9503173828125,-0.032958984375,66.7803955078125,1.0455908799518698,0.0,1.044130285734911,0.001460594216958766,0.0011288098086443912,0.02,0.0011288098086443912,0,0
1779347901.2367961,2026-05-21T16:18:21.236,0.0087890625,0.01806640625,1.0419921875,0.0,0.0,0.0,0.9503173828125,-0.0384521484375,66.7803955078125,1.0421858574483986,0.0,1.044130285734911,0.001944428286512423,0.0012919335042179975,0.02,0.0012919335042179975,0,0
1779347901.2367961,2026-05-21T16:18:21.236,0.0078125,0.01953125,1.0439453125,0.0,0.0,0.0,0.9503173828125,-0.0384521484375,66.7803955078125,1.0441572297185588,0.0,1.044130285734911,2.6943983647775838e-05,0.0010389356001039532,0.02,0.0010389356001039532,0,0
1779347901.2367961,2026-05-21T16:18:21.236,0.0068359375,0.0185546875,1.0419921875,0.0,0.0,0.0,0.9503173828125,-0.0384521484375,66.7803955078125,1.0421797950837282,0.0,1.044130285734911,0.0019504906511829123,0.001221246610319745,0.02,0.001221246610319745,0,0
1779347901.2367961,2026-05-21T16:18:21.236,0.00732421875,0.01904296875,1.04150390625,0.0,0.0,0.0,0.955810546875,-0.0384521484375,66.7803955078125,1.041703732148983,0.0,1.044130285734911,0.0024265535859280263,0.0014623080054414013,0.02,0.0014623080054414013,0,0
1779347901.2367961,2026-05-21T16:18:21.236,0.0087890625,0.0185546875,1.04345703125,0.0,0.0,0.0,0.955810546875,-0.0439453125,66.785888671875,1.0436589960868037,0.0,1.044130285734911,0.00047128964810738694,0.0012641043339745985,0.02,0.0012641043339745985,0,0
1779347901.2387962,2026-05-21T16:18:21.238,0.00927734375,0.01904296875,1.046875,0.0,0.0,0.0,0.955810546875,-0.0439453125,66.785888671875,1.0470892843453556,0.0,1.044130285734911,0.0029589986104445742,0.0016030831892685938,0.02,0.0016030831892685938,0,0
1779347901.2387962,2026-05-21T16:18:21.238,0.00732421875,0.01953125,1.04150390625,0.0,0.0,0.0,0.955810546875,-0.0439453125,66.785888671875,1.0417127726205861,0.0,1.044130285734911,0.0024175131143249207,0.0017659691742798593,0.02,0.0017659691742798593,0,0
1779347901.2387962,2026-05-21T16:18:21.238,0.00830078125,0.01708984375,1.0439453125,0.0,0.0,0.0,0.955810546875,-0.0439453125,66.785888671875,1.0441181835498712,0.0,1.044130285734911,1.2102185039886137e-05,0.0014151957764318647,0.02,0.0014151957764318647,0,0
1779347901.2387962,2026-05-21T16:18:21.238,0.0068359375,0.01708984375,1.04638671875,0.0,0.0,0.0,0.955810546875,-0.0494384765625,66.785888671875,1.0465485932231215,0.0,1.044130285734911,0.0024183074882104805,0.001615818118787588,0.02,0.001615818118787588,0,0
1779347901.2387962,2026-05-21T16:18:21.238,0.0087890625,0.0185546875,1.0439453125,0.0,0.0,0.0,0.955810546875,-0.0494384765625,66.7913818359375,1.044147182890695,0.0,1.044130285734911,1.6897155783901496e-05,0.001296033926186851,0.02,0.001296033926186851,0,0
1779347901.2387962,2026-05-21T16:18:21.238,0.009765625,0.0166015625,1.04443359375,0.0,0.0,0.0,0.955810546875,-0.0494384765625,66.7913818359375,1.0446111769757311,0.0,1.044130285734911,0.0004808912408200694,0.0011330053891134945,0.02,0.0011330053891134945,0,0
1779347901.2387962,2026-05-21T16:18:21.238,0.00830078125,0.0185546875,1.04541015625,0.0,0.0,0.0,0.955810546875,-0.0494384765625,66.7913818359375,1.0456077535042634,0.0,1.044130285734911,0.0014774677693523142,0.0012018978651612586,0.02,0.0012018978651612586,0,0
1779347901.2387962,2026-05-21T16:18:21.238,0.01171875,0.01904296875,1.04443359375,0.0,0.0,0.0,0.955810546875,-0.0494384765625,66.7913818359375,1.0446729131713506,0.0,1.044130285734911,0.0005426274364395134,0.0010700437794169096,0.02,0.0010700437794169096,0,0
1779347901.3568919,2026-05-21T16:18:21.356,0.00927734375,0.0185546875,1.044921875,0.0,0.0,0.0,0.955810546875,-0.054931640625,66.7913818359375,1.0451277770630698,0.0,1.044130285734911,0.0009974913281587394,0.0010555332891652757,0.02,0.0010555332891652757,0,0
1779347901.3568919,2026-05-21T16:18:21.356,0.00830078125,0.0185546875,1.04443359375,0.0,0.0,0.0,0.955810546875,-0.054931640625,66.796875,1.0446313757259653,0.0,1.044130285734911,0.0005010899910542488,0.0009446446295430704,0.02,0.0009446446295430704,0,0
1779347901.3568919,2026-05-21T16:18:21.356,0.00830078125,0.0185546875,1.04638671875,0.0,0.0,0.0,0.955810546875,-0.054931640625,66.796875,1.0465841316272546,0.0,1.044130285734911,0.0024538458923435424,0.0012464848821031648,0.02,0.0012464848821031648,0,0
1779347901.3568919,2026-05-21T16:18:21.356,0.0078125,0.01806640625,1.0458984375,0.0,0.0,0.0,0.955810546875,-0.054931640625,66.796875,1.0460836351630693,0.0,1.044130285734911,0.0019533494281582797,0.001387857791314188,0.02,0.001387857791314188,0,0
1779347901.3568919,2026-05-21T16:18:21.356,0.01025390625,0.01904296875,1.0439453125,0.0,0.0,0.0,0.955810546875,-0.0604248046875,66.796875,1.0441693314510438,0.0,1.044130285734911,3.904571613277952e-05,0.0011180953762779063,0.02,0.0011180953762779063,0,0
1779347901.3568919,2026-05-21T16:18:21.356,0.009765625,0.01953125,1.0439453125,0.0,0.0,0.0,0.955810546875,-0.0604248046875,66.796875,1.0441736697738198,0.0,1.044130285734911,4.338403890868925e-05,0.0009031531088040629,0.02,0.0009031531088040629,0,0
1779347901.3568919,2026-05-21T16:18:21.356,0.00830078125,0.01953125,1.041015625,0.0,0.0,0.0,0.955810546875,-0.0604248046875,66.8023681640625,1.0412319166209147,0.0,1.0441305711620714,0.0028986545411566755,0.0013022533952745856,0.02,0.0013022533952745856,0,0
1779347901.3568919,2026-05-21T16:18:21.356,0.00732421875,0.017578125,1.0439453125,0.0,0.0,0.0,0.955810546875,-0.0604248046875,66.8023681640625,1.0441189827550958,0.0,1.044130285734911,1.1302979815219771e-05,0.0010440633121827124,0.02,0.0010440633121827124,0,0
1779347901.3588946,2026-05-21T16:18:21.358,0.0078125,0.017578125,1.04296875,0.0,0.0,0.0,0.955810546875,-0.0604248046875,66.8023681640625,1.0431461254835432,0.0,1.044130285734911,0.0009841602513678271,0.0010320827000197355,0.02,0.0010320827000197355,0,0
1779347901.3588946,2026-05-21T16:18:21.358,0.0048828125,0.017578125,1.04248046875,0.0,0.0,0.0,0.955810546875,-0.06591796875,66.8023681640625,1.0426400913362412,0.0,1.044130285734911,0.0014901943986698196,0.0011237050397497523,0.02,0.0011237050397497523,0,0
1779347901.3588946,2026-05-21T16:18:21.358,0.00830078125,0.017578125,1.0439453125,0.0,0.0,0.0,0.955810546875,-0.06591796875,66.8023681640625,1.0441262897459285,0.0,1.044130285734911,3.995988982596899e-06,0.0008997632295963213,0.02,0.0008997632295963213,0,0
1779347901.3588946,2026-05-21T16:18:21.358,0.0068359375,0.01953125,1.044921875,0.0,0.0,0.0,0.955810546875,-0.06591796875,66.807861328125,1.0451267505052113,0.0,1.044130285734911,0.0009964647703002427,0.0009191035377371056,0.02,0.0009191035377371056,0,0
1779347901.3588946,2026-05-21T16:18:21.358,0.00732421875,0.0185546875,1.04296875,0.0,0.0,0.0,0.955810546875,-0.06591796875,66.807861328125,1.043159495995259,0.0,1.044130285734911,0.0009707897396520337,0.0009294407781200913,0.02,0.0009294407781200913,0,0
1779347901.3588946,2026-05-21T16:18:21.358,0.00927734375,0.02001953125,1.04248046875,0.0,0.0,0.0,0.955810546875,-0.0714111328125,66.807861328125,1.042713948532264,0.0,1.044130285734911,0.001416337202647,0.0010268200630254732,0.02,0.0010268200630254732,0,0
1779347901.3598928,2026-05-21T16:18:21.359,0.009765625,0.0166015625,1.04443359375,0.0,0.0,0.0,0.955810546875,-0.0714111328125,66.807861328125,1.0446111769757311,0.0,1.044130285734911,0.0004808912408200694,0.0009176342985843925,0.02,0.0009176342985843925,0,0
1779347901.3598928,2026-05-21T16:18:21.359,0.0087890625,0.0185546875,1.04541015625,0.0,0.0,0.0,0.955810546875,-0.0714111328125,66.807861328125,1.045611743831572,0.0,1.044130285734911,0.0014814580966608926,0.0010303990581996927,0.02,0.0010303990581996927,0,0
1779347901.3598928,2026-05-21T16:18:21.359,0.00927734375,0.0185546875,1.0458984375,0.0,0.0,0.0,0.955810546875,-0.0714111328125,66.8133544921875,1.046104147348733,0.0,1.044130285734911,0.001973861613821848,0.0012190915693241237,0.02,0.0012190915693241237,0,0
1779347901.3598928,2026-05-21T16:18:21.359,0.00634765625,0.01953125,1.0439453125,0.0,0.0,0.0,0.955810546875,-0.0714111328125,66.8133544921875,1.0441472970597363,0.0,1.044130285734911,1.7011324825233487e-05,0.0009786755204243458,0.02,0.0009786755204243458,0,0
1779347901.3598928,2026-05-21T16:18:21.359,0.005859375,0.0166015625,1.04296875,0.0,0.0,0.0,0.955810546875,-0.076904296875,66.8133544921875,1.0431173268762217,0.0,1.044130285734911,0.00101295885868935,0.0009855321880773466,0.02,0.0009855321880773466,0,0
1779347901.3598928,2026-05-21T16:18:21.359,0.0078125,0.017578125,1.04541015625,0.0,0.0,0.0,0.955810546875,-0.076904296875,66.8133544921875,1.045587117568601,0.0,1.044130285734911,0.0014568318336898312,0.0010797921171998436,0.02,0.0010797921171998436,0,0
1779347901.3598928,2026-05-21T16:18:21.359,0.009765625,0.01806640625,1.04443359375,0.0,0.0,0.0,0.955810546875,-0.076904296875,66.8133544921875,1.0446354838985563,0.0,1.044130285734911,0.0005051981636452485,0.0009648733264889246,0.02,0.0009648733264889246,0,0
1779347901.3598928,2026-05-21T16:18:21.359,0.00830078125,0.01806640625,1.0439453125,0.0,0.0,0.0,0.9613037109375,-0.076904296875,66.81884765625,1.0441346242199196,0.0,1.044130285734911,4.338485008581472e-06,0.000772766358192856,0.02,0.000772766358192856,0,0
1779347901.3598928,2026-05-21T16:18:21.359,0.00634765625,0.01611328125,1.046875,0.0,0.0,0.0,0.9613037109375,-0.076904296875,66.81884765625,1.0470182406231086,0.0,1.0441305711620714,0.0028876694610371345,0.0011957469787617118,0.02,0.0011957469787617118,0,0
1779347901.3598928,2026-05-21T16:18:21.359,0.0078125,0.017578125,1.04296875,0.0,0.0,0.0,0.9613037109375,-0.0823974609375,66.81884765625,1.0431461254835432,0.0,1.0441308565892318,0.00098473110568853,0.0011535438041470755,0.02,0.0011535438041470755,0,0
1779347901.417347,2026-05-21T16:18:21.417,0.00830078125,0.01904296875,1.04541015625,0.0,0.0,0.0,0.9613037109375,-0.0823974609375,66.81884765625,1.0456165322042412,0.0,1.044130285734911,0.0014862464693301547,0.0012200843371836913,0.02,0.0012200843371836913,0,0
1779347901.417347,2026-05-21T16:18:21.417,0.00927734375,0.0185546875,1.04443359375,0.0,0.0,0.0,0.9613037109375,-0.0823974609375,66.81884765625,1.0446395920549911,0.0,1.044130285734911,0.0005093063200800607,0.0010779287337629652,0.02,0.0010779287337629652,0,0
1779347901.417347,2026-05-21T16:18:21.417,0.0087890625,0.01708984375,1.0419921875,0.0,0.0,0.0,0.9613037109375,-0.0823974609375,66.8243408203125,1.042169386035717,0.0,1.044130285734911,0.0019608996991939964,0.0012545229268491715,0.02,0.0012545229268491715,0,0
1779347901.417347,2026-05-21T16:18:21.417,0.00830078125,0.01953125,1.04296875,0.0,0.0,0.0,0.9613037109375,-0.0823974609375,66.8243408203125,1.0431846366643276,0.0,1.044130285734911,0.0009456490705834764,0.0011927481555960326,0.02,0.0011927481555960326,0,0
1779347901.417347,2026-05-21T16:18:21.417,0.009765625,0.017578125,1.0439453125,0.0,0.0,0.0,0.9613037109375,-0.087890625,66.8243408203125,1.0441389626869015,0.0,1.044130285734911,8.676951990471693e-06,0.0009559339148749205,0.02,0.0009559339148749205,0,0
1779347901.417347,2026-05-21T16:18:21.417,0.0087890625,0.01904296875,1.04296875,0.0,0.0,0.0,0.9613037109375,-0.087890625,66.8243408203125,1.0431796085789853,0.0,1.044130285734911,0.0009506771559257832,0.000954882563085093,0.02,0.000954882563085093,0,0
1779347901.417347,2026-05-21T16:18:21.417,0.00732421875,0.0185546875,1.04296875,0.0,0.0,0.0,0.9613037109375,-0.087890625,66.8243408203125,1.043159495995259,0.0,1.044130285734911,0.0009707897396520337,0.0009580639983984812,0.02,0.0009580639983984812,0,0
1779347901.417347,2026-05-21T16:18:21.417,0.0068359375,0.017578125,1.04541015625,0.0,0.0,0.0,0.9613037109375,-0.087890625,66.8243408203125,1.0455802768370628,0.0,1.044130285734911,0.0014499911021517153,0.001056449419149128,0.02,0.001056449419149128,0,0
1779347901.4774444,2026-05-21T16:18:21.477,0.00927734375,0.01806640625,1.04638671875,0.0,0.0,0.0,0.9613037109375,-0.087890625,66.829833984375,1.0465837899175763,0.0,1.044130285734911,0.0024535041826652115,0.0013358603718523448,0.02,0.0013358603718523448,0,0
1779347901.4774444,2026-05-21T16:18:21.477,0.00830078125,0.0166015625,1.04443359375,0.0,0.0,0.0,0.9613037109375,-0.0933837890625,66.829833984375,1.0445985097636037,0.0,1.044130285734911,0.0004682240286926209,0.0011623331032204,0.02,0.0011623331032204,0,0
1779347901.4774444,2026-05-21T16:18:21.477,0.0087890625,0.02099609375,1.04296875,0.0,0.0,0.0,0.9613037109375,-0.0933837890625,66.829833984375,1.0432170900866944,0.0,1.044130285734911,0.0009131956482166803,0.0011125056122196562,0.02,0.0011125056122196562,0,0
1779347901.4774444,2026-05-21T16:18:21.477,0.0078125,0.015625,1.04345703125,0.0,0.0,0.0,0.9613037109375,-0.0933837890625,66.829833984375,1.0436032540416464,0.0,1.044130285734911,0.0005270316932646235,0.0009954108284286496,0.02,0.0009954108284286496,0,0
1779347901.4774444,2026-05-21T16:18:21.477,0.00732421875,0.0185546875,1.044921875,0.0,0.0,0.0,0.9613037109375,-0.0933837890625,66.829833984375,1.0451122645256996,0.0,1.044130285734911,0.0009819787907885402,0.0009927244209006279,0.02,0.0009927244209006279,0,0
1779347901.4774444,2026-05-21T16:18:21.477,0.0087890625,0.01708984375,1.04296875,0.0,0.0,0.0,0.9613037109375,-0.0933837890625,66.8353271484375,1.043145782647656,0.0,1.044130285734911,0.000984503087255062,0.0009910801541715148,0.02,0.0009910801541715148,0,0
1779347901.4774444,2026-05-21T16:18:21.477,0.01025390625,0.017578125,1.04248046875,0.0,0.0,0.0,0.9613037109375,-0.098876953125,66.8353271484375,1.042679078526619,0.0,1.044130285734911,0.0014512072082921712,0.0010831055649956462,0.02,0.0010831055649956462,0,0
1779347901.4774444,2026-05-21T16:18:21.477,0.009765625,0.0166015625,1.04443359375,0.0,0.0,0.0,0.9613037109375,-0.098876953125,66.8353271484375,1.0446111769757311,0.0,1.044130285734911,0.0004808912408200694,0.0009626627001605309,0.02,0.0009626627001605309,0,0
1779347901.5064442,2026-05-21T16:18:21.506,0.0087890625,0.0166015625,1.044921875,0.0,0.0,0.0,0.9613037109375,-0.098876953125,66.8353271484375,1.0450907062789268,0.0,1.044130285734911,0.0009604205440156832,0.0009622142689315615,0.02,0.0009622142689315615,0,0
1779347901.5064442,2026-05-21T16:18:21.506,0.0068359375,0.02001953125,1.0439453125,0.0,0.0,0.0,0.9613037109375,-0.098876953125,66.8353271484375,1.0441596272427394,0.0,1.044130285734911,2.9341507828295477e-05,0.0007756397167109082,0.02,0.0007756397167109082,0,0
1779347901.5064442,2026-05-21T16:18:21.506,0.009765625,0.01611328125,1.0419921875,0.0,0.0,0.0,0.9613037109375,-0.098876953125,66.8353271484375,1.0421625228702658,0.0,1.044130285734911,0.001967762864645284,0.0010140643462977833,0.02,0.0010140643462977833,0,0
1779347901.5064442,2026-05-21T16:18:21.506,0.0107421875,0.01708984375,1.04248046875,0.0,0.0,0.0,0.9613037109375,-0.1043701171875,66.8408203125,1.0426758772873306,0.0,1.044130285734911,0.0014544084475804908,0.001102133166554325,0.02,0.001102133166554325,0,0
1779347901.5064442,2026-05-21T16:18:21.506,0.00732421875,0.02001953125,1.04296875,0.0,0.0,0.0,0.9613037109375,-0.1043701171875,66.8408203125,1.043186579327174,0.0,1.044130285734911,0.0009437064077371105,0.001070447814790882,0.02,0.001070447814790882,0,0
1779347901.5064442,2026-05-21T16:18:21.506,0.00927734375,0.01806640625,1.04541015625,0.0,0.0,0.0,0.9613037109375,-0.1043701171875,66.8408203125,1.0456074114754998,0.0,1.044130285734911,0.0014771257405887805,0.0011517833999504618,0.02,0.0011517833999504618,0,0
1779347901.5064442,2026-05-21T16:18:21.506,0.00634765625,0.0185546875,1.04296875,0.0,0.0,0.0,0.9613037109375,-0.1043701171875,66.8408203125,1.0431530964554787,0.0,1.044130285734911,0.0009771892794323556,0.0011168645758468407,0.02,0.0011168645758468407,0,0
1779347901.5064442,2026-05-21T16:18:21.506,0.0087890625,0.0185546875,1.0439453125,0.0,0.0,0.0,0.9613037109375,-0.1043701171875,66.8408203125,1.044147182890695,0.0,1.044130285734911,1.6897155783901496e-05,0.0008968710918342528,0.02,0.0008968710918342528,0,0
1779347901.5404449,2026-05-21T16:18:21.540,0.00927734375,0.01806640625,1.04443359375,0.0,0.0,0.0,0.9613037109375,-0.10986328125,66.8463134765625,1.0446310333775202,0.0,1.0441294865383381,0.000501546839182021,0.0008178062413038065,0.02,0.0008178062413038065,0,0
1779347901.5414498,2026-05-21T16:18:21.541,0.009765625,0.01806640625,1.0439453125,0.0,0.0,0.0,0.9613037109375,-0.10986328125,66.8463134765625,1.0441472970597363,0.0,1.0441294865383381,1.7810521398153867e-05,0.000657807097322676,0.02,0.000657807097322676,0,0
1779347901.5414498,2026-05-21T16:18:21.541,0.01025390625,0.017578125,1.04345703125,0.0,0.0,0.0,0.9613037109375,-0.10986328125,66.8463134765625,1.043655455184786,0.0,1.0441298861366246,0.0004744309518385226,0.0006211318682258454,0.02,0.0006211318682258454,0,0
1779347901.5414498,2026-05-21T16:18:21.541,0.0087890625,0.01708984375,1.04296875,0.0,0.0,0.0,0.9613037109375,-0.10986328125,66.8463134765625,1.043145782647656,0.0,1.0441294865383381,0.0009837038906821416,0.0006936462727171048,0.02,0.0006936462727171048,0,0
1779347901.5414498,2026-05-21T16:18:21.541,0.00732421875,0.01953125,1.04296875,0.0,0.0,0.0,0.9613037109375,-0.10986328125,66.8463134765625,1.0431773230776362,0.0,1.0441294865383381,0.0009521634607019269,0.0007453497103140693,0.02,0.0007453497103140693,0,0
1779347901.5414498,2026-05-21T16:18:21.541,0.0078125,0.017578125,1.0458984375,0.0,0.0,0.0,0.9613037109375,-0.1153564453125,66.8463134765625,1.0460753162175787,0.0,1.0441294865383381,0.0019458296792405072,0.0009854457040993569,0.02,0.0009854457040993569,0,0
1779347901.5414498,2026-05-21T16:18:21.541,0.00732421875,0.01904296875,1.0439453125,0.0,0.0,0.0,0.9613037109375,-0.1153564453125,66.851806640625,1.044144671168624,0.0,1.0441294865383381,1.5184630285824952e-05,0.0007913934893366506,0.02,0.0007913934893366506,0,0
1779347901.5414498,2026-05-21T16:18:21.541,0.0068359375,0.0185546875,1.04296875,0.0,0.0,0.0,0.9613037109375,-0.1153564453125,66.851806640625,1.0431561819527742,0.0,1.0441294865383381,0.0009733045855639944,0.0008277757085821194,0.02,0.0008277757085821194,0,0
1779347901.5679607,2026-05-21T16:18:21.567,0.00830078125,0.01806640625,1.04150390625,0.0,0.0,0.0,0.9613037109375,-0.1153564453125,66.851806640625,1.0416936616578596,0.0,1.0441294865383381,0.0024358248804785543,0.0011493855429614065,0.02,0.0011493855429614065,0,0
1779347901.5679607,2026-05-21T16:18:21.567,0.01123046875,0.01953125,1.041015625,0.0,0.0,0.0,0.9613037109375,-0.1153564453125,66.851806640625,1.041259393546607,0.0,1.0441294865383381,0.0028700929917311324,0.0014935270327153518,0.02,0.0014935270327153518,0,0
1779347901.5679607,2026-05-21T16:18:21.567,0.0078125,0.013671875,1.048828125,0.0,0.0,0.0,0.9613037109375,-0.120849609375,66.851806640625,1.0489463242288812,0.0,1.0441284019128756,0.004817922316005641,0.0021584060893734096,0.02,0.0021584060893734096,0,0
1779347901.5679607,2026-05-21T16:18:21.567,0.0087890625,0.01904296875,1.048828125,0.0,0.0,0.0,0.9613037109375,-0.120849609375,66.851806640625,1.049037805834212,0.0,1.0441294865383381,0.004908319295873875,0.002708388730673503,0.02,0.002708388730673503,0,0
1779347901.5679607,2026-05-21T16:18:21.567,0.00927734375,0.01806640625,1.04248046875,0.0,0.0,0.0,0.9613037109375,-0.120849609375,66.8572998046875,1.0426782782177182,0.0,1.0441294865383381,0.0014512083206199566,0.0024569526486627937,0.02,0.0024569526486627937,0,0
1779347901.5679607,2026-05-21T16:18:21.567,0.0087890625,0.01904296875,1.041015625,0.0,0.0,0.0,0.9613037109375,-0.120849609375,66.8572998046875,1.0412268791058858,0.0,1.0441294865383381,0.0029026074324522977,0.0025460836054206947,0.02,0.0025460836054206947,0,0
1779347901.5679607,2026-05-21T16:18:21.567,0.00830078125,0.017578125,1.04443359375,0.0,0.0,0.0,0.9613037109375,-0.120849609375,66.8572998046875,1.0446144864022402,0.0,1.0441284019128756,0.00048608448936460213,0.002134083782209476,0.02,0.002134083782209476,0,0
1779347901.5679607,2026-05-21T16:18:21.567,0.0087890625,0.0185546875,1.04541015625,0.0,0.0,0.0,0.9613037109375,-0.1263427734375,66.8572998046875,1.045611743831572,0.0,1.0441294865383381,0.001482257293233813,0.0020037184844143435,0.02,0.0020037184844143435,0,0
1779347901.5999599,2026-05-21T16:18:21.599,0.01025390625,0.01904296875,1.04296875,0.0,0.0,0.0,0.9613037109375,-0.1263427734375,66.8572998046875,1.0431929786615513,0.0,1.0441294865383381,0.0009365078767868962,0.0017902763628888543,0.02,0.0017902763628888543,0,0
1779347901.5999599,2026-05-21T16:18:21.599,0.0068359375,0.01904296875,1.04345703125,0.0,0.0,0.0,0.9613037109375,-0.1263427734375,66.8572998046875,1.0436531707254957,0.0,1.0441294865383381,0.00047631581284246494,0.0015274842528795764,0.02,0.0015274842528795764,0,0
1779347901.5999599,2026-05-21T16:18:21.599,0.0078125,0.01513671875,1.04443359375,0.0,0.0,0.0,0.9613037109375,-0.1263427734375,66.86279296875,1.0445724901433633,0.0,1.0441284019128756,0.00044408823048769364,0.0013108050484011999,0.02,0.0013108050484011999,0,0
1779347901.5999599,2026-05-21T16:18:21.599,0.00634765625,0.01904296875,1.04638671875,0.0,0.0,0.0,0.9613037109375,-0.1263427734375,66.86279296875,1.0465792337778699,0.0,1.0441294865383381,0.00244974723953173,0.0015385934866273057,0.02,0.0015385934866273057,0,0
1779347901.5999599,2026-05-21T16:18:21.599,0.0068359375,0.0185546875,1.0390625,0.0,0.0,0.0,0.9613037109375,-0.1318359375,66.86279296875,1.0392506364568541,0.0,1.0441294865383381,0.004878850081484032,0.002206644805598651,0.02,0.002206644805598651,0,0
1779347901.5999599,2026-05-21T16:18:21.599,0.00634765625,0.01904296875,1.0439453125,0.0,0.0,0.0,0.966796875,-0.1318359375,66.86279296875,1.0441382776669976,0.0,1.0441294865383381,8.791128659479952e-06,0.0017670740702108167,0.02,0.0017670740702108167,0,0
1779347901.5999599,2026-05-21T16:18:21.599,0.00732421875,0.01904296875,1.04541015625,0.0,0.0,0.0,0.966796875,-0.1318359375,66.86279296875,1.0456092356276128,0.0,1.0441294865383381,0.001479749089274618,0.001709609074023577,0.02,0.001709609074023577,0,0
1779347901.5999599,2026-05-21T16:18:21.599,0.00927734375,0.01904296875,1.04443359375,0.0,0.0,0.0,0.966796875,-0.1318359375,66.86279296875,1.0446483788909113,0.0,1.0441294865383381,0.0005188923525731859,0.0014714657297334988,0.02,0.0014714657297334988,0,0
1779347901.662273,2026-05-21T16:18:21.662,0.00830078125,0.0185546875,1.04296875,0.0,0.0,0.0,0.966796875,-0.1318359375,66.8682861328125,1.0431668097069353,0.0,1.0441294865383381,0.0009626768314028311,0.0013697079500673652,0.02,0.0013697079500673652,0,0
1779347901.662273,2026-05-21T16:18:21.662,0.00732421875,0.017578125,1.044921875,0.0,0.0,0.0,0.966796875,-0.1318359375,66.8682861328125,1.0450953829734055,0.0,1.0441294865383381,0.0009658964350673926,0.0012889456470673707,0.02,0.0012889456470673707,0,0
1779347901.662273,2026-05-21T16:18:21.662,0.01025390625,0.0166015625,1.04248046875,0.0,0.0,0.0,0.966796875,-0.1373291015625,66.8682861328125,1.0426630722318908,0.0,1.0441294865383381,0.001466414306447339,0.0013244393789433645,0.02,0.0013244393789433645,0,0
1779347901.662273,2026-05-21T16:18:21.662,0.00830078125,0.01806640625,1.04345703125,0.0,0.0,0.0,0.966796875,-0.1373291015625,66.8682861328125,1.0436464315414555,0.0,1.0441294865383381,0.0004830549968826148,0.0011561625025312146,0.02,0.0011561625025312146,0,0
1779347901.662273,2026-05-21T16:18:21.662,0.00830078125,0.017578125,1.041015625,0.0,0.0,0.0,0.966796875,-0.1373291015625,66.8682861328125,1.0411971114741034,0.0,1.0441284019128756,0.0029312904387721606,0.001511188089779404,0.02,0.001511188089779404,0,0
1779347901.662273,2026-05-21T16:18:21.662,0.0078125,0.01953125,1.04150390625,0.0,0.0,0.0,0.966796875,-0.1373291015625,66.8682861328125,1.0417163201259838,0.0,1.0441273172874133,0.002410997161429451,0.0016911499041094135,0.02,0.0016911499041094135,0,0
1779347901.662273,2026-05-21T16:18:21.662,0.0087890625,0.0185546875,1.0458984375,0.0,0.0,0.0,0.966796875,-0.1373291015625,66.873779296875,1.046099930987854,0.0,1.0441273172874133,0.001972613700440773,0.0017474426633756854,0.02,0.0017474426633756854,0,0
1779347901.662273,2026-05-21T16:18:21.662,0.00634765625,0.01953125,1.0419921875,0.0,0.0,0.0,0.966796875,-0.142822265625,66.873779296875,1.042194550589028,0.0,1.0441273172874133,0.0019327666983852687,0.0017845074703776022,0.02,0.0017845074703776022,0,0
1779347901.6882782,2026-05-21T16:18:21.688,0.0078125,0.0185546875,1.04443359375,0.0,0.0,0.0,0.966796875,-0.142822265625,66.873779296875,1.0446276098868978,0.0,1.0441273172874133,0.0005002925994845864,0.0015276644961989992,0.02,0.0015276644961989992,0,0
1779347901.6882782,2026-05-21T16:18:21.688,0.0078125,0.01806640625,1.0439453125,0.0,0.0,0.0,0.966796875,-0.142822265625,66.873779296875,1.0441308565892318,0.0,1.0441273172874133,3.5393018185114755e-06,0.0012228394573229019,0.02,0.0012228394573229019,0,0
1779347901.6882782,2026-05-21T16:18:21.688,0.0087890625,0.0205078125,1.0419921875,0.0,0.0,0.0,0.966796875,-0.142822265625,66.873779296875,1.0422310381120874,0.0,1.0441284019128756,0.0018973638007881988,0.0013577443260159613,0.02,0.0013577443260159613,0,0
1779347901.6882782,2026-05-21T16:18:21.688,0.00732421875,0.017578125,1.0458984375,0.0,0.0,0.0,0.966796875,-0.142822265625,66.873779296875,1.0460717834946869,0.0,1.0441273172874133,0.0019444662072736207,0.0014750887022674933,0.02,0.0014750887022674933,0,0
1779347901.6882782,2026-05-21T16:18:21.688,0.00634765625,0.01953125,1.04150390625,0.0,0.0,0.0,0.966796875,-0.142822265625,66.8792724609375,1.0417063641931152,0.0,1.0441284019128756,0.0024220377197603504,0.001664478505766065,0.02,0.001664478505766065,0,0
1779347901.6882782,2026-05-21T16:18:21.688,0.0087890625,0.017578125,1.04296875,0.0,0.0,0.0,0.966796875,-0.1483154296875,66.8792724609375,1.0431538964000984,0.0,1.0441273172874133,0.0009734208873148908,0.0015262669820758302,0.02,0.0015262669820758302,0,0
1779347901.6882782,2026-05-21T16:18:21.688,0.0107421875,0.01611328125,1.04541015625,0.0,0.0,0.0,0.966796875,-0.1483154296875,66.8792724609375,1.0455895118140657,0.0,1.0441273172874133,0.0014621945266524161,0.0015134524909911475,0.02,0.0015134524909911475,0,0
1779347901.6882782,2026-05-21T16:18:21.688,0.01123046875,0.01806640625,1.04248046875,0.0,0.0,0.0,0.966796875,-0.1483154296875,66.8792724609375,1.042697485461797,0.0,1.0441273172874133,0.00142983182561629,0.001496728357916176,0.02,0.001496728357916176,0,0
1779347901.7172747,2026-05-21T16:18:21.717,0.00830078125,0.017578125,1.0439453125,0.0,0.0,0.0,0.966796875,-0.1483154296875,66.8792724609375,1.0441262897459285,0.0,1.0441284019128756,2.1121669471213522e-06,0.0011978051197223652,0.02,0.0011978051197223652,0,0
1779347901.7172747,2026-05-21T16:18:21.717,0.00830078125,0.01953125,1.04345703125,0.0,0.0,0.0,0.966796875,-0.1483154296875,66.8792724609375,1.0436728169119796,0.0,1.0441273172874133,0.00045450037543370847,0.0010491441708646338,0.02,0.0010491441708646338,0,0
1779347901.7172747,2026-05-21T16:18:21.717,0.00732421875,0.01708984375,1.04443359375,0.0,0.0,0.0,0.966796875,-0.1483154296875,66.884765625,1.0445990803620484,0.0,1.0441273172874133,0.00047176307463514533,0.0009336679516187361,0.02,0.0009336679516187361,0,0
1779347901.7172747,2026-05-21T16:18:21.717,0.00927734375,0.0185546875,1.044921875,0.0,0.0,0.0,0.966796875,-0.15380859375,66.884765625,1.0451277770630698,0.0,1.0441273172874133,0.001000459775656548,0.0009470263164262986,0.02,0.0009470263164262986,0,0
1779347901.7172747,2026-05-21T16:18:21.717,0.00927734375,0.01904296875,1.04345703125,0.0,0.0,0.0,0.966796875,-0.15380859375,66.884765625,1.0436720173650975,0.0,1.0441284019128756,0.000456384547778077,0.0008488979626966543,0.02,0.0008488979626966543,0,0
1779347901.7172747,2026-05-21T16:18:21.717,0.01025390625,0.01806640625,1.0458984375,0.0,0.0,0.0,0.966796875,-0.15380859375,66.884765625,1.0461047171259268,0.0,1.0441273172874133,0.001977399838513527,0.001074598337860029,0.02,0.001074598337860029,0,0
1779347901.7172747,2026-05-21T16:18:21.717,0.0078125,0.01806640625,1.04345703125,0.0,0.0,0.0,0.966796875,-0.15380859375,66.884765625,1.043642662148354,0.0,1.0441284019128756,0.0004857397645214867,0.0009568266231923206,0.02,0.0009568266231923206,0,0
1779347901.7172747,2026-05-21T16:18:21.717,0.00830078125,0.01708984375,1.04296875,0.0,0.0,0.0,0.966796875,-0.15380859375,66.884765625,1.043141782887313,0.0,1.0441273172874133,0.0009855344001001853,0.0009625681785738935,0.02,0.0009625681785738935,0,0
1779347901.7767913,2026-05-21T16:18:21.776,0.00732421875,0.01904296875,1.0439453125,0.0,0.0,0.0,0.966796875,-0.15380859375,66.884765625,1.044144671168624,0.0,1.0441284019128756,1.6269255748380118e-05,0.000773308394008791,0.02,0.000773308394008791,0,0
1779347901.7767913,2026-05-21T16:18:21.776,0.0078125,0.01611328125,1.0419921875,0.0,0.0,0.0,0.966796875,-0.1593017578125,66.8902587890625,1.0421460510887746,0.0,1.0441294865383381,0.0019834354495635864,0.0010153338051197502,0.02,0.0010153338051197502,0,0
1779347901.7767913,2026-05-21T16:18:21.776,0.009765625,0.01611328125,1.04541015625,0.0,0.0,0.0,0.966796875,-0.1593017578125,66.8902587890625,1.045579934799311,0.0,1.0441284019128756,0.0014515328864355137,0.001102573621382903,0.02,0.001102573621382903,0,0
1779347901.7767913,2026-05-21T16:18:21.776,0.0087890625,0.01708984375,1.0439453125,0.0,0.0,0.0,0.966796875,-0.1593017578125,66.8902587890625,1.0441221795698772,0.0,1.0441294865383381,7.306968460962793e-06,0.000883520290798515,0.02,0.000883520290798515,0,0
1779347901.7767913,2026-05-21T16:18:21.776,0.00830078125,0.01708984375,1.044921875,0.0,0.0,0.0,0.966796875,-0.1593017578125,66.8902587890625,1.045094584514854,0.0,1.0441284019128756,0.0009661826019784492,0.0009000527530345019,0.02,0.0009000527530345019,0,0
1779347901.7767913,2026-05-21T16:18:21.776,0.0078125,0.01806640625,1.04443359375,0.0,0.0,0.0,0.966796875,-0.1593017578125,66.8902587890625,1.0446190511112556,0.0,1.0441294865383381,0.0004895645729174891,0.0008179551170110994,0.02,0.0008179551170110994,0,0
1779347901.7767913,2026-05-21T16:18:21.776,0.00927734375,0.01708984375,1.04345703125,0.0,0.0,0.0,0.966796875,-0.1593017578125,66.8902587890625,1.0436382073935002,0.0,1.0441294865383381,0.0004912791448379306,0.0007526199225764656,0.02,0.0007526199225764656,0,0
1779347901.7767913,2026-05-21T16:18:21.776,0.00732421875,0.01904296875,1.04296875,0.0,0.0,0.0,0.966796875,-0.164794921875,66.895751953125,1.0431682952983539,0.0,1.0441294865383381,0.0009611912399842826,0.0007943341860580291,0.02,0.0007943341860580291,0,0
1779347901.8096442,2026-05-21T16:18:21.809,0.00927734375,0.01708984375,1.04345703125,0.0,0.0,0.0,0.966796875,-0.164794921875,66.895751953125,1.0436382073935002,0.0,1.0441284019128756,0.0004901945193753754,0.0007335062527214984,0.02,0.0007335062527214984,0,0
1779347901.8096442,2026-05-21T16:18:21.809,0.009765625,0.017578125,1.0439453125,0.0,0.0,0.0,0.966796875,-0.164794921875,66.895751953125,1.0441389626869015,0.0,1.0441273172874133,1.1645399488280361e-05,0.0005891340820748549,0.02,0.0005891340820748549,0,0
1779347901.8096442,2026-05-21T16:18:21.809,0.0078125,0.017578125,1.04296875,0.0,0.0,0.0,0.966796875,-0.164794921875,66.895751953125,1.0431461254835432,0.0,1.0441284019128756,0.0009822764293323516,0.0006677625515263542,0.02,0.0006677625515263542,0,0
1779347901.8096442,2026-05-21T16:18:21.809,0.01025390625,0.01611328125,1.04150390625,0.0,0.0,0.0,0.966796875,-0.164794921875,66.895751953125,1.0416790134969764,0.0,1.0441273172874133,0.002448303790436812,0.001023870799308446,0.02,0.001023870799308446,0,0
1779347901.8096442,2026-05-21T16:18:21.809,0.0087890625,0.0185546875,1.04443359375,0.0,0.0,0.0,0.966796875,-0.1702880859375,66.895751953125,1.044635369782869,0.0,1.0441273172874133,0.0005080524954557131,0.0009207071385378995,0.02,0.0009207071385378995,0,0
1779347901.8096442,2026-05-21T16:18:21.809,0.00927734375,0.0205078125,1.04296875,0.0,0.0,0.0,0.966796875,-0.1702880859375,66.895751953125,1.043211605072122,0.0,1.0441273172874133,0.0009157122152911867,0.000919708153888557,0.02,0.000919708153888557,0,0
1779347901.8096442,2026-05-21T16:18:21.809,0.009765625,0.01904296875,1.04443359375,0.0,0.0,0.0,0.966796875,-0.1702880859375,66.9012451171875,1.0446528293380506,0.0,1.0441273172874133,0.0005255120506373334,0.0008408689332383124,0.02,0.0008408689332383124,0,0
1779347901.8096442,2026-05-21T16:18:21.809,0.0087890625,0.0185546875,1.04345703125,0.0,0.0,0.0,0.966796875,-0.1702880859375,66.9012451171875,1.0436589960868037,0.0,1.0441273172874133,0.00046832120060957827,0.0007663593867125656,0.02,0.0007663593867125656,0,0
1779347901.8668957,2026-05-21T16:18:21.866,0.00732421875,0.02001953125,1.0458984375,0.0,0.0,0.0,0.966796875,-0.1702880859375,66.9012451171875,1.0461156567878664,0.0,1.0441298861366246,0.001985770651241836,0.0010102416396184197,0.02,0.0010102416396184197,0,0
1779347901.8668957,2026-05-21T16:18:21.866,0.00732421875,0.01904296875,1.04345703125,0.0,0.0,0.0,0.966796875,-0.1702880859375,66.9012451171875,1.0436564831898352,0.0,1.044130285734911,0.0004738025450758965,0.0009029538207099151,0.02,0.0009029538207099151,0,0
1779347901.8668957,2026-05-21T16:18:21.866,0.00830078125,0.01953125,1.0439453125,0.0,0.0,0.0,0.966796875,-0.17578125,66.9012451171875,1.044160997254085,0.0,1.0441298861366246,3.111111746045836e-05,0.0007285852800600238,0.02,0.0007285852800600238,0,0
1779347901.8668957,2026-05-21T16:18:21.866,0.0078125,0.01708984375,1.04052734375,0.0,0.0,0.0,0.966796875,-0.17578125,66.9012451171875,1.0406970024974032,0.0,1.044130285734911,0.0034332832375079114,0.0012695248715496013,0.02,0.0012695248715496013,0,0
1779347901.8668957,2026-05-21T16:18:21.866,0.0078125,0.01904296875,1.04443359375,0.0,0.0,0.0,0.966796875,-0.17578125,66.9012451171875,1.0446363968236045,0.0,1.0441298861366246,0.000506510686979933,0.0011169220346356678,0.02,0.0011169220346356678,0,0
1779347901.8668957,2026-05-21T16:18:21.866,0.0078125,0.01806640625,1.04345703125,0.0,0.0,0.0,0.966796875,-0.17578125,66.90673828125,1.043642662148354,0.0,1.044130285734911,0.00048762358655696225,0.0009910623450199267,0.02,0.0009910623450199267,0,0
1779347901.8668957,2026-05-21T16:18:21.866,0.01025390625,0.01806640625,1.044921875,0.0,0.0,0.0,0.966796875,-0.17578125,66.90673828125,1.0451283473725557,0.0,1.0441298861366246,0.0009984612359310585,0.0009925421232021532,0.02,0.0009925421232021532,0,0
1779347901.8668957,2026-05-21T16:18:21.866,0.00830078125,0.0185546875,1.0439453125,0.0,0.0,0.0,0.966796875,-0.17578125,66.90673828125,1.0441431869663784,0.0,1.044130285734911,1.290123146735489e-05,0.0007966139448551936,0.02,0.0007966139448551936,0,0
1779347901.9288986,2026-05-21T16:18:21.928,0.00634765625,0.0166015625,1.0439453125,0.0,0.0,0.0,0.9722900390625,-0.1812744140625,66.90673828125,1.044096604777562,0.0,1.0441298861366246,3.3281359062664606e-05,0.0006439474276966878,0.02,0.0006439474276966878,0,0
1779347901.9288986,2026-05-21T16:18:21.928,0.0068359375,0.015625,1.04443359375,0.0,0.0,0.0,0.9722900390625,-0.1812744140625,66.90673828125,1.0445728325109953,0.0,1.0441294865383381,0.0004433459726571609,0.0006038271366887825,0.02,0.0006038271366887825,0,0
1779347901.9288986,2026-05-21T16:18:21.928,0.00927734375,0.01904296875,1.04248046875,0.0,0.0,0.0,0.9722900390625,-0.1812744140625,66.90673828125,1.0426956562157,0.0,1.0441298861366246,0.001434229920924679,0.0007699076935359617,0.02,0.0007699076935359617,0,0
1779347901.9288986,2026-05-21T16:18:21.928,0.01025390625,0.017578125,1.04345703125,0.0,0.0,0.0,0.9722900390625,-0.1812744140625,66.90673828125,1.043655455184786,0.0,1.0441294865383381,0.0004740313535520624,0.000710732425539182,0.02,0.000710732425539182,0,0
1779347901.9288986,2026-05-21T16:18:21.928,0.0087890625,0.0166015625,1.04443359375,0.0,0.0,0.0,0.9722900390625,-0.1812744140625,66.9122314453125,1.044602503946171,0.0,1.0441294865383381,0.0004730174078328986,0.0006631894219979253,0.02,0.0006631894219979253,0,0
1779347901.9288986,2026-05-21T16:18:21.928,0.0078125,0.0185546875,1.0439453125,0.0,0.0,0.0,0.9722900390625,-0.1812744140625,66.9122314453125,1.0441394193665878,0.0,1.0441294865383381,9.932828249681336e-06,0.0005325381032482765,0.02,0.0005325381032482765,0,0
1779347901.9288986,2026-05-21T16:18:21.928,0.009765625,0.02001953125,1.046875,0.0,0.0,0.0,0.9722900390625,-0.1812744140625,66.9122314453125,1.0471119399033277,0.0,1.0441298861366246,0.00298205376670313,0.001022441235939247,0.02,0.001022441235939247,0,0
1779347901.9288986,2026-05-21T16:18:21.928,0.0087890625,0.0205078125,1.04541015625,0.0,0.0,0.0,0.9722900390625,-0.186767578125,66.9122314453125,1.0456482261180446,0.0,1.044130285734911,0.0015179403831335758,0.0011215410653781129,0.02,0.0011215410653781129,0,0
1779347901.9288986,2026-05-21T16:18:21.928,0.009765625,0.01708984375,1.04638671875,0.0,0.0,0.0,0.9722900390625,-0.186767578125,66.9122314453125,1.0465718300085436,0.0,1.044130285734911,0.0024415442736325232,0.001385541707028995,0.02,0.001385541707028995,0,0
1779347901.9288986,2026-05-21T16:18:21.928,0.00634765625,0.017578125,1.0439453125,0.0,0.0,0.0,0.9722900390625,-0.186767578125,66.9122314453125,1.0441125890961696,0.0,1.044130285734911,1.7696638741515613e-05,0.0011119726933714992,0.02,0.0011119726933714992,0,0
1779347901.9288986,2026-05-21T16:18:21.928,0.0087890625,0.01806640625,1.04248046875,0.0,0.0,0.0,0.9722900390625,-0.186767578125,66.9122314453125,1.0426740480033243,0.0,1.044130285734911,0.0014562377315867625,0.001180825701014552,0.02,0.001180825701014552,0,0
1779347901.9288986,2026-05-21T16:18:21.928,0.00927734375,0.01708984375,1.044921875,0.0,0.0,0.0,0.9722900390625,-0.186767578125,66.917724609375,1.0451027972022517,0.0,1.044130285734911,0.0009725114673406754,0.0011391628542797767,0.02,0.0011391628542797767,0,0
1779347901.9288986,2026-05-21T16:18:21.928,0.00830078125,0.01806640625,1.04638671875,0.0,0.0,0.0,0.9722900390625,-0.186767578125,66.917724609375,1.046575588851824,0.0,1.044130285734911,0.0024453031169129336,0.0014003909068064082,0.02,0.0014003909068064082,0,0
1779347901.9288986,2026-05-21T16:18:21.928,0.00732421875,0.01806640625,1.04541015625,0.0,0.0,0.0,0.9722900390625,-0.1922607421875,66.917724609375,1.0455919060540482,0.0,1.044130285734911,0.0014616203191371024,0.0014126367892725472,0.02,0.0014126367892725472,0,0
1779347901.9288986,2026-05-21T16:18:21.928,0.00732421875,0.017578125,1.04345703125,0.0,0.0,0.0,0.9722900390625,-0.1922607421875,66.917724609375,1.043630782759821,0.0,1.044130285734911,0.0004995029750900493,0.0012300100264360477,0.02,0.0012300100264360477,0,0
1779347901.9298952,2026-05-21T16:18:21.929,0.00732421875,0.0166015625,1.04345703125,0.0,0.0,0.0,0.9722900390625,-0.1922607421875,66.917724609375,1.0436147910617226,0.0,1.044130285734911,0.0005154946731884547,0.0010871069557865291,0.02,0.0010871069557865291,0,0
1779347901.957406,2026-05-21T16:18:21.957,0.01123046875,0.02001953125,1.04296875,0.0,0.0,0.0,0.9722900390625,-0.1922607421875,66.917724609375,1.0432213180990777,0.0,1.044130285734911,0.0009089676358333687,0.0010514790917958972,0.02,0.0010514790917958972,0,0
1779347901.957406,2026-05-21T16:18:21.957,0.00830078125,0.01806640625,1.04296875,0.0,0.0,0.0,0.9722900390625,-0.1922607421875,66.917724609375,1.0431582389459007,0.0,1.044130285734911,0.0009720467890104167,0.0010355926312388011,0.02,0.0010355926312388011,0,0
1779347901.957406,2026-05-21T16:18:21.957,0.009765625,0.01806640625,1.044921875,0.0,0.0,0.0,0.9722900390625,-0.1922607421875,66.917724609375,1.0451236708255853,0.0,1.0441298861366246,0.0009937846889607194,0.001027231042783185,0.02,0.001027231042783185,0,0
1779347901.957406,2026-05-21T16:18:21.957,0.005859375,0.01806640625,1.04248046875,0.0,0.0,0.0,0.9722900390625,-0.1922607421875,66.9232177734375,1.0426534683371078,0.0,1.044130285734911,0.001476817397803254,0.0011171483137871988,0.02,0.0011171483137871988,0,0
1779347901.957406,2026-05-21T16:18:21.957,0.00830078125,0.01806640625,1.04443359375,0.0,0.0,0.0,0.9722900390625,-0.19775390625,66.9232177734375,1.0446228169811773,0.0,1.0441298861366246,0.0004929308445527081,0.0009923048199403008,0.02,0.0009923048199403008,0,0
1779347901.957406,2026-05-21T16:18:21.957,0.00927734375,0.0185546875,1.04541015625,0.0,0.0,0.0,0.9722900390625,-0.19775390625,66.9232177734375,1.0456159621610257,0.0,1.044130285734911,0.001485676426114635,0.0010909791411751676,0.02,0.0010909791411751676,0,0
1779347901.957406,2026-05-21T16:18:21.957,0.005859375,0.0166015625,1.0439453125,0.0,0.0,0.0,0.9722900390625,-0.19775390625,66.9232177734375,1.0440937504092027,0.0,1.044130285734911,3.653532570835338e-05,0.0008800903780818048,0.02,0.0008800903780818048,0,0
1779347901.957406,2026-05-21T16:18:21.957,0.0078125,0.02001953125,1.04296875,0.0,0.0,0.0,0.9722900390625,-0.19775390625,66.9232177734375,1.0431901218206978,0.0,1.044130285734911,0.0009401639142132545,0.0008921050853080948,0.02,0.0008921050853080948,0,0
1779347902.0164065,2026-05-21T16:18:22.016,0.00830078125,0.01806640625,1.04541015625,0.0,0.0,0.0,0.9722900390625,-0.19775390625,66.9232177734375,1.0455992027516088,0.0,1.0441284019128756,0.0014708008387331883,0.0010078442359931134,0.02,0.0010078442359931134,0,0
1779347902.0164065,2026-05-21T16:18:22.016,0.00830078125,0.01806640625,1.0419921875,0.0,0.0,0.0,0.9722900390625,-0.19775390625,66.9232177734375,1.042181854003986,0.0,1.0441294865383381,0.0019476325343521506,0.001195801895664921,0.02,0.001195801895664921,0,0
1779347902.0164065,2026-05-21T16:18:22.016,0.00927734375,0.0166015625,1.04345703125,0.0,0.0,0.0,0.9722900390625,-0.2032470703125,66.9287109375,1.0436303258575617,0.0,1.0441284019128756,0.0004980760553139341,0.0010562567275947236,0.02,0.0010562567275947236,0,0
1779347902.0164065,2026-05-21T16:18:22.016,0.00634765625,0.02001953125,1.044921875,0.0,0.0,0.0,0.9722900390625,-0.2032470703125,66.9287109375,1.0451329098372386,0.0,1.0441273172874133,0.0010055925498253515,0.001046123892040849,0.02,0.001046123892040849,0,0
1779347902.0164065,2026-05-21T16:18:22.016,0.0068359375,0.01953125,1.04296875,0.0,0.0,0.0,0.9722900390625,-0.2032470703125,66.9287109375,1.0431740090917856,0.0,1.0441284019128756,0.0009543928210899999,0.0010277776778506794,0.02,0.0010277776778506794,0,0
1779347902.0164065,2026-05-21T16:18:22.016,0.00634765625,0.0166015625,1.04443359375,0.0,0.0,0.0,0.9722900390625,-0.2032470703125,66.9287109375,1.0445848153074262,0.0,1.0441273172874133,0.0004574980200129364,0.0009137217462831308,0.02,0.0009137217462831308,0,0
1779347902.0164065,2026-05-21T16:18:22.016,0.00927734375,0.01708984375,1.0419921875,0.0,0.0,0.0,0.9722900390625,-0.2032470703125,66.9287109375,1.0421736182985493,0.0,1.0441284019128756,0.0019547836143263275,0.0011219341198917703,0.02,0.0011219341198917703,0,0
1779347902.0164065,2026-05-21T16:18:22.016,0.009765625,0.01806640625,1.04345703125,0.0,0.0,0.0,0.9722900390625,-0.2032470703125,66.9287109375,1.0436591103092494,0.0,1.0441273172874133,0.00046820697816385426,0.0009911886915461871,0.02,0.0009911886915461871,0,0
1779347902.0769243,2026-05-21T16:18:22.076,0.00927734375,0.01806640625,1.044921875,0.0,0.0,0.0,0.9722900390625,-0.2032470703125,66.9287109375,1.0451192223834376,0.0,1.0441273172874133,0.0009919050960243148,0.0009913319724418126,0.02,0.0009913319724418126,0,0
1779347902.0769243,2026-05-21T16:18:22.076,0.0087890625,0.0185546875,1.044921875,0.0,0.0,0.0,0.9722900390625,-0.2032470703125,66.9287109375,1.0451235567632027,0.0,1.0441273172874133,0.0009962394757894177,0.0009923134731113338,0.02,0.0009923134731113338,0,0
1779347902.0769243,2026-05-21T16:18:22.076,0.0087890625,0.017578125,1.04296875,0.0,0.0,0.0,0.9722900390625,-0.208740234375,66.9342041015625,1.0431538964000984,0.0,1.0441273172874133,0.0009734208873148908,0.0009885349559520453,0.02,0.0009885349559520453,0,0
1779347902.0769243,2026-05-21T16:18:22.076,0.0087890625,0.01806640625,1.04443359375,0.0,0.0,0.0,0.9722900390625,-0.208740234375,66.9342041015625,1.0446268110708048,0.0,1.0441273172874133,0.0004994937833915358,0.0008907267214399435,0.02,0.0008907267214399435,0,0
1779347902.0769243,2026-05-21T16:18:22.076,0.01123046875,0.015625,1.0439453125,0.0,0.0,0.0,0.9722900390625,-0.208740234375,66.9342041015625,1.044122636256904,0.0,1.0441273172874133,4.681030509212647e-06,0.0007135175832537974,0.02,0.0007135175832537974,0,0
1779347902.0769243,2026-05-21T16:18:22.076,0.0087890625,0.01806640625,1.04345703125,0.0,0.0,0.0,0.9722900390625,-0.208740234375,66.9342041015625,1.0436504293677469,0.0,1.0441273172874133,0.00047688791966638,0.0006661916505363138,0.02,0.0006661916505363138,0,0
1779347902.0769243,2026-05-21T16:18:22.076,0.01025390625,0.0166015625,1.0419921875,0.0,0.0,0.0,0.9722900390625,-0.208740234375,66.9342041015625,1.0421748765355363,0.0,1.0441273172874133,0.0019524407518769493,0.000923441470804441,0.02,0.000923441470804441,0,0
1779347902.0769243,2026-05-21T16:18:22.076,0.00732421875,0.01806640625,1.0458984375,0.0,0.0,0.0,0.9722900390625,-0.208740234375,66.9342041015625,1.0460801024682715,0.0,1.0441273172874133,0.0019527851808582852,0.00112931021281521,0.02,0.00112931021281521,0,0
1779347902.0779223,2026-05-21T16:18:22.077,0.00732421875,0.0185546875,1.04345703125,0.0,0.0,0.0,0.9722900390625,-0.208740234375,66.9342041015625,1.0436476880027972,0.0,1.0441273172874133,0.0004796292846160899,0.000999374027175386,0.02,0.000999374027175386,0,0
1779347902.0779223,2026-05-21T16:18:22.077,0.00927734375,0.01806640625,1.04248046875,0.0,0.0,0.0,0.9722900390625,-0.2142333984375,66.9342041015625,1.0426782782177182,0.0,1.0441273172874133,0.0014490390696950683,0.0010893070356793224,0.02,0.0010893070356793224,0,0
1779347902.0779223,2026-05-21T16:18:22.077,0.0087890625,0.0185546875,1.044921875,0.0,0.0,0.0,0.9722900390625,-0.2142333984375,66.939697265625,1.0451235567632027,0.0,1.0441269747736412,0.0009965819895614292,0.0010707620264557437,0.02,0.0010707620264557437,0,0
1779347902.0779223,2026-05-21T16:18:22.077,0.00830078125,0.01904296875,1.04541015625,0.0,0.0,0.0,0.9722900390625,-0.2142333984375,66.939697265625,1.0456165322042412,0.0,1.0441273172874133,0.0014892149168279634,0.0011544526045301877,0.02,0.0011544526045301877,0,0
1779347902.0779223,2026-05-21T16:18:22.077,0.00830078125,0.0185546875,1.0439453125,0.0,0.0,0.0,0.9722900390625,-0.2142333984375,66.939697265625,1.0441431869663784,0.0,1.0441273172874133,1.586967896516356e-05,0.0009267360194171829,0.02,0.0009267360194171829,0,0
1779347902.0779223,2026-05-21T16:18:22.077,0.0087890625,0.0185546875,1.044921875,0.0,0.0,0.0,0.9722900390625,-0.2142333984375,66.939697265625,1.0451235567632027,0.0,1.0441273172874133,0.0009962394757894177,0.0009406367106916299,0.02,0.0009406367106916299,0,0
1779347902.0779223,2026-05-21T16:18:22.077,0.00927734375,0.01806640625,1.0439453125,0.0,0.0,0.0,0.9722900390625,-0.2142333984375,66.939697265625,1.0441428444578684,0.0,1.0441273172874133,1.5527170455165162e-05,0.000755614802644337,0.02,0.000755614802644337,0,0
1779347902.0779223,2026-05-21T16:18:22.077,0.0087890625,0.01708984375,1.04443359375,0.0,0.0,0.0,0.9722900390625,-0.2142333984375,66.939697265625,1.044610378147072,0.0,1.0441273172874133,0.0004830608596586572,0.0007011040140472011,0.02,0.0007011040140472011,0,0
1779347902.136922,2026-05-21T16:18:22.136,0.00732421875,0.02099609375,1.04296875,0.0,0.0,0.0,0.9722900390625,-0.2197265625,66.939697265625,1.0432057772125398,0.0,1.0441273172874133,0.0009215400748734393,0.0007451912262124488,0.02,0.0007451912262124488,0,0
1779347902.136922,2026-05-21T16:18:22.136,0.0087890625,0.0185546875,1.04052734375,0.0,0.0,0.0,0.9722900390625,-0.2197265625,66.939697265625,1.0407298771243585,0.0,1.0441273172874133,0.0033974401630547657,0.0012756410135809123,0.02,0.0012756410135809123,0,0
1779347902.136922,2026-05-21T16:18:22.136,0.00732421875,0.01806640625,1.0439453125,0.0,0.0,0.0,0.9722900390625,-0.2197265625,66.9451904296875,1.0441273172874133,0.0,1.0441273172874133,0.0,0.0010205128108647299,0.02,0.0010205128108647299,0,0
1779347902.136922,2026-05-21T16:18:22.136,0.00830078125,0.0205078125,1.0458984375,0.0,0.0,0.0,0.9722900390625,-0.2197265625,66.9451904296875,1.046132407923508,0.0,1.0441273172874133,0.002005090636094664,0.0012174283759107166,0.02,0.0012174283759107166,0,0
1779347902.136922,2026-05-21T16:18:22.136,0.00732421875,0.01806640625,1.04443359375,0.0,0.0,0.0,0.9722900390625,-0.2197265625,66.9451904296875,1.0446155134635078,0.0,1.0441273172874133,0.00048819617609452415,0.0010715819359474782,0.02,0.0010715819359474782,0,0
1779347902.136922,2026-05-21T16:18:22.136,0.0087890625,0.0185546875,1.0458984375,0.0,0.0,0.0,0.9722900390625,-0.2197265625,66.9451904296875,1.046099930987854,0.0,1.0441273172874133,0.001972613700440773,0.0012517882888461373,0.02,0.0012517882888461373,0,0
1779347902.136922,2026-05-21T16:18:22.136,0.009765625,0.02001953125,1.0439453125,0.0,0.0,0.0,0.9722900390625,-0.2197265625,66.9451904296875,1.0441829171911563,0.0,1.0441273172874133,5.5599903743042134e-05,0.0010125506118255183,0.02,0.0010125506118255183,0,0
1779347902.136922,2026-05-21T16:18:22.136,0.0078125,0.01806640625,1.04296875,0.0,0.0,0.0,0.9722900390625,-0.2252197265625,66.9451904296875,1.0431544677887368,0.0,1.0441273172874133,0.0009728494986764868,0.001004610389195712,0.02,0.001004610389195712,0,0
1779347902.1694381,2026-05-21T16:18:22.169,0.00927734375,0.01708984375,1.04296875,0.0,0.0,0.0,0.9722900390625,-0.2252197265625,66.9451904296875,1.043150010949057,0.0,1.0441273172874133,0.000977306338356243,0.0009991495790278183,0.02,0.0009991495790278183,0,0
1779347902.1694381,2026-05-21T16:18:22.169,0.0068359375,0.01611328125,1.0439453125,0.0,0.0,0.0,0.9722900390625,-0.2252197265625,66.9451904296875,1.0440920377844418,0.0,1.0441273172874133,3.5279502971441445e-05,0.000806375563816543,0.02,0.000806375563816543,0,0
1779347902.1694381,2026-05-21T16:18:22.169,0.00830078125,0.01953125,1.04443359375,0.0,0.0,0.0,0.9722900390625,-0.2252197265625,66.95068359375,1.044649177690512,0.0,1.0441273172874133,0.0005218604030987617,0.0007494725316729867,0.02,0.0007494725316729867,0,0
1779347902.1694381,2026-05-21T16:18:22.169,0.01220703125,0.01806640625,1.04345703125,0.0,0.0,0.0,0.9722900390625,-0.2252197265625,66.95068359375,1.043684810041706,0.0,1.0441273172874133,0.00044250724570726874,0.0006880794744798432,0.02,0.0006880794744798432,0,0
1779347902.1694381,2026-05-21T16:18:22.169,0.00927734375,0.0166015625,1.04296875,0.0,0.0,0.0,0.9722900390625,-0.2252197265625,66.95068359375,1.0431421257245148,0.0,1.0441273172874133,0.0009851915628984464,0.0007475018921635639,0.02,0.0007475018921635639,0,0
1779347902.1694381,2026-05-21T16:18:22.169,0.00927734375,0.0185546875,1.04296875,0.0,0.0,0.0,0.9722900390625,-0.2252197265625,66.95068359375,1.0431750375712796,0.0,1.0441273172874133,0.0009522797161336527,0.0007884574569575817,0.02,0.0007884574569575817,0,0
1779347902.1694381,2026-05-21T16:18:22.169,0.009765625,0.01708984375,1.04248046875,0.0,0.0,0.0,0.9722900390625,-0.230712890625,66.95068359375,1.0426662735104937,0.0,1.0441273172874133,0.0014610437769195794,0.0009229747209499814,0.02,0.0009229747209499814,0,0
1779347902.1694381,2026-05-21T16:18:22.169,0.0087890625,0.015625,1.04443359375,0.0,0.0,0.0,0.9722900390625,-0.230712890625,66.95068359375,1.0445874400921011,0.0,1.0441273172874133,0.00046012280468787914,0.000830404337697561,0.02,0.000830404337697561,0,0
1779347902.227438,2026-05-21T16:18:22.227,0.00927734375,0.01904296875,1.04345703125,0.0,0.0,0.0,0.9722900390625,-0.230712890625,66.95068359375,1.0436720173650975,0.0,1.0441263468315913,0.0004543294664938191,0.0007551893634568127,0.02,0.0007551893634568127,0,0
1779347902.227438,2026-05-21T16:18:22.227,0.01025390625,0.0166015625,1.04443359375,0.0,0.0,0.0,0.9722900390625,-0.230712890625,66.95068359375,1.0446158558170393,0.0,1.0441262897459285,0.0004895660711108363,0.0007020647049876175,0.02,0.0007020647049876175,0,0
1779347902.227438,2026-05-21T16:18:22.227,0.00732421875,0.0185546875,1.04443359375,0.0,0.0,0.0,0.977783203125,-0.230712890625,66.95068359375,1.0446240722681344,0.0,1.0441263468315913,0.0004977254365430284,0.0006611968512986997,0.02,0.0006611968512986997,0,0
1779347902.227438,2026-05-21T16:18:22.227,0.0087890625,0.01904296875,1.04541015625,0.0,0.0,0.0,0.977783203125,-0.230712890625,66.9561767578125,1.0456205224980484,0.0,1.0441264039172544,0.0014941185807939572,0.0008277811971977513,0.02,0.0008277811971977513,0,0
1779347902.227438,2026-05-21T16:18:22.227,0.00927734375,0.0205078125,1.04541015625,0.0,0.0,0.0,0.977783203125,-0.230712890625,66.9561767578125,1.045652444300323,0.0,1.0441264039172544,0.0015260403830685831,0.0009674330343719177,0.02,0.0009674330343719177,0,0
1779347902.227438,2026-05-21T16:18:22.227,0.009765625,0.01953125,1.044921875,0.0,0.0,0.0,0.977783203125,-0.2362060546875,66.9561767578125,1.0451500189024152,0.0,1.0441264039172544,0.0010236149851607923,0.0009786694245296926,0.02,0.0009786694245296926,0,0
1779347902.227438,2026-05-21T16:18:22.227,-0.00048828125,0.00634765625,1.06298828125,-0.30517578125,0.54931640625,0.0,0.9722900390625,-0.230712890625,66.9561767578125,1.0630073458040055,0.6283953943473511,1.0441265180885617,0.01888082771544375,0.004559101082712504,0.02,0.004559101082712504,0,0
1779347902.227438,2026-05-21T16:18:22.227,0.01806640625,0.029296875,1.0400390625,0.1220703125,-0.06103515625,0.0,0.9722900390625,-0.230712890625,66.9561767578125,1.0406084534758664,0.13647875839232115,1.044126632259869,0.0035181787840026235,0.004350916622970527,0.02,0.004350916622970527,0,0
1779347902.256946,2026-05-21T16:18:22.256,0.00732421875,0.01123046875,1.056640625,0.1220703125,0.18310546875,0.0,0.977783203125,-0.230712890625,66.9561767578125,1.0567256872098043,0.2200653854653314,1.0441265180885617,0.012599169121242593,0.0060005671226249415,0.02,0.0060005671226249415,0,0
1779347902.256946,2026-05-21T16:18:22.256,0.01025390625,0.0166015625,1.04443359375,0.244140625,0.06103515625,0.0,0.977783203125,-0.230712890625,66.9561767578125,1.0446158558170393,0.2516543960948279,1.044126632259869,0.000489223557170293,0.004898298409534012,0.02,0.004898298409534012,0,0
1779347902.256946,2026-05-21T16:18:22.256,0.0087890625,0.01611328125,1.03662109375,0.18310546875,0.06103515625,0.0,0.977783203125,-0.2362060546875,66.9561767578125,1.0367835731046846,0.19301011109426144,1.0441269747736412,0.0073434016689566395,0.005387319061418538,0.02,0.005387319061418538,0,0
1779347902.256946,2026-05-21T16:18:22.256,0.0087890625,0.015625,1.03955078125,0.1220703125,0.1220703125,0.0,0.977783203125,-0.2362060546875,66.961669921875,1.0397053501074784,0.17263349150062196,1.044126632259869,0.004421282152390571,0.005194111679612944,0.02,0.005194111679612944,0,0
1779347902.256946,2026-05-21T16:18:22.256,0.009765625,0.0166015625,1.04931640625,0.06103515625,0.06103515625,0.0,0.977783203125,-0.2362060546875,66.961669921875,1.0494931632623898,0.08631674575031098,1.0441265180885617,0.005366645173828122,0.005228618378455981,0.02,0.005228618378455981,0,0
1779347902.256946,2026-05-21T16:18:22.256,0.0087890625,0.0166015625,1.04443359375,-0.06103515625,0.0,0.0,0.977783203125,-0.2362060546875,66.961669921875,1.044602503946171,0.06103515625,1.044126632259869,0.0004758716863020318,0.004278069040025191,0.02,0.004278069040025191,0,0
1779347902.256946,2026-05-21T16:18:22.256,0.00830078125,0.02001953125,1.04248046875,0.0,0.0,0.0,0.977783203125,-0.2362060546875,66.961669921875,1.0427057170295222,0.0,1.0441269747736412,0.0014212577441190533,0.003706706780843964,0.02,0.003706706780843964,0,0
1779347902.256946,2026-05-21T16:18:22.256,0.01025390625,0.0185546875,1.0458984375,0.06103515625,0.0,0.0,0.977783203125,-0.2362060546875,66.961669921875,1.0461132637465924,0.06103515625,1.044126632259869,0.0019866314867234003,0.003362691722019851,0.02,0.003362691722019851,0,0
1779347902.289952,2026-05-21T16:18:22.289,0.00927734375,0.017578125,1.04638671875,0.0,0.0,0.0,0.977783203125,-0.2362060546875,66.961669921875,1.0465754749476806,0.0,1.0441273172874133,0.0024481576602672916,0.0031797849096693396,0.02,0.0031797849096693396,0,0
1779347902.289952,2026-05-21T16:18:22.289,0.0107421875,0.01904296875,1.04248046875,0.0,-0.06103515625,0.0,0.977783203125,-0.2362060546875,66.961669921875,1.0427097184625826,0.06103515625,1.0441273172874133,0.0014175988248306126,0.0028273476927015945,0.02,0.0028273476927015945,0,0
1779347902.289952,2026-05-21T16:18:22.289,0.00927734375,0.0166015625,1.04345703125,0.0,-0.06103515625,0.0,0.977783203125,-0.24169921875,66.961669921875,1.0436303258575617,0.06103515625,1.0441273172874133,0.0004969914298516009,0.0023612764401315955,0.02,0.0023612764401315955,0,0
1779347902.289952,2026-05-21T16:18:22.289,0.0087890625,0.0166015625,1.04443359375,0.0,0.0,0.0,0.977783203125,-0.24169921875,66.961669921875,1.044602503946171,0.0,1.0441273172874133,0.00047518665875778687,0.001984058483856834,0.02,0.001984058483856834,0,0
1779347902.289952,2026-05-21T16:18:22.289,0.00732421875,0.0185546875,1.0458984375,0.0,0.06103515625,0.0,0.977783203125,-0.24169921875,66.9671630859375,1.0460886492900408,0.06103515625,1.0441273172874133,0.0019613320026274916,0.0019795131876109654,0.02,0.0019795131876109654,0,0
1779347902.289952,2026-05-21T16:18:22.289,0.00830078125,0.01953125,1.0400390625,0.0,0.06103515625,0.0,0.977783203125,-0.24169921875,66.9671630859375,1.0402555571693919,0.06103515625,1.0441273172874133,0.0038717601180213723,0.002357962573693047,0.02,0.002357962573693047,0,0
1779347902.289952,2026-05-21T16:18:22.289,0.0078125,0.01611328125,1.04443359375,0.0,0.0,0.0,0.977783203125,-0.24169921875,66.9671630859375,1.0445870977292566,0.0,1.0441273172874133,0.0004597804418433604,0.0019783261473231097,0.02,0.0019783261473231097,0,0
1779347902.289952,2026-05-21T16:18:22.289,0.009765625,0.01953125,1.04541015625,-0.06103515625,-0.06103515625,0.0,0.977783203125,-0.24169921875,66.9671630859375,1.0456381936161536,0.08631674575031098,1.0441273172874133,0.0015108763287403626,0.0018848361836065605,0.02,0.0018848361836065605,0,0
1779347902.3509598,2026-05-21T16:18:22.350,0.00830078125,0.0185546875,1.0439453125,0.0,0.0,0.0,0.977783203125,-0.24169921875,66.9671630859375,1.0441431869663784,0.0,1.0441284019128756,1.4785053502830436e-05,0.0015108259575858146,0.02,0.0015108259575858146,0,0
1779347902.3509598,2026-05-21T16:18:22.350,0.00830078125,0.01806640625,1.041015625,0.0,0.06103515625,0.0,0.977783203125,-0.24169921875,66.9671630859375,1.0412054693951098,0.06103515625,1.0441294865383381,0.002924017143228319,0.0017934641947143157,0.02,0.0017934641947143157,0,0
1779347902.3509598,2026-05-21T16:18:22.350,0.0087890625,0.017578125,1.04443359375,0.0,-0.06103515625,0.0,0.977783203125,-0.2471923828125,66.9671630859375,1.0446184805237195,0.06103515625,1.0441284019128756,0.0004900786108439359,0.0015327870779402398,0.02,0.0015327870779402398,0,0
1779347902.3509598,2026-05-21T16:18:22.350,0.00927734375,0.01611328125,1.04345703125,0.06103515625,0.06103515625,0.0,0.977783203125,-0.2471923828125,66.9671630859375,1.043622672714981,0.08631674575031098,1.0441294865383381,0.0005068138233570441,0.0013275924270236008,0.02,0.0013275924270236008,0,0
1779347902.3509598,2026-05-21T16:18:22.350,0.0068359375,0.01806640625,1.0458984375,0.0,0.0,0.0,0.977783203125,-0.2471923828125,66.9671630859375,1.0460767976784664,0.0,1.0441284019128756,0.0019483957655908046,0.0014517530947370416,0.02,0.0014517530947370416,0,0
1779347902.3509598,2026-05-21T16:18:22.350,0.00830078125,0.017578125,1.04443359375,0.0,0.0,0.0,0.977783203125,-0.2471923828125,66.97265625,1.0446144864022402,0.0,1.0441294865383381,0.00048499986390204697,0.0012584024485700427,0.02,0.0012584024485700427,0,0
1779347902.3509598,2026-05-21T16:18:22.350,0.0107421875,0.01953125,1.0419921875,0.06103515625,0.0,0.0,0.977783203125,-0.2471923828125,66.97265625,1.0422305805961956,0.06103515625,1.0441294865383381,0.0018989059421425925,0.0013865031472845527,0.02,0.0013865031472845527,0,0
1779347902.3509598,2026-05-21T16:18:22.350,0.0087890625,0.01904296875,1.04638671875,-0.06103515625,-0.06103515625,0.0,0.977783203125,-0.2471923828125,66.97265625,1.0465968887087491,0.08631674575031098,1.0441294865383381,0.0024674021704109705,0.0016026829519098364,0.02,0.0016026829519098364,0,0
1779347902.3764923,2026-05-21T16:18:22.376,0.0087890625,0.017578125,1.0439453125,0.06103515625,0.0,0.0,0.977783203125,-0.2471923828125,66.97265625,1.044130285734911,0.06103515625,1.0441294865383381,7.991965729203798e-07,0.0012823062008424531,0.02,0.0012823062008424531,0,0
1779347902.3764923,2026-05-21T16:18:22.376,0.00830078125,0.02001953125,1.04150390625,-0.06103515625,0.0,0.0,0.977783203125,-0.252685546875,66.97265625,1.0417293656870958,0.06103515625,1.0441294865383381,0.0024001208512423045,0.0015058691309224235,0.02,0.0015058691309224235,0,0
1779347902.3764923,2026-05-21T16:18:22.376,0.00830078125,0.01806640625,1.04150390625,0.0,0.0,0.0,0.977783203125,-0.252685546875,66.97265625,1.0416936616578596,0.0,1.0441294865383381,0.0024358248804785543,0.0016918602808336496,0.02,0.0016918602808336496,0,0
1779347902.3764923,2026-05-21T16:18:22.376,0.0078125,0.01806640625,1.04541015625,0.0,0.06103515625,0.0,0.977783203125,-0.252685546875,66.97265625,1.045595440398288,0.06103515625,1.0441294865383381,0.0014659538599497424,0.0016466789966568683,0.02,0.0016466789966568683,0,0
1779347902.3764923,2026-05-21T16:18:22.376,0.0078125,0.01708984375,1.04443359375,0.0,0.0,0.0,0.977783203125,-0.252685546875,66.97265625,1.0446026180654486,0.0,1.0441294865383381,0.0004731315271104819,0.0014119695027475913,0.02,0.0014119695027475913,0,0
1779347902.3764923,2026-05-21T16:18:22.376,0.0087890625,0.01904296875,1.04345703125,0.0,0.0,0.0,0.977783203125,-0.252685546875,66.97265625,1.0436677911785464,0.0,1.0441294865383381,0.00046169535979179166,0.0012219146741564316,0.02,0.0012219146741564316,0,0
1779347902.3764923,2026-05-21T16:18:22.376,0.0078125,0.01708984375,1.04296875,0.0,0.06103515625,0.0,0.977783203125,-0.252685546875,66.97265625,1.043138011670657,0.06103515625,1.0441294865383381,0.0009914748676811413,0.0011758267128613737,0.02,0.0011758267128613737,0,0
1779347902.3764923,2026-05-21T16:18:22.376,0.00927734375,0.01953125,1.04443359375,0.0,-0.06103515625,0.0,0.977783203125,-0.252685546875,66.9781494140625,1.0446573938795236,0.06103515625,1.0441294865383381,0.0005279073411854629,0.0010462428385261916,0.02,0.0010462428385261916,0,0
1779347902.411541,2026-05-21T16:18:22.411,0.0087890625,0.01611328125,1.044921875,0.0,0.06103515625,0.0,0.977783203125,-0.252685546875,66.9781494140625,1.0450830638307111,0.06103515625,1.0441294865383381,0.0009535772923729979,0.001027709729295553,0.02,0.001027709729295553,0,0
1779347902.411541,2026-05-21T16:18:22.411,0.0068359375,0.01806640625,1.04345703125,0.0,0.0,0.0,0.977783203125,-0.252685546875,66.9781494140625,1.043635808671472,0.0,1.0441294865383381,0.0004936778668660491,0.0009209033568096522,0.02,0.0009209033568096522,0,0
1779347902.411541,2026-05-21T16:18:22.411,0.0087890625,0.01806640625,1.04443359375,0.0,0.1220703125,0.0,0.977783203125,-0.252685546875,66.9781494140625,1.0446268110708048,0.1220703125,1.0441294865383381,0.0004973245324666475,0.0008361875919410513,0.02,0.0008361875919410513,0,0
1779347902.411541,2026-05-21T16:18:22.411,0.00732421875,0.01904296875,1.0439453125,0.0,0.0,0.0,0.977783203125,-0.2581787109375,66.9781494140625,1.044144671168624,0.0,1.0441294865383381,1.5184630285824952e-05,0.0006719869996100061,0.02,0.0006719869996100061,0,0
1779347902.411541,2026-05-21T16:18:22.411,0.0107421875,0.01806640625,1.04345703125,0.0,0.0,0.0,0.977783203125,-0.2581787109375,66.9781494140625,1.0436687049500615,0.0,1.0441298861366246,0.000461181186563131,0.0006298258370006311,0.02,0.0006298258370006311,0,0
1779347902.411541,2026-05-21T16:18:22.411,0.00927734375,0.0166015625,1.04296875,0.06103515625,0.06103515625,0.0,0.977783203125,-0.2581787109375,66.9781494140625,1.0431421257245148,0.08631674575031098,1.0441294865383381,0.0009873608138233347,0.0007013328323651718,0.02,0.0007013328323651718,0,0
1779347902.411541,2026-05-21T16:18:22.411,0.00830078125,0.0185546875,1.04248046875,0.0,0.06103515625,0.0,0.977783203125,-0.2581787109375,66.9781494140625,1.0426786212073222,0.06103515625,1.0441294865383381,0.0014508653310159048,0.0008512393320953184,0.02,0.0008512393320953184,0,0
1779347902.411541,2026-05-21T16:18:22.411,0.0087890625,0.01904296875,1.0439453125,-0.06103515625,0.0,0.0,0.977783203125,-0.2581787109375,66.9781494140625,1.0441559738703625,0.06103515625,1.0441294865383381,2.6487332024371923e-05,0.0006862889320811291,0.02,0.0006862889320811291,0,0
1779347902.4668906,2026-05-21T16:18:22.466,0.0087890625,0.01953125,1.04443359375,0.0,-0.06103515625,0.0,0.977783203125,-0.2581787109375,66.983642578125,1.0446531716793528,0.06103515625,1.0441298861366246,0.0005232855427281802,0.0006536882542105395,0.02,0.0006536882542105395,0,0
1779347902.4668906,2026-05-21T16:18:22.466,0.0078125,0.01611328125,1.04150390625,0.0,0.06103515625,0.0,0.977783203125,-0.2581787109375,66.983642578125,1.0416578419629454,0.06103515625,1.044130285734911,0.002472443771965649,0.0010174393577615615,0.02,0.0010174393577615615,0,0
1779347902.4668906,2026-05-21T16:18:22.466,0.0087890625,0.0185546875,1.04345703125,0.0,0.0,0.0,0.977783203125,-0.2581787109375,66.983642578125,1.0436589960868037,0.0,1.0441298861366246,0.00047089004982092675,0.0009081294961734346,0.02,0.0009081294961734346,0,0
1779347902.4668906,2026-05-21T16:18:22.466,0.00927734375,0.017578125,1.04296875,0.0,0.06103515625,0.0,0.977783203125,-0.2581787109375,66.983642578125,1.0431581246686112,0.06103515625,1.0441294865383381,0.0009713618697269055,0.0009207759708841289,0.02,0.0009207759708841289,0,0
1779347902.4668906,2026-05-21T16:18:22.466,0.00927734375,0.0205078125,1.04296875,0.1220703125,0.0,0.0,0.977783203125,-0.263671875,66.983642578125,1.043211605072122,0.1220703125,1.0441294865383381,0.000917881466216075,0.0009201970699505182,0.02,0.0009201970699505182,0,0
1779347902.4668906,2026-05-21T16:18:22.466,0.00927734375,0.01806640625,1.044921875,0.0,0.06103515625,0.0,0.977783203125,-0.263671875,66.983642578125,1.0451192223834376,0.06103515625,1.0441294865383381,0.0009897358450994265,0.0009341048249803,0.02,0.0009341048249803,0,0
1779347902.4668906,2026-05-21T16:18:22.466,0.00732421875,0.01904296875,1.0439453125,0.0,0.0,0.0,0.977783203125,-0.263671875,66.983642578125,1.044144671168624,0.0,1.0441294865383381,1.5184630285824952e-05,0.000750320786041405,0.02,0.000750320786041405,0,0
1779347902.4668906,2026-05-21T16:18:22.466,0.00732421875,0.02001953125,1.044921875,0.0,0.0,0.0,0.977783203125,-0.263671875,66.983642578125,1.045139297254334,0.0,1.0441294865383381,0.001009810715995929,0.0008022187720323098,0.02,0.0008022187720323098,0,0
1779347902.498888,2026-05-21T16:18:22.498,0.0078125,0.01953125,1.04296875,0.1220703125,0.0,0.0,0.9832763671875,-0.263671875,66.983642578125,1.043180865602593,0.1220703125,1.0441298861366246,0.0009490205340316749,0.0008315791244321828,0.02,0.0008315791244321828,0,0
1779347902.498888,2026-05-21T16:18:22.498,0.00927734375,0.01806640625,1.04443359375,0.0,0.06103515625,0.0,0.9832763671875,-0.263671875,66.983642578125,1.0446310333775202,0.06103515625,1.0441294865383381,0.000501546839182021,0.0007655726673821506,0.02,0.0007655726673821506,0,0
1779347902.498888,2026-05-21T16:18:22.498,0.009765625,0.0166015625,1.04443359375,0.0,0.0,0.0,0.9832763671875,-0.263671875,66.9891357421875,1.0446111769757311,0.0,1.0441298861366246,0.0004812908391065296,0.0007087163017270264,0.02,0.0007087163017270264,0,0
1779347902.498888,2026-05-21T16:18:22.498,0.00732421875,0.017578125,1.04541015625,0.0,0.0,0.0,0.9832763671875,-0.263671875,66.9891357421875,1.0455835831962277,0.0,1.044130285734911,0.001453297461316616,0.0008576325336449443,0.02,0.0008576325336449443,0,0
1779347902.498888,2026-05-21T16:18:22.498,0.0068359375,0.01904296875,1.0439453125,0.06103515625,0.06103515625,0.0,0.9832763671875,-0.263671875,66.9891357421875,1.0441413602530263,0.08631674575031098,1.044130285734911,1.1074518115217202e-05,0.0006883209305389989,0.02,0.0006883209305389989,0,0
1779347902.498888,2026-05-21T16:18:22.498,0.0068359375,0.02001953125,1.0439453125,0.06103515625,0.0,0.0,0.9832763671875,-0.263671875,66.9891357421875,1.0441596272427394,0.06103515625,1.044130285734911,2.9341507828295477e-05,0.0005565250459968582,0.02,0.0005565250459968582,0,0
1779347902.498888,2026-05-21T16:18:22.498,0.01025390625,0.01953125,1.044921875,0.0,0.1220703125,0.0,0.9832763671875,-0.263671875,66.9891357421875,1.045154695331491,0.1220703125,1.044130285734911,0.0010244095965799005,0.0006501019561134667,0.02,0.0006501019561134667,0,0
1779347902.498888,2026-05-21T16:18:22.498,0.01025390625,0.01708984375,1.046875,-0.06103515625,0.0,0.0,0.9832763671875,-0.2691650390625,66.9891357421875,1.0470646928331522,0.06103515625,1.044130285734911,0.0029344070982411097,0.0011069629845389954,0.02,0.0011069629845389954,0,0
1779347902.5268884,2026-05-21T16:18:22.526,0.0078125,0.01806640625,1.041015625,0.0,0.06103515625,0.0,0.9832763671875,-0.2691650390625,66.9891357421875,1.0412016911651558,0.06103515625,1.044130285734911,0.0029285945697552496,0.0014712893015822463,0.02,0.0014712893015822463,0,0
1779347902.5268884,2026-05-21T16:18:22.526,0.0078125,0.01904296875,1.04248046875,0.0,0.06103515625,0.0,0.9832763671875,-0.2691650390625,66.9891357421875,1.0426836517085531,0.06103515625,1.044130285734911,0.001446634026357918,0.0014663582465373809,0.02,0.0014663582465373809,0,0
1779347902.5268884,2026-05-21T16:18:22.526,0.00830078125,0.02001953125,1.04052734375,0.06103515625,0.0,0.0,0.9832763671875,-0.2691650390625,66.9891357421875,1.0407530147408945,0.06103515625,1.044130285734911,0.0033772709940165235,0.0018485407960332095,0.02,0.0018485407960332095,0,0
1779347902.5268884,2026-05-21T16:18:22.526,0.01171875,0.01806640625,1.04345703125,0.0,0.0,0.0,0.9832763671875,-0.2691650390625,66.9891357421875,1.0436792132649841,0.0,1.044130285734911,0.0004510724699269275,0.0015690471308119531,0.02,0.0015690471308119531,0,0
1779347902.5268884,2026-05-21T16:18:22.526,0.0107421875,0.0205078125,1.046875,0.06103515625,0.1220703125,0.0,0.9832763671875,-0.2691650390625,66.9891357421875,1.0471309519782233,0.13647875839232115,1.044130285734911,0.003000666243312189,0.0018553709533120004,0.02,0.0018553709533120004,0,0
1779347902.5268884,2026-05-21T16:18:22.526,0.00830078125,0.02001953125,1.04345703125,0.0,0.0,0.0,0.9832763671875,-0.2691650390625,66.99462890625,1.0436820687670616,0.0,1.044130285734911,0.0004482169678494685,0.001573940156219494,0.02,0.001573940156219494,0,0
1779347902.5268884,2026-05-21T16:18:22.526,0.0107421875,0.0166015625,1.044921875,0.06103515625,0.0,0.0,0.9832763671875,-0.2691650390625,66.99462890625,1.0451089566754475,0.06103515625,1.044130285734911,0.0009786709405363858,0.0014548863130828724,0.02,0.0014548863130828724,0,0
1779347902.5268884,2026-05-21T16:18:22.526,0.009765625,0.01953125,1.04443359375,0.1220703125,0.0,0.0,0.9832763671875,-0.2691650390625,66.99462890625,1.0446618442882574,0.1220703125,1.044130285734911,0.0005315585533463008,0.001270220761135558,0.02,0.001270220761135558,0,0
1779347902.5864086,2026-05-21T16:18:22.586,0.00927734375,0.02001953125,1.04541015625,0.0,-0.06103515625,0.0,0.9832763671875,-0.2691650390625,66.99462890625,1.0456429818676998,0.06103515625,1.044130285734911,0.0015126961327887045,0.0013187158354661876,0.02,0.0013187158354661876,0,0
1779347902.5864086,2026-05-21T16:18:22.586,0.0068359375,0.01708984375,1.04736328125,0.06103515625,0.0,0.0,0.9832763671875,-0.274658203125,66.99462890625,1.0475250048145246,0.06103515625,1.044130285734911,0.0033947190796135285,0.0017339164842956557,0.02,0.0017339164842956557,0,0
1779347902.5864086,2026-05-21T16:18:22.586,0.009765625,0.01953125,1.04248046875,0.06103515625,0.06103515625,0.0,0.9832763671875,-0.274658203125,66.99462890625,1.0427091468302285,0.08631674575031098,1.044130285734911,0.0014211389046825396,0.0016713609683730326,0.02,0.0016713609683730326,0,0
1779347902.5864086,2026-05-21T16:18:22.586,0.01025390625,0.01904296875,1.0439453125,0.0,0.0,0.0,0.9832763671875,-0.274658203125,66.99462890625,1.0441693314510438,0.0,1.044130285734911,3.904571613277952e-05,0.0013448979179249822,0.02,0.0013448979179249822,0,0
1779347902.5864086,2026-05-21T16:18:22.586,0.0087890625,0.01806640625,1.04345703125,-0.06103515625,0.0,0.0,0.9832763671875,-0.274658203125,66.99462890625,1.0436504293677469,0.06103515625,1.044130285734911,0.00047985636716418867,0.0011718896077728236,0.02,0.0011718896077728236,0,0
1779347902.5864086,2026-05-21T16:18:22.586,0.01025390625,0.0205078125,1.04248046875,0.0,0.0,0.0,0.9832763671875,-0.274658203125,66.99462890625,1.0427325834997863,0.0,1.044130285734911,0.0013977022351248092,0.0012170521332432209,0.02,0.0012170521332432209,0,0
1779347902.5864086,2026-05-21T16:18:22.586,0.00830078125,0.01904296875,1.0439453125,0.06103515625,0.0,0.0,0.9832763671875,-0.274658203125,66.99462890625,1.0441519779796888,0.06103515625,1.044130285734911,2.1692244777771208e-05,0.000977980155550131,0.02,0.000977980155550131,0,0
1779347902.5864086,2026-05-21T16:18:22.586,0.0078125,0.0185546875,1.04443359375,0.1220703125,0.0,0.0,0.98876953125,-0.274658203125,67.0001220703125,1.0446276098868978,0.1220703125,1.044130285734911,0.0004973241519867777,0.0008818489548374604,0.02,0.0008818489548374604,0,0
1779347902.6204066,2026-05-21T16:18:22.620,0.00927734375,0.01904296875,1.044921875,0.0,0.0,0.0,0.98876953125,-0.274658203125,67.0001220703125,1.0451365597946447,0.0,1.044130285734911,0.0010062740597336362,0.0009067339758166955,0.02,0.0009067339758166955,0,0
1779347902.6204066,2026-05-21T16:18:22.620,0.009765625,0.0185546875,1.04296875,0.0,-0.06103515625,0.0,0.98876953125,-0.2801513671875,67.0001220703125,1.0431794943040367,0.06103515625,1.044130285734911,0.0009507914308743981,0.0009155454668282361,0.02,0.0009155454668282361,0,0
1779347902.6204066,2026-05-21T16:18:22.620,0.0078125,0.017578125,1.0419921875,0.0,0.0,0.0,0.98876953125,-0.2801513671875,67.0001220703125,1.0421697291928032,0.0,1.044130285734911,0.0019605565421079163,0.0011245476818841722,0.02,0.0011245476818841722,0,0
1779347902.6204066,2026-05-21T16:18:22.620,0.00927734375,0.02001953125,1.04345703125,0.0,0.0,0.0,0.98876953125,-0.2801513671875,67.0001220703125,1.0436902925693947,0.0,1.044130285734911,0.00043999316551635026,0.000987636778610608,0.02,0.000987636778610608,0,0
1779347902.6204066,2026-05-21T16:18:22.620,0.00830078125,0.01904296875,1.04345703125,-0.06103515625,0.1220703125,0.0,0.98876953125,-0.2801513671875,67.0001220703125,1.0436637934187605,0.13647875839232115,1.044130285734911,0.0004664923161505907,0.0008834078861186045,0.02,0.0008834078861186045,0,0
1779347902.6204066,2026-05-21T16:18:22.620,0.00830078125,0.01611328125,1.04296875,-0.06103515625,0.0,0.0,0.98876953125,-0.2801513671875,67.0001220703125,1.0431262408158297,0.06103515625,1.044130285734911,0.0010040449190813483,0.0009075352927111533,0.02,0.0009075352927111533,0,0
1779347902.6204066,2026-05-21T16:18:22.620,0.00830078125,0.0185546875,1.04296875,0.0,0.0,0.0,0.98876953125,-0.2801513671875,67.0001220703125,1.0431668097069353,0.0,1.044130285734911,0.0009634760279757515,0.0009187234397640729,0.02,0.0009187234397640729,0,0
1779347902.6204066,2026-05-21T16:18:22.620,0.00732421875,0.02001953125,1.04638671875,0.0,0.0,0.0,0.98876953125,-0.2801513671875,67.0001220703125,1.0466038366966552,0.0,1.044130285734911,0.0024735509617441753,0.0012296889441600935,0.02,0.0012296889441600935,0,0
1779347902.6474109,2026-05-21T16:18:22.647,0.00830078125,0.0185546875,1.04296875,0.0,0.1220703125,0.0,0.98876953125,-0.2801513671875,67.0001220703125,1.0431668097069353,0.1220703125,1.044130285734911,0.0009634760279757515,0.0011764463609232252,0.02,0.0011764463609232252,0,0
1779347902.6474109,2026-05-21T16:18:22.647,0.0068359375,0.01953125,1.04296875,-0.06103515625,-0.06103515625,0.0,0.98876953125,-0.2801513671875,67.0001220703125,1.0431740090917856,0.08631674575031098,1.044130285734911,0.0009562766431254754,0.0011324124173636753,0.02,0.0011324124173636753,0,0
1779347902.6474109,2026-05-21T16:18:22.647,0.00732421875,0.0146484375,1.04248046875,0.06103515625,0.06103515625,0.0,0.98876953125,-0.2801513671875,67.005615234375,1.042609106341734,0.08631674575031098,1.0441298861366246,0.0015207797948906254,0.0012100858928690654,0.02,0.0012100858928690654,0,0
1779347902.6474109,2026-05-21T16:18:22.647,0.00830078125,0.01953125,1.0439453125,-0.06103515625,0.18310546875,0.0,0.98876953125,-0.2801513671875,67.005615234375,1.044160997254085,0.19301011109426144,1.0441294865383381,3.151071574691855e-05,0.0009743708574446361,0.02,0.0009743708574446361,0,0
1779347902.6474109,2026-05-21T16:18:22.647,0.0078125,0.01806640625,1.04296875,-0.06103515625,0.0,0.0,0.98876953125,-0.2801513671875,67.005615234375,1.0431544677887368,0.06103515625,1.0441298861366246,0.0009754183478878353,0.0009745803555332761,0.02,0.0009745803555332761,0,0
1779347902.6474109,2026-05-21T16:18:22.647,0.00830078125,0.01904296875,1.04296875,0.06103515625,0.0,0.0,0.98876953125,-0.2801513671875,67.005615234375,1.0431756089483382,0.06103515625,1.0441294865383381,0.0009538775899999852,0.000970439802426618,0.02,0.000970439802426618,0,0
1779347902.6474109,2026-05-21T16:18:22.647,0.00732421875,0.0185546875,1.0419921875,0.0,0.1220703125,0.0,0.98876953125,-0.2801513671875,67.005615234375,1.04218311223103,0.1220703125,1.0441294865383381,0.0019463743073080408,0.0011656267034029027,0.02,0.0011656267034029027,0,0
1779347902.6474109,2026-05-21T16:18:22.647,0.00927734375,0.0166015625,1.0439453125,-0.06103515625,0.0,0.0,0.98876953125,-0.28564453125,67.005615234375,1.044118526066471,0.06103515625,1.0441294865383381,1.096047186721627e-05,0.0009346934570957654,0.02,0.0009346934570957654,0,0
1779347902.706919,2026-05-21T16:18:22.706,0.00927734375,0.01904296875,1.0439453125,-0.06103515625,0.0,0.0,0.98876953125,-0.28564453125,67.005615234375,1.0441601980810185,0.06103515625,1.0441284019128756,3.179616814286135e-05,0.0007541139993051847,0.02,0.0007541139993051847,0,0
1779347902.706919,2026-05-21T16:18:22.706,0.005859375,0.01806640625,1.04443359375,0.0,0.06103515625,0.0,0.98876953125,-0.28564453125,67.005615234375,1.0446062698757463,0.06103515625,1.0441294865383381,0.0004767833374081931,0.0006986478669257864,0.02,0.0006986478669257864,0,0
1779347902.706919,2026-05-21T16:18:22.706,0.0087890625,0.01708984375,1.0439453125,0.0,0.0,0.0,0.98876953125,-0.28564453125,67.005615234375,1.0441221795698772,0.0,1.0441294865383381,7.306968460962793e-06,0.0005603796872328217,0.02,0.0005603796872328217,0,0
1779347902.706919,2026-05-21T16:18:22.706,0.01123046875,0.0185546875,1.0419921875,0.0,-0.06103515625,0.0,0.98876953125,-0.28564453125,67.005615234375,1.0422178844500811,0.06103515625,1.0441294865383381,0.001911602088257025,0.0008306241674376623,0.02,0.0008306241674376623,0,0
1779347902.706919,2026-05-21T16:18:22.706,0.00927734375,0.0185546875,1.0458984375,-0.06103515625,0.0,0.0,0.98876953125,-0.28564453125,67.005615234375,1.046104147348733,0.06103515625,1.0441284019128756,0.0019757454358573234,0.0010596484211215947,0.02,0.0010596484211215947,0,0
1779347902.706919,2026-05-21T16:18:22.706,0.00537109375,0.017578125,1.0439453125,0.0,0.0,0.0,0.98876953125,-0.28564453125,67.0111083984375,1.044107108785928,0.0,1.0441294865383381,2.2377752410207563e-05,0.0008521942873793173,0.02,0.0008521942873793173,0,0
1779347902.706919,2026-05-21T16:18:22.706,0.00732421875,0.01708984375,1.04296875,0.0,0.0,0.0,0.98876953125,-0.28564453125,67.0111083984375,1.0431344690001667,0.0,1.0441284019128756,0.0009939329127088836,0.0008805420124452306,0.02,0.0008805420124452306,0,0
1779347902.706919,2026-05-21T16:18:22.706,0.0087890625,0.01806640625,1.044921875,0.0,0.0,0.0,0.98876953125,-0.28564453125,67.0111083984375,1.0451150020490254,0.0,1.0441273172874133,0.000987684761612151,0.0009019705622786147,0.02,0.0009019705622786147,0,0
1779347902.7974336,2026-05-21T16:18:22.797,0.00927734375,0.01611328125,1.04345703125,0.18310546875,0.1220703125,0.0,0.98876953125,-0.28564453125,67.0111083984375,1.043622672714981,0.2200653854653314,1.0441273172874133,0.0005046445724321558,0.000822505364309323,0.02,0.000822505364309323,0,0
1779347902.7974336,2026-05-21T16:18:22.797,0.0068359375,0.0166015625,1.04296875,0.1220703125,0.0,0.0,0.98876953125,-0.28564453125,67.0111083984375,1.0431232695110908,0.1220703125,1.0441273172874133,0.0010040477763224587,0.0008588138467119502,0.02,0.0008588138467119502,0,0
1779347902.7974336,2026-05-21T16:18:22.797,0.0087890625,0.01708984375,1.0439453125,0.1220703125,0.1220703125,0.0,0.98876953125,-0.28564453125,67.0111083984375,1.0441221795698772,0.17263349150062196,1.0441269747736412,4.795203764063061e-06,0.0006880101181223727,0.02,0.0006880101181223727,0,0
1779347902.7974336,2026-05-21T16:18:22.797,0.00732421875,0.01806640625,1.04248046875,0.1220703125,0.0,0.0,0.98876953125,-0.2911376953125,67.0111083984375,1.0426627292371717,0.1220703125,1.044126632259869,0.0014639030226972771,0.0008431886990373535,0.02,0.0008431886990373535,0,0
1779347902.7974336,2026-05-21T16:18:22.797,0.00830078125,0.017578125,1.0439453125,0.0,0.0,0.0,0.98876953125,-0.2911376953125,67.0111083984375,1.0441262897459285,0.0,1.0441265180885617,2.283426332461147e-07,0.0006745966277565322,0.02,0.0006745966277565322,0,0
1779347902.7974336,2026-05-21T16:18:22.797,0.0068359375,0.01708984375,1.0439453125,0.0,0.0,0.0,0.98876953125,-0.2911376953125,67.0111083984375,1.0441075654795466,0.0,1.0441264039172544,1.883843770777993e-05,0.0005434449897467817,0.02,0.0005434449897467817,0,0
1779347902.7974336,2026-05-21T16:18:22.797,0.01025390625,0.0185546875,1.04443359375,0.1220703125,0.0,0.0,0.98876953125,-0.2911376953125,67.0111083984375,1.0446487212336721,0.1220703125,1.0441264039172544,0.0005223173164177197,0.0005392194550809694,0.02,0.0005392194550809694,0,0
1779347902.7974336,2026-05-21T16:18:22.797,0.00830078125,0.017578125,1.0439453125,0.0,0.1220703125,0.0,0.98876953125,-0.2911376953125,67.0111083984375,1.0441262897459285,0.1220703125,1.0441264039172544,1.1417132594893076e-07,0.0004313983983299653,0.02,0.0004313983983299653,0,0
1779347902.7974336,2026-05-21T16:18:22.797,0.00927734375,0.01611328125,1.04345703125,0.0,-0.06103515625,0.0,0.98876953125,-0.2911376953125,67.0111083984375,1.043622672714981,0.06103515625,1.0441264039172544,0.0005037312022733165,0.00044586495911863556,0.02,0.00044586495911863556,0,0
1779347902.7974336,2026-05-21T16:18:22.797,0.0068359375,0.01806640625,1.044921875,0.1220703125,0.0,0.0,0.9942626953125,-0.2911376953125,67.0166015625,1.0451004018417607,0.1220703125,1.0441264039172544,0.0009739979245062536,0.0005514915521961592,0.02,0.0005514915521961592,0,0
1779347902.7974336,2026-05-21T16:18:22.797,0.00634765625,0.0185546875,1.044921875,0.0,0.0,0.0,0.9942626953125,-0.2911376953125,67.0166015625,1.0451058769433872,0.0,1.0441264039172544,0.000979473026132771,0.0006370878469834817,0.02,0.0006370878469834817,0,0
1779347902.7974336,2026-05-21T16:18:22.797,0.009765625,0.01904296875,1.0458984375,0.06103515625,0.0,0.0,0.9942626953125,-0.2911376953125,67.0166015625,1.0461173660997103,0.06103515625,1.0441264039172544,0.0019909621824558688,0.000907862714077959,0.02,0.000907862714077959,0,0
1779347902.7974336,2026-05-21T16:18:22.797,0.0087890625,0.0185546875,1.04296875,0.0,0.06103515625,0.0,0.9942626953125,-0.2911376953125,67.0166015625,1.0431708093713197,0.06103515625,1.0441265180885617,0.0009557087172420431,0.0009174319147107759,0.02,0.0009174319147107759,0,0
1779347902.7974336,2026-05-21T16:18:22.797,0.009765625,0.0205078125,1.0439453125,0.0,0.06103515625,0.0,0.9942626953125,-0.2911376953125,67.0166015625,1.0441923928548313,0.06103515625,1.0441264039172544,6.598893757692181e-05,0.0007471433192840051,0.02,0.0007471433192840051,0,0
1779347902.7974336,2026-05-21T16:18:22.797,0.00927734375,0.01953125,1.04296875,0.0,0.06103515625,0.0,0.9942626953125,-0.2911376953125,67.0166015625,1.0431928643880672,0.06103515625,1.0441265180885617,0.0009336537004944745,0.000784445395526099,0.02,0.000784445395526099,0,0
1779347902.7974336,2026-05-21T16:18:22.797,0.01025390625,0.017578125,1.04638671875,0.0,0.0,0.0,0.9942626953125,-0.2911376953125,67.0166015625,1.0465845872399855,0.0,1.0441264039172544,0.0024581833227310668,0.0011191929809670925,0.02,0.0011191929809670925,0,0
1779347902.8264322,2026-05-21T16:18:22.826,0.0087890625,0.01904296875,1.04345703125,0.0,-0.06103515625,0.0,0.9942626953125,-0.296630859375,67.0166015625,1.0436677911785464,0.06103515625,1.0441269747736412,0.00045918359509489193,0.0009871911037926523,0.02,0.0009871911037926523,0,0
1779347902.8264322,2026-05-21T16:18:22.826,0.0087890625,0.017578125,1.04443359375,0.06103515625,0.0,0.0,0.9942626953125,-0.296630859375,67.0166015625,1.0446184805237195,0.06103515625,1.044126632259869,0.0004918482638505139,0.0008881225358042246,0.02,0.0008881225358042246,0,0
1779347902.8264322,2026-05-21T16:18:22.826,0.0078125,0.01806640625,1.0439453125,-0.06103515625,0.0,0.0,0.9942626953125,-0.296630859375,67.0166015625,1.0441308565892318,0.06103515625,1.0441269747736412,3.881815590522919e-06,0.0007112743917614843,0.02,0.0007112743917614843,0,0
1779347902.8264322,2026-05-21T16:18:22.826,0.0078125,0.017578125,1.04443359375,0.06103515625,0.0,0.0,0.9942626953125,-0.296630859375,67.0166015625,1.0446107205022863,0.06103515625,1.0441273172874133,0.00048340321487305715,0.0006657001563837989,0.02,0.0006657001563837989,0,0
1779347902.8264322,2026-05-21T16:18:22.826,0.00439453125,0.01611328125,1.044921875,0.1220703125,0.06103515625,0.0,0.9942626953125,-0.296630859375,67.0166015625,1.045055345228694,0.13647875839232115,1.0441273172874133,0.0009280279412806625,0.0007181657133631717,0.02,0.0007181657133631717,0,0
1779347902.8264322,2026-05-21T16:18:22.826,0.00927734375,0.01708984375,1.04150390625,0.0,0.0,0.0,0.9942626953125,-0.296630859375,67.0220947265625,1.0416854220927083,0.0,1.0441273172874133,0.002441895194704946,0.0010629116096315266,0.02,0.0010629116096315266,0,0
1779347902.8264322,2026-05-21T16:18:22.826,0.00830078125,0.01806640625,1.04296875,0.0,0.06103515625,0.0,0.9942626953125,-0.296630859375,67.0220947265625,1.0431582389459007,0.06103515625,1.0441273172874133,0.0009690783415126081,0.001044144956007743,0.02,0.001044144956007743,0,0
1779347902.8264322,2026-05-21T16:18:22.826,0.009765625,0.02001953125,1.04248046875,0.0,0.0,0.0,0.9942626953125,-0.296630859375,67.0220947265625,1.0427184072357838,0.0,1.0441273172874133,0.001408910051629464,0.0011170979751320871,0.02,0.0011170979751320871,0,0
1779347902.946512,2026-05-21T16:18:22.946,0.00732421875,0.0185546875,1.04345703125,-0.06103515625,0.06103515625,0.0,0.9942626953125,-0.296630859375,67.0220947265625,1.0436476880027972,0.08631674575031098,1.0441262897459285,0.00047860174313130166,0.00098939872873193,0.02,0.00098939872873193,0,0
1779347902.946512,2026-05-21T16:18:22.946,0.0078125,0.0185546875,1.04248046875,-0.1220703125,-0.06103515625,0.0,0.9942626953125,-0.296630859375,67.0220947265625,1.042674848315472,0.13647875839232115,1.0441262897459285,0.0014514414304565015,0.0010818072690768445,0.02,0.0010818072690768445,0,0
1779347902.946512,2026-05-21T16:18:22.946,0.0087890625,0.01806640625,1.0458984375,0.0,0.0,0.0,0.9942626953125,-0.296630859375,67.0220947265625,1.0460913842582589,0.0,1.0441262897459285,0.001965094512330401,0.001258464717727556,0.02,0.001258464717727556,0,0
1779347902.946512,2026-05-21T16:18:22.946,0.00927734375,0.02099609375,1.04150390625,0.0,0.0,0.0,0.9942626953125,-0.3021240234375,67.0220947265625,1.0417568294922877,0.0,1.0441262897459285,0.0023694602536408205,0.0014806638249102088,0.02,0.0014806638249102088,0,0
1779347902.946512,2026-05-21T16:18:22.946,0.01025390625,0.01708984375,1.0439453125,0.0,0.0,0.0,0.9942626953125,-0.3021240234375,67.0220947265625,1.0441355375828876,0.0,1.0441262897459285,9.24783695910314e-06,0.0011863806273199877,0.02,0.0011863806273199877,0,0
1779347902.946512,2026-05-21T16:18:22.946,0.0087890625,0.017578125,1.0439453125,0.0,0.06103515625,0.0,0.9942626953125,-0.3021240234375,67.0220947265625,1.044130285734911,0.06103515625,1.0441262897459285,3.995988982596899e-06,0.0009499036996525096,0.02,0.0009499036996525096,0,0
1779347902.947511,2026-05-21T16:18:22.947,0.0068359375,0.01806640625,1.0419921875,0.06103515625,0.0,0.0,0.9942626953125,-0.3021240234375,67.0220947265625,1.0421712162055374,0.06103515625,1.0441262897459285,0.001955073540391039,0.0011509376678002156,0.02,0.0011509376678002156,0,0
1779347902.947511,2026-05-21T16:18:22.947,0.0078125,0.01953125,1.04296875,0.0,0.0,0.0,0.9942626953125,-0.3021240234375,67.0220947265625,1.043180865602593,0.0,1.0441262897459285,0.0009454241433355381,0.00110983496290728,0.02,0.00110983496290728,0,0
1779347902.947511,2026-05-21T16:18:22.947,0.01123046875,0.01904296875,1.0439453125,0.0,0.0,0.0,0.9942626953125,-0.3021240234375,67.0220947265625,1.0441793780658,0.0,1.0441262897459285,5.308831987149709e-05,0.0008984856343001236,0.02,0.0008984856343001236,0,0
1779347902.947511,2026-05-21T16:18:22.947,0.0087890625,0.017578125,1.04248046875,0.0,0.06103515625,0.0,0.9942626953125,-0.3021240234375,67.0220947265625,1.0426657018543213,0.06103515625,1.0441262897459285,0.0014605878916071902,0.001010906085761537,0.02,0.001010906085761537,0,0
1779347902.947511,2026-05-21T16:18:22.947,0.00830078125,0.01904296875,1.0439453125,0.0,0.0,0.0,0.9942626953125,-0.3021240234375,67.027587890625,1.0441519779796888,0.0,1.0441262897459285,2.5688233760368107e-05,0.0008138625153613033,0.02,0.0008138625153613033,0,0
1779347902.947511,2026-05-21T16:18:22.947,0.009765625,0.01611328125,1.04345703125,0.0,0.0,0.0,0.9942626953125,-0.3021240234375,67.027587890625,1.0436271275361453,0.0,1.0441262897459285,0.0004991622097831883,0.0007509224542456802,0.02,0.0007509224542456802,0,0
1779347902.947511,2026-05-21T16:18:22.947,0.00634765625,0.01953125,1.04541015625,0.0,0.0,0.0,0.9942626953125,-0.3021240234375,67.027587890625,1.0456118578406999,0.0,1.0441262897459285,0.0014855680947714056,0.0008978515823508254,0.02,0.0008978515823508254,0,0
1779347902.947511,2026-05-21T16:18:22.947,0.00830078125,0.01904296875,1.04296875,0.0,0.06103515625,0.0,0.9942626953125,-0.3021240234375,67.027587890625,1.0431756089483382,0.06103515625,1.0441262897459285,0.0009506807975903087,0.0009084174253987221,0.02,0.0009084174253987221,0,0
1779347902.947511,2026-05-21T16:18:22.947,0.00830078125,0.017578125,1.0439453125,0.0,0.06103515625,0.0,0.9942626953125,-0.3021240234375,67.027587890625,1.0441262897459285,0.06103515625,1.0441262897459285,0.0,0.0007267339403189778,0.02,0.0007267339403189778,0,0
1779347902.947511,2026-05-21T16:18:22.947,0.00634765625,0.01708984375,1.041015625,0.06103515625,0.0,0.0,0.9942626953125,-0.3021240234375,67.027587890625,1.0411752431715846,0.06103515625,1.0441262897459285,0.002951046574343863,0.001171596467123955,0.02,0.001171596467123955,0,0
1779347902.9810777,2026-05-21T16:18:22.981,0.0087890625,0.0185546875,1.044921875,-0.06103515625,0.0,0.0,0.9942626953125,-0.3076171875,67.027587890625,1.0451235567632027,0.06103515625,1.0441262897459285,0.000997267017274206,0.0011367305771540052,0.02,0.0011367305771540052,0,0
1779347902.9810777,2026-05-21T16:18:22.981,0.0087890625,0.01806640625,1.04296875,0.06103515625,0.0,0.0,0.9942626953125,-0.3076171875,67.027587890625,1.0431622386431467,0.06103515625,1.0441262897459285,0.0009640511027817489,0.001102194682279554,0.02,0.001102194682279554,0,0
1779347902.9810777,2026-05-21T16:18:22.981,0.009765625,0.01904296875,1.0439453125,-0.06103515625,0.06103515625,0.0,0.9942626953125,-0.3076171875,67.027587890625,1.044164650608886,0.08631674575031098,1.0441262897459285,3.83608629574983e-05,0.0008894279184151429,0.02,0.0008894279184151429,0,0
1779347902.9810777,2026-05-21T16:18:22.981,0.00732421875,0.021484375,1.04541015625,0.0,-0.06103515625,0.0,0.9942626953125,-0.3076171875,67.027587890625,1.0456565484613425,0.06103515625,1.0441262897459285,0.0015302587154140124,0.0010175940778149168,0.02,0.0010175940778149168,0,0
1779347902.9810777,2026-05-21T16:18:22.981,0.0078125,0.01904296875,1.0439453125,0.06103515625,0.06103515625,0.0,0.9942626953125,-0.3076171875,67.027587890625,1.0441482104116189,0.08631674575031098,1.0441262897459285,2.19206656904003e-05,0.0008184593953900135,0.02,0.0008184593953900135,0,0
1779347902.9810777,2026-05-21T16:18:22.981,0.00927734375,0.01806640625,1.04052734375,0.0,0.0,0.0,0.9942626953125,-0.3076171875,67.027587890625,1.0407255244459397,0.0,1.0441262897459285,0.003400765299988784,0.0013349205763097676,0.02,0.0013349205763097676,0,0
1779347902.9810777,2026-05-21T16:18:22.981,0.00927734375,0.01806640625,1.04345703125,0.0,0.1220703125,0.0,0.9942626953125,-0.3076171875,67.027587890625,1.0436546556246031,0.1220703125,1.0441262897459285,0.0004716341213253372,0.0011622632853128816,0.02,0.0011622632853128816,0,0
1779347902.9810777,2026-05-21T16:18:22.981,0.00830078125,0.017578125,1.04296875,0.0,0.0,0.0,0.9942626953125,-0.3076171875,67.0330810546875,1.043149896670866,0.0,1.0441262897459285,0.0009763930750623651,0.0011250892432627783,0.02,0.0011250892432627783,0,0
1779347903.007079,2026-05-21T16:18:23.007,0.0087890625,0.01708984375,1.04150390625,0.06103515625,0.0,0.0,0.9942626953125,-0.3076171875,67.0330810546875,1.041681187846376,0.06103515625,1.0441262897459285,0.002445101899552382,0.0013890917745206992,0.02,0.0013890917745206992,0,0
1779347903.007079,2026-05-21T16:18:23.007,0.00830078125,0.0166015625,1.04296875,0.06103515625,0.0,0.0,0.9942626953125,-0.3076171875,67.0330810546875,1.0431338976005737,0.06103515625,1.0441262897459285,0.0009923921453547369,0.0013097518486875068,0.02,0.0013097518486875068,0,0
1779347903.007079,2026-05-21T16:18:23.007,0.0078125,0.01708984375,1.0439453125,0.0,0.0,0.0,0.9942626953125,-0.3076171875,67.0330810546875,1.0441144158598579,0.0,1.0441244630014164,1.0047141558500172e-05,0.0010498109072617054,0.02,0.0010498109072617054,0,0
1779347903.007079,2026-05-21T16:18:23.007,0.00830078125,0.01806640625,1.04443359375,0.0,0.1220703125,0.0,0.9942626953125,-0.3076171875,67.0330810546875,1.0446228169811773,0.1220703125,1.044122636256904,0.0005001807242732692,0.0009398848706640182,0.02,0.0009398848706640182,0,0
1779347903.007079,2026-05-21T16:18:23.007,0.00830078125,0.021484375,1.04345703125,0.0,0.06103515625,0.0,0.9942626953125,-0.3076171875,67.0330810546875,1.0437111944420088,0.06103515625,1.0441244630014164,0.000413268559407598,0.0008345616084127342,0.02,0.0008345616084127342,0,0
1779347903.007079,2026-05-21T16:18:23.007,0.0087890625,0.01806640625,1.04541015625,-0.06103515625,0.0,0.0,0.9942626953125,-0.3076171875,67.0330810546875,1.0456031931115495,0.06103515625,1.044122636256904,0.0014805568546454317,0.0009637606576592737,0.02,0.0009637606576592737,0,0
1779347903.007079,2026-05-21T16:18:23.007,0.0087890625,0.0185546875,1.0439453125,0.0,0.0,0.0,0.9942626953125,-0.3076171875,67.0330810546875,1.044147182890695,0.0,1.0441244630014164,2.271988927859958e-05,0.000775552503983139,0.02,0.000775552503983139,0,0
1779347903.007079,2026-05-21T16:18:23.007,0.0068359375,0.015625,1.04296875,0.0,0.0,0.0,0.9942626953125,-0.3131103515625,67.0330810546875,1.0431081842949304,0.0,1.0441262897459285,0.0010181054509981191,0.0008240630933861351,0.02,0.0008240630933861351,0,0
1779347903.007079,2026-05-21T16:18:23.007,0.00732421875,0.0185546875,1.0458984375,0.0,0.0,0.0,0.9942626953125,-0.3131103515625,67.0330810546875,1.0460886492900408,0.0,1.0441244630014164,0.001964186288624381,0.0010520877324337844,0.02,0.0010520877324337844,0,0
1779347903.007079,2026-05-21T16:18:23.007,0.009765625,0.01806640625,1.04296875,0.1220703125,0.0,0.0,0.9942626953125,-0.3131103515625,67.0330810546875,1.0431709236472195,0.1220703125,1.0441262897459285,0.000955366098708943,0.0010327434056888161,0.02,0.0010327434056888161,0,0
1779347903.007079,2026-05-21T16:18:23.007,0.00927734375,0.0185546875,1.0419921875,0.0,0.0,0.0,0.9942626953125,-0.3131103515625,67.0330810546875,1.0421986683671753,0.0,1.0441244630014164,0.0019257946342410293,0.0012113536513992588,0.02,0.0012113536513992588,0,0
1779347903.007079,2026-05-21T16:18:23.007,0.0078125,0.0185546875,1.0439453125,0.1220703125,0.0,0.0,0.9942626953125,-0.3131103515625,67.0330810546875,1.0441394193665878,0.1220703125,1.044122636256904,1.678310968378227e-05,0.0009724395430561636,0.02,0.0009724395430561636,0,0
1779347903.007079,2026-05-21T16:18:23.007,0.00830078125,0.0185546875,1.04248046875,-0.06103515625,0.0,0.0,0.9942626953125,-0.3131103515625,67.0330810546875,1.0426786212073222,0.06103515625,1.0441244630014164,0.001445841794094127,0.0010671199932637562,0.02,0.0010671199932637562,0,0
1779347903.007079,2026-05-21T16:18:23.007,0.0078125,0.01708984375,1.04296875,0.0,0.06103515625,0.0,0.9942626953125,-0.3131103515625,67.03857421875,1.043138011670657,0.06103515625,1.044122636256904,0.0009846245862470404,0.001050620911860413,0.02,0.001050620911860413,0,0
1779347903.007079,2026-05-21T16:18:23.007,0.00732421875,0.01806640625,1.0439453125,0.0,0.06103515625,0.0,0.9942626953125,-0.3131103515625,67.03857421875,1.0441273172874133,0.06103515625,1.0441224079133906,4.909374022643576e-06,0.0008414786042928591,0.02,0.0008414786042928591,0,0
1779347903.007079,2026-05-21T16:18:23.007,0.00927734375,0.01953125,1.04541015625,0.0,0.06103515625,0.0,0.9942626953125,-0.3131103515625,67.03857421875,1.0456337473629413,0.06103515625,1.044122636256904,0.0015111111060372995,0.0009754051046417472,0.02,0.0009754051046417472,0,0
1779347903.066698,2026-05-21T16:18:23.066,0.0078125,0.01806640625,1.04248046875,0.0,0.06103515625,0.0,0.9942626953125,-0.3131103515625,67.03857421875,1.0426662735104937,0.06103515625,1.044122636256904,0.0014563627464103668,0.0010715966329954713,0.02,0.0010715966329954713,0,0
1779347903.066698,2026-05-21T16:18:23.066,0.00927734375,0.0185546875,1.04296875,0.0,0.0,0.0,0.9942626953125,-0.3131103515625,67.03857421875,1.0431750375712796,0.0,1.0441224079133906,0.0009473703421110091,0.0010467513748185788,0.02,0.0010467513748185788,0,0
1779347903.066698,2026-05-21T16:18:23.066,0.00927734375,0.01806640625,1.044921875,0.0,0.0,0.0,0.9942626953125,-0.3131103515625,67.03857421875,1.0451192223834376,0.0,1.0441221795698772,0.0009970428135603893,0.001036809662566941,0.02,0.001036809662566941,0,0
1779347903.066698,2026-05-21T16:18:23.066,0.0087890625,0.017578125,1.04345703125,0.0,0.0,0.0,0.9942626953125,-0.3131103515625,67.03857421875,1.0436420910269995,0.0,1.0441224079133906,0.0004803168863911633,0.0009255111073317856,0.02,0.0009255111073317856,0,0
1779347903.066698,2026-05-21T16:18:23.066,0.01025390625,0.01806640625,1.04443359375,-0.1220703125,0.0,0.0,0.9942626953125,-0.3131103515625,67.03857421875,1.044640162630996,0.1220703125,1.0441221795698772,0.0005179830611188319,0.0008440054980891948,0.02,0.0008440054980891948,0,0
1779347903.066698,2026-05-21T16:18:23.066,0.0087890625,0.01953125,1.04345703125,-0.06103515625,0.0,0.0,0.9942626953125,-0.318603515625,67.03857421875,1.0436768146372013,0.06103515625,1.0441224079133906,0.00044559327618931555,0.000764323053709219,0.02,0.000764323053709219,0,0
1779347903.066698,2026-05-21T16:18:23.066,0.00927734375,0.017578125,1.04443359375,0.0,0.0,0.0,0.9942626953125,-0.318603515625,67.03857421875,1.0446227028641064,0.0,1.0441221795698772,0.000500523294229227,0.0007115631018132206,0.02,0.0007115631018132206,0,0
1779347903.066698,2026-05-21T16:18:23.066,0.00830078125,0.01513671875,1.044921875,0.0,0.06103515625,0.0,0.9942626953125,-0.318603515625,67.03857421875,1.0450644707755559,0.06103515625,1.0441224079133906,0.0009420628621652494,0.0007576630538836264,0.02,0.0007576630538836264,0,0
1779347903.1296968,2026-05-21T16:18:23.129,0.00830078125,0.017578125,1.04296875,0.0,0.0,0.0,0.9942626953125,-0.318603515625,67.03857421875,1.043149896670866,0.0,1.0441262897459285,0.0009763930750623651,0.0008014090581193742,0.02,0.0008014090581193742,0,0
1779347903.1296968,2026-05-21T16:18:23.129,0.0107421875,0.0185546875,1.04345703125,0.0,0.0,0.0,0.9942626953125,-0.318603515625,67.03857421875,1.0436772715191087,0.0,1.0441262897459285,0.0004490182268197529,0.00073093089185945,0.02,0.00073093089185945,0,0
1779347903.1296968,2026-05-21T16:18:23.129,0.00732421875,0.02001953125,1.04345703125,0.0,0.0,0.0,0.9942626953125,-0.318603515625,67.03857421875,1.0436747586661426,0.0,1.0441244630014164,0.00044970433527380393,0.0006746855805423209,0.02,0.0006746855805423209,0,0
1779347903.1296968,2026-05-21T16:18:23.129,0.00830078125,0.0205078125,1.044921875,-0.06103515625,0.1220703125,0.0,0.9942626953125,-0.318603515625,67.0440673828125,1.0451560640384818,0.13647875839232115,1.044122636256904,0.0010334277815777781,0.0007464340207494124,0.02,0.0007464340207494124,0,0
1779347903.1296968,2026-05-21T16:18:23.129,0.00927734375,0.01806640625,1.04443359375,0.0,0.0,0.0,0.9942626953125,-0.318603515625,67.0440673828125,1.0446310333775202,0.0,1.0441244630014164,0.0005065703761037987,0.0006984612918202898,0.02,0.0006984612918202898,0,0
1779347903.1296968,2026-05-21T16:18:23.129,0.0087890625,0.0166015625,1.04150390625,0.0,0.0,0.0,0.9942626953125,-0.318603515625,67.0440673828125,1.0416732915031848,0.0,1.0441262897459285,0.002452998242743698,0.0010493686820049713,0.02,0.0010493686820049713,0,0
1779347903.1296968,2026-05-21T16:18:23.129,0.009765625,0.01953125,1.04638671875,0.06103515625,0.0,0.0,0.9942626953125,-0.318603515625,67.0440673828125,1.0466145433418144,0.06103515625,1.0441244630014164,0.002490080340397993,0.001337511013683576,0.02,0.001337511013683576,0,0
1779347903.1296968,2026-05-21T16:18:23.129,0.0068359375,0.01708984375,1.0419921875,0.0,0.0,0.0,0.9942626953125,-0.318603515625,67.0440673828125,1.0421547445614487,0.0,1.0441262897459285,0.0019715451844797283,0.0014643178478428065,0.02,0.0014643178478428065,0,0
1779347903.1296968,2026-05-21T16:18:23.129,0.009765625,0.01904296875,1.04296875,0.0,0.0,0.0,0.9942626953125,-0.318603515625,67.0440673828125,1.0431882934384455,0.0,1.0441244630014164,0.0009361695629708233,0.0013586881908684099,0.02,0.0013586881908684099,0,0
1779347903.1296968,2026-05-21T16:18:23.129,0.0068359375,0.017578125,1.04443359375,0.0,-0.06103515625,0.0,0.9942626953125,-0.318603515625,67.0440673828125,1.0446038733766785,0.06103515625,1.044122636256904,0.00048123711977443584,0.0011831979766496151,0.02,0.0011831979766496151,0,0
1779347903.1296968,2026-05-21T16:18:23.129,0.00830078125,0.01953125,1.04345703125,-0.1220703125,0.0,0.0,0.9942626953125,-0.3240966796875,67.0440673828125,1.0436728169119796,0.1220703125,1.0441244630014164,0.00045164608943681905,0.001036887599207056,0.02,0.001036887599207056,0,0
1779347903.1296968,2026-05-21T16:18:23.129,0.0068359375,0.01806640625,1.044921875,0.0,0.0,0.0,0.9942626953125,-0.3240966796875,67.0440673828125,1.0451004018417607,0.0,1.044122636256904,0.000977765584856627,0.0010250631963369702,0.02,0.0010250631963369702,0,0
1779347903.1296968,2026-05-21T16:18:23.129,0.00732421875,0.01904296875,1.0439453125,0.0,0.06103515625,0.0,0.9942626953125,-0.3240966796875,67.0440673828125,1.044144671168624,0.06103515625,1.0441244630014164,2.0208167207602656e-05,0.0008240921905110968,0.02,0.0008240921905110968,0,0
1779347903.1296968,2026-05-21T16:18:23.129,0.00830078125,0.01904296875,1.04150390625,0.0,0.0,0.0,0.9942626953125,-0.3240966796875,67.0440673828125,1.0417110560813794,0.0,1.0441262897459285,0.002415233664549099,0.0011423204853186974,0.02,0.0011423204853186974,0,0
1779347903.1296968,2026-05-21T16:18:23.129,0.0078125,0.01806640625,1.0419921875,0.0,0.06103515625,0.0,0.9942626953125,-0.3240966796875,67.0440673828125,1.0421780793137396,0.06103515625,1.0441244630014164,0.0019463836876767449,0.001303133125790307,0.02,0.001303133125790307,0,0
1779347903.1296968,2026-05-21T16:18:23.129,0.00830078125,0.01904296875,1.04345703125,0.0,0.0,0.0,0.9942626953125,-0.3240966796875,67.0440673828125,1.0436637934187605,0.0,1.044122636256904,0.0004588428381435694,0.0011342750682609595,0.02,0.0011342750682609595,0,0
1779347903.188209,2026-05-21T16:18:23.188,0.0078125,0.017578125,1.0439453125,0.0,0.0,0.0,0.9942626953125,-0.3240966796875,67.0440673828125,1.0441225220851662,0.0,1.0441262897459285,3.7676607622660896e-06,0.0009081735867612208,0.02,0.0009081735867612208,0,0
1779347903.188209,2026-05-21T16:18:23.188,0.00830078125,0.017578125,1.0439453125,0.0,0.06103515625,0.0,0.9942626953125,-0.3240966796875,67.0440673828125,1.0441262897459285,0.06103515625,1.0441262897459285,0.0,0.0007265388694089768,0.02,0.0007265388694089768,0,0
1779347903.1892116,2026-05-21T16:18:23.189,0.0087890625,0.01708984375,1.04443359375,0.06103515625,0.0,0.0,0.9942626953125,-0.3240966796875,67.049560546875,1.044610378147072,0.06103515625,1.0441262897459285,0.0004840884011434454,0.0006780487757558705,0.02,0.0006780487757558705,0,0
1779347903.1892116,2026-05-21T16:18:23.189,0.00927734375,0.01806640625,1.04443359375,0.0,0.06103515625,0.0,0.9942626953125,-0.3240966796875,67.049560546875,1.0446310333775202,0.06103515625,1.0441262897459285,0.0005047436315916976,0.0006433877469230358,0.02,0.0006433877469230358,0,0
1779347903.1892116,2026-05-21T16:18:23.189,0.0078125,0.0205078125,1.04248046875,0.0,0.0,0.0,0.9942626953125,-0.3240966796875,67.049560546875,1.042711433357765,0.0,1.0441262897459285,0.0014148563881635212,0.0007976814751711329,0.02,0.0007976814751711329,0,0
1779347903.1892116,2026-05-21T16:18:23.189,0.0078125,0.0166015625,1.04248046875,0.0,0.1220703125,0.0,0.9942626953125,-0.3240966796875,67.049560546875,1.0426419206798234,0.1220703125,1.0441262897459285,0.0014843690661050513,0.0009350189933579167,0.02,0.0009350189933579167,0,0
1779347903.1892116,2026-05-21T16:18:23.189,0.00634765625,0.017578125,1.04248046875,0.0,0.0,0.0,0.9942626953125,-0.3240966796875,67.049560546875,1.0426479803575144,0.0,1.0441262897459285,0.0014783093884140897,0.0010436770723691513,0.02,0.0010436770723691513,0,0
1779347903.1892116,2026-05-21T16:18:23.189,0.00732421875,0.01904296875,1.0439453125,0.06103515625,0.06103515625,0.0,0.9942626953125,-0.3240966796875,67.049560546875,1.044144671168624,0.08631674575031098,1.0441262897459285,1.838142269550147e-05,0.0008386179424344214,0.02,0.0008386179424344214,0,0
1779347903.21721,2026-05-21T16:18:23.217,0.01025390625,0.0166015625,1.04296875,0.1220703125,0.0,0.0,0.9942626953125,-0.3240966796875,67.049560546875,1.0431512680083304,0.1220703125,1.0441262897459285,0.0009750217375981141,0.0008658987014671599,0.02,0.0008658987014671599,0,0
1779347903.21721,2026-05-21T16:18:23.217,0.00634765625,0.01953125,1.04296875,0.0,0.0,0.0,0.9942626953125,-0.3240966796875,67.049560546875,1.0431709236472195,0.0,1.0441262897459285,0.000955366098708943,0.0008837921809155166,0.02,0.0008837921809155166,0,0
1779347903.21721,2026-05-21T16:18:23.217,0.0078125,0.01904296875,1.04248046875,-0.1220703125,0.0,0.0,0.9942626953125,-0.3240966796875,67.049560546875,1.0426836517085531,0.1220703125,1.0441262897459285,0.0014426380373753211,0.0009955613522074777,0.02,0.0009955613522074777,0,0
1779347903.21721,2026-05-21T16:18:23.217,0.0078125,0.017578125,1.0439453125,0.0,0.06103515625,0.0,0.9942626953125,-0.3240966796875,67.049560546875,1.0441225220851662,0.06103515625,1.0441262897459285,3.7676607622660896e-06,0.0007972026139184354,0.02,0.0007972026139184354,0,0
1779347903.21721,2026-05-21T16:18:23.217,0.009765625,0.017578125,1.044921875,0.0,0.0,0.0,0.9942626953125,-0.3240966796875,67.049560546875,1.0451153442389371,0.0,1.0441244630014164,0.0009908812375207798,0.0008359383386389043,0.02,0.0008359383386389043,0,0
1779347903.21721,2026-05-21T16:18:23.217,0.0107421875,0.017578125,1.04443359375,0.06103515625,-0.06103515625,0.0,0.9942626953125,-0.32958984375,67.049560546875,1.044636739170292,0.08631674575031098,1.0441262897459285,0.0005104494243635127,0.000770840555783826,0.02,0.000770840555783826,0,0
1779347903.21721,2026-05-21T16:18:23.217,0.009765625,0.017578125,1.0439453125,0.06103515625,0.0,0.0,0.999755859375,-0.32958984375,67.049560546875,1.0441389626869015,0.06103515625,1.0441262897459285,1.2672940973068592e-05,0.0006192070328216745,0.02,0.0006192070328216745,0,0
1779347903.21721,2026-05-21T16:18:23.217,0.01025390625,0.01904296875,1.044921875,0.0,0.0,0.0,0.999755859375,-0.32958984375,67.049560546875,1.0451456846323928,0.0,1.0441262897459285,0.0010193948864642977,0.0006992446035501991,0.02,0.0006992446035501991,0,0
1779347903.2472162,2026-05-21T16:18:23.247,0.00732421875,0.01708984375,1.044921875,0.0,0.0,0.0,0.999755859375,-0.32958984375,67.049560546875,1.0450872842940981,0.0,1.0441262897459285,0.0009609945481696691,0.0007515945924740931,0.02,0.0007515945924740931,0,0
1779347903.2472162,2026-05-21T16:18:23.247,0.009765625,0.01953125,1.0419921875,0.0,0.0,0.0,0.999755859375,-0.32958984375,67.0550537109375,1.0422209727160734,0.0,1.0441262897459285,0.0019053170298550803,0.0009823390799502906,0.02,0.0009823390799502906,0,0
1779347903.2472162,2026-05-21T16:18:23.247,0.0078125,0.01904296875,1.04443359375,0.0,0.0,0.0,0.999755859375,-0.32958984375,67.0550537109375,1.0446363968236045,0.0,1.0441262897459285,0.0005101070776760697,0.0008878926794954465,0.02,0.0008878926794954465,0,0
1779347903.2472162,2026-05-21T16:18:23.247,0.0068359375,0.01953125,1.04541015625,0.0,0.0,0.0,0.999755859375,-0.32958984375,67.0550537109375,1.0456149360824547,0.0,1.0441262897459285,0.0014886463365262337,0.001008043410901604,0.02,0.001008043410901604,0,0
1779347903.2472162,2026-05-21T16:18:23.247,0.00927734375,0.01806640625,1.04443359375,0.0,0.0,0.0,0.999755859375,-0.32958984375,67.0550537109375,1.0446310333775202,0.0,1.0441262897459285,0.0005047436315916976,0.0009073834550396228,0.02,0.0009073834550396228,0,0
1779347903.2472162,2026-05-21T16:18:23.247,0.0068359375,0.01708984375,1.04296875,0.0,0.0,0.0,0.999755859375,-0.32958984375,67.0550537109375,1.0431311548781705,0.0,1.0441262897459285,0.0009951348677579297,0.0009249337375832842,0.02,0.0009249337375832842,0,0
1779347903.2472162,2026-05-21T16:18:23.247,0.0087890625,0.01513671875,1.0439453125,0.0,0.0,0.0,0.999755859375,-0.32958984375,67.0550537109375,1.0440920377844418,0.0,1.0441262897459285,3.4251961486653215e-05,0.0007467973823639581,0.02,0.0007467973823639581,0,0
1779347903.2472162,2026-05-21T16:18:23.247,0.0078125,0.0185546875,1.04150390625,0.0,0.0,0.0,0.999755859375,-0.32958984375,67.0550537109375,1.0416984680407673,0.0,1.0441262897459285,0.002427821705161204,0.0010830022469234073,0.02,0.0010830022469234073,0,0
1779347903.3369865,2026-05-21T16:18:23.336,0.00732421875,0.017578125,1.04541015625,0.0,0.0,0.0,0.999755859375,-0.32958984375,67.0550537109375,1.0455835831962277,0.0,1.0441262897459285,0.001457293450299213,0.0011578604875985684,0.02,0.0011578604875985684,0,0
1779347903.3369865,2026-05-21T16:18:23.336,0.01123046875,0.01904296875,1.041015625,0.0,0.0,0.0,0.999755859375,-0.3350830078125,67.0550537109375,1.0412503491386205,0.0,1.0441262897459285,0.002875940607308003,0.0015014765115404552,0.02,0.0015014765115404552,0,0
1779347903.3369865,2026-05-21T16:18:23.336,0.00927734375,0.015625,1.04248046875,0.0,0.0,0.0,0.999755859375,-0.3350830078125,67.0550537109375,1.0426388336606667,0.0,1.0441262897459285,0.0014874560852617957,0.0014986724262847234,0.02,0.0014986724262847234,0,0
1779347903.3369865,2026-05-21T16:18:23.336,0.009765625,0.017578125,1.044921875,0.0,0.0,0.0,0.999755859375,-0.3350830078125,67.0550537109375,1.0451153442389371,0.0,1.0441262897459285,0.0009890544930086786,0.0013967488396295145,0.02,0.0013967488396295145,0,0
1779347903.3369865,2026-05-21T16:18:23.336,0.0087890625,0.0205078125,1.0458984375,0.0,0.0,0.0,0.999755859375,-0.3350830078125,67.0550537109375,1.0461363962496026,0.0,1.0441262897459285,0.0020101065036741694,0.0015194203724384456,0.02,0.0015194203724384456,0,0
1779347903.3369865,2026-05-21T16:18:23.336,0.00927734375,0.017578125,1.04541015625,0.0,0.0,0.0,0.999755859375,-0.3350830078125,67.0550537109375,1.0455990887411009,0.0,1.0441262897459285,0.0014727989951723863,0.001510096096985234,0.02,0.001510096096985234,0,0
1779347903.3369865,2026-05-21T16:18:23.336,0.00830078125,0.01806640625,1.0439453125,0.0,0.0,0.0,0.999755859375,-0.3350830078125,67.0550537109375,1.0441346242199196,0.0,1.0441262897459285,8.33447399117837e-06,0.001209743772386423,0.02,0.001209743772386423,0,0
1779347903.3369865,2026-05-21T16:18:23.336,0.01025390625,0.01904296875,1.044921875,0.0,0.0,0.0,0.999755859375,-0.3350830078125,67.0550537109375,1.0451456846323928,0.0,1.0441262897459285,0.0010193948864642977,0.0011716739952019979,0.02,0.0011716739952019979,0,0
1779347903.337988,2026-05-21T16:18:23.337,0.00830078125,0.0185546875,1.0439453125,0.0,0.0,0.0,0.999755859375,-0.3350830078125,67.0550537109375,1.0441431869663784,0.0,1.0441262897459285,1.689722044995179e-05,0.0009407186402515887,0.02,0.0009407186402515887,0,0
1779347903.337988,2026-05-21T16:18:23.337,0.00927734375,0.01806640625,1.04443359375,0.0,0.0,0.0,0.999755859375,-0.3350830078125,67.0550537109375,1.0446310333775202,0.0,1.0441262897459285,0.0005047436315916976,0.0008535236385196106,0.02,0.0008535236385196106,0,0
1779347903.337988,2026-05-21T16:18:23.337,0.00927734375,0.01904296875,1.04248046875,0.0,0.0,0.0,0.999755859375,-0.3350830078125,67.060546875,1.0426956562157,0.0,1.0441262897459285,0.0014306335302285422,0.000968945616861397,0.02,0.000968945616861397,0,0
1779347903.337988,2026-05-21T16:18:23.337,0.0078125,0.01513671875,1.04541015625,0.0,0.0,0.0,0.999755859375,-0.3350830078125,67.060546875,1.0455489229115087,0.0,1.0441262897459285,0.0014226331655802227,0.0010596831266051622,0.02,0.0010596831266051622,0,0
1779347903.337988,2026-05-21T16:18:23.337,0.0087890625,0.01806640625,1.0439453125,0.0,0.0,0.0,0.999755859375,-0.3350830078125,67.060546875,1.0441386201770058,0.0,1.0441262897459285,1.2330431077289816e-05,0.0008502125874995878,0.02,0.0008502125874995878,0,0
1779347903.337988,2026-05-21T16:18:23.337,0.00830078125,0.0205078125,1.0458984375,0.0,0.0,0.0,0.999755859375,-0.340576171875,67.060546875,1.046132407923508,0.0,1.0441262897459285,0.0020061181775794523,0.0010813937055155608,0.02,0.0010813937055155608,0,0
1779347903.337988,2026-05-21T16:18:23.337,0.0078125,0.01953125,1.0458984375,0.0,0.0,0.0,0.999755859375,-0.340576171875,67.060546875,1.0461099590615481,0.0,1.0441262897459285,0.0019836693156196628,0.0012618488275363813,0.02,0.0012618488275363813,0,0
1779347903.337988,2026-05-21T16:18:23.337,0.00927734375,0.0185546875,1.0439453125,0.0,0.0,0.0,0.999755859375,-0.340576171875,67.060546875,1.0441514071369156,0.0,1.0441262897459285,2.511739098709498e-05,0.0010145025402265241,0.02,0.0010145025402265241,0,0
1779347903.3715398,2026-05-21T16:18:23.371,0.0068359375,0.02001953125,1.04296875,0.0,0.0,0.0,0.999755859375,-0.340576171875,67.060546875,1.0431832653707287,0.0,1.0441262897459285,0.0009430243751997747,0.0010002069072211743,0.02,0.0010002069072211743,0,0
1779347903.3715398,2026-05-21T16:18:23.371,0.00830078125,0.01904296875,1.04443359375,0.0,0.0,0.0,0.999755859375,-0.340576171875,67.060546875,1.044640162630996,0.0,1.0441262897459285,0.0005138728850675456,0.0009029401027904486,0.02,0.0009029401027904486,0,0
1779347903.3715398,2026-05-21T16:18:23.371,0.00537109375,0.02099609375,1.04296875,0.0,0.0,0.0,0.999755859375,-0.340576171875,67.060546875,1.0431938928489721,0.0,1.0441262897459285,0.0009323968969563445,0.0009088314616236279,0.02,0.0009088314616236279,0,0
1779347903.3715398,2026-05-21T16:18:23.371,0.00830078125,0.02001953125,1.0439453125,0.0,0.0,0.0,0.999755859375,-0.340576171875,67.060546875,1.0441702447836525,0.0,1.0441262897459285,4.395503772403053e-05,0.0007358561768437085,0.02,0.0007358561768437085,0,0
1779347903.3715398,2026-05-21T16:18:23.371,0.01025390625,0.0166015625,1.04541015625,0.0,0.0,0.0,0.999755859375,-0.340576171875,67.060546875,1.0455922480878836,0.0,1.0441262897459285,0.0014659583419551758,0.0008818766098660021,0.02,0.0008818766098660021,0,0
1779347903.3715398,2026-05-21T16:18:23.371,0.00927734375,0.01513671875,1.04248046875,0.0,0.0,0.0,0.999755859375,-0.340576171875,67.060546875,1.042631630580423,0.0,1.0441262897459285,0.0014946591655053965,0.001004433120993881,0.02,0.001004433120993881,0,0
1779347903.3715398,2026-05-21T16:18:23.371,0.0087890625,0.0185546875,1.0439453125,0.0,0.0,0.0,0.999755859375,-0.340576171875,67.060546875,1.044147182890695,0.0,1.0441262897459285,2.0893144766498395e-05,0.0008077251257484046,0.02,0.0008077251257484046,0,0
1779347903.3715398,2026-05-21T16:18:23.371,0.00830078125,0.01953125,1.0439453125,0.0,0.0,0.0,0.999755859375,-0.340576171875,67.060546875,1.044160997254085,0.0,1.0441262897459285,3.470750815659507e-05,0.0006531216022300427,0.02,0.0006531216022300427,0,0
1779347903.4590726,2026-05-21T16:18:23.459,0.0078125,0.01806640625,1.04345703125,0.0,0.0,0.0,0.999755859375,-0.340576171875,67.060546875,1.043642662148354,0.0,1.0441262897459285,0.00048362759757436535,0.0006192228012989072,0.02,0.0006192228012989072,0,0
1779347903.4590726,2026-05-21T16:18:23.459,0.009765625,0.0185546875,1.0439453125,0.0,0.0,0.0,0.999755859375,-0.340576171875,67.060546875,1.0441558597022698,0.0,1.0441262897459285,2.9569956341291004e-05,0.000501292232307384,0.02,0.000501292232307384,0,0
1779347903.4590726,2026-05-21T16:18:23.459,0.00830078125,0.01953125,1.04296875,0.0,0.0,0.0,0.999755859375,-0.340576171875,67.060546875,1.0431846366643276,0.0,1.0441262897459285,0.0009416530816008795,0.0005893644021660832,0.02,0.0005893644021660832,0,0
1779347903.4590726,2026-05-21T16:18:23.459,0.00634765625,0.017578125,1.04296875,0.0,0.0,0.0,0.999755859375,-0.3460693359375,67.0660400390625,1.0431361831970676,0.0,1.0441262897459285,0.0009901065488608918,0.000669512831505045,0.02,0.000669512831505045,0,0
1779347903.4590726,2026-05-21T16:18:23.459,0.009765625,0.017578125,1.0439453125,0.0,0.0,0.0,0.999755859375,-0.3460693359375,67.0660400390625,1.0441389626869015,0.0,1.0441262897459285,1.2672940973068592e-05,0.0005381448533986497,0.02,0.0005381448533986497,0,0
1779347903.4590726,2026-05-21T16:18:23.459,0.009765625,0.01806640625,1.04541015625,0.0,0.0,0.0,0.999755859375,-0.3460693359375,67.0660400390625,1.0456118578406999,0.0,1.0441262897459285,0.0014855680947714056,0.0007276295016732008,0.02,0.0007276295016732008,0,0
1779347903.4590726,2026-05-21T16:18:23.459,0.00830078125,0.017578125,1.04443359375,0.0,0.0,0.0,0.999755859375,-0.3460693359375,67.0660400390625,1.0446144864022402,0.0,1.0441262897459285,0.0004881966563117235,0.0006797429326009055,0.02,0.0006797429326009055,0,0
1779347903.4590726,2026-05-21T16:18:23.459,0.00830078125,0.01953125,1.0439453125,0.0,0.0,0.0,0.999755859375,-0.3460693359375,67.0660400390625,1.044160997254085,0.0,1.0441262897459285,3.470750815659507e-05,0.0005507358477120435,0.02,0.0005507358477120435,0,0
1779347903.4590726,2026-05-21T16:18:23.459,0.0078125,0.017578125,1.04443359375,0.0,0.0,0.0,0.999755859375,-0.3460693359375,67.0660400390625,1.0446107205022863,0.0,1.0441262897459285,0.0004844307563578454,0.0005374748294412039,0.02,0.0005374748294412039,0,0
1779347903.4590726,2026-05-21T16:18:23.459,0.0068359375,0.0185546875,1.0419921875,0.0,0.0,0.0,0.999755859375,-0.3460693359375,67.0660400390625,1.0421797950837282,0.0,1.0441262897459285,0.0019464946622003154,0.0008192787959930262,0.02,0.0008192787959930262,0,0
1779347903.4590726,2026-05-21T16:18:23.459,0.00927734375,0.01806640625,1.0439453125,0.0,0.0,0.0,0.999755859375,-0.3460693359375,67.0660400390625,1.0441428444578684,0.0,1.0441262897459285,1.6554711939953393e-05,0.0006587339791824116,0.02,0.0006587339791824116,0,0
1779347903.4590726,2026-05-21T16:18:23.459,0.005859375,0.02001953125,1.04443359375,0.0,0.0,0.0,0.999755859375,-0.3460693359375,67.0660400390625,1.0446418743571408,0.0,1.0441262897459285,0.0005155846112123719,0.0006301041055884037,0.02,0.0006301041055884037,0,0
1779347903.4590726,2026-05-21T16:18:23.459,0.00732421875,0.015625,1.0419921875,0.0,0.0,0.0,0.999755859375,-0.3460693359375,67.0660400390625,1.042135069756475,0.0,1.0441262897459285,0.0019912199894533966,0.0009023272823614023,0.02,0.0009023272823614023,0,0
1779347903.4590726,2026-05-21T16:18:23.459,0.00830078125,0.01904296875,1.04296875,0.0,0.0,0.0,0.999755859375,-0.3460693359375,67.0660400390625,1.0431756089483382,0.0,1.0441262897459285,0.0009506807975903087,0.0009119979854071837,0.02,0.0009119979854071837,0,0
1779347903.4590726,2026-05-21T16:18:23.459,0.00830078125,0.01708984375,1.0439453125,0.0,0.0,0.0,0.999755859375,-0.3460693359375,67.0660400390625,1.0441181835498712,0.0,1.0441262897459285,8.106196057289239e-06,0.0007312196275372049,0.02,0.0007312196275372049,0,0
1779347903.4590726,2026-05-21T16:18:23.459,0.0087890625,0.01806640625,1.04541015625,0.0,0.0,0.0,0.999755859375,-0.3460693359375,67.0660400390625,1.0456031931115495,0.0,1.0441262897459285,0.0014769033656210073,0.0008803563751539654,0.02,0.0008803563751539654,0,0
1779347903.4870749,2026-05-21T16:18:23.487,0.0087890625,0.01904296875,1.04345703125,0.0,0.0,0.0,0.999755859375,-0.3460693359375,67.0660400390625,1.0436677911785464,0.0,1.0441262897459285,0.00045849856738211514,0.0007959848135995954,0.02,0.0007959848135995954,0,0
1779347903.4870749,2026-05-21T16:18:23.487,0.0087890625,0.0185546875,1.04296875,0.0,0.0,0.0,0.999755859375,-0.3460693359375,67.0660400390625,1.0431708093713197,0.0,1.0441262897459285,0.000955480374608797,0.0008278839258014358,0.02,0.0008278839258014358,0,0
1779347903.4870749,2026-05-21T16:18:23.487,0.0087890625,0.01708984375,1.04150390625,0.0,0.0,0.0,0.999755859375,-0.3515625,67.0660400390625,1.041681187846376,0.0,1.0441262897459285,0.002445101899552382,0.001151327520551625,0.02,0.001151327520551625,0,0
1779347903.4870749,2026-05-21T16:18:23.487,0.00634765625,0.0205078125,1.04541015625,0.0,0.0,0.0,0.999755859375,-0.3515625,67.0660400390625,1.0456305551694884,0.0,1.0441262897459285,0.0015042654235599695,0.001221915101153294,0.02,0.001221915101153294,0,0
1779347903.4870749,2026-05-21T16:18:23.487,0.00732421875,0.01806640625,1.0439453125,0.0,0.0,0.0,0.999755859375,-0.3515625,67.0660400390625,1.0441273172874133,0.0,1.0441262897459285,1.0275414847882303e-06,0.0009777375892195928,0.02,0.0009777375892195928,0,0
1779347903.4870749,2026-05-21T16:18:23.487,0.0087890625,0.02001953125,1.0439453125,0.0,0.0,0.0,0.999755859375,-0.3515625,67.071533203125,1.0441742406044219,0.0,1.0441262897459285,4.79508584934063e-05,0.0007917802430743556,0.02,0.0007917802430743556,0,0
1779347903.4870749,2026-05-21T16:18:23.487,0.00732421875,0.01806640625,1.04345703125,0.0,0.0,0.0,0.999755859375,-0.3515625,67.071533203125,1.043639121190918,0.0,1.0441262897459285,0.0004871685550105198,0.0007308579054615885,0.02,0.0007308579054615885,0,0
1779347903.4870749,2026-05-21T16:18:23.487,0.00927734375,0.0185546875,1.0439453125,0.0,0.0,0.0,0.999755859375,-0.3515625,67.071533203125,1.0441514071369156,0.0,1.0441262897459285,2.511739098709498e-05,0.0005897098025666899,0.02,0.0005897098025666899,0,0
1779347903.6065874,2026-05-21T16:18:23.606,0.0078125,0.01904296875,1.04345703125,0.0,0.0,0.0,0.999755859375,-0.3515625,67.071533203125,1.0436600240883651,0.0,1.0441262897459285,0.00046626565756335836,0.0005650209735660235,0.02,0.0005650209735660235,0,0
1779347903.6065874,2026-05-21T16:18:23.606,0.00830078125,0.0166015625,1.04248046875,0.0,0.0,0.0,0.999755859375,-0.3515625,67.071533203125,1.0426456936908248,0.0,1.0441262897459285,0.0014805960551036446,0.0007481359898735477,0.02,0.0007481359898735477,0,0
1779347903.6065874,2026-05-21T16:18:23.606,0.0068359375,0.01904296875,1.04345703125,0.0,0.0,0.0,0.999755859375,-0.3515625,67.071533203125,1.0436531707254957,0.0,1.0441262897459285,0.0004731190204327884,0.000693132595985396,0.02,0.000693132595985396,0,0
1779347903.6065874,2026-05-21T16:18:23.606,0.0087890625,0.0166015625,1.04541015625,0.0,0.0,0.0,0.999755859375,-0.3515625,67.071533203125,1.0455789086853846,0.0,1.0441262897459285,0.0014526189394561406,0.0008450298646795449,0.02,0.0008450298646795449,0,0
1779347903.6065874,2026-05-21T16:18:23.606,0.0087890625,0.01708984375,1.04541015625,0.0,0.0,0.0,0.999755859375,-0.3515625,67.071533203125,1.0455867755330868,0.0,1.0441262897459285,0.0014604857871582944,0.0009681210491752949,0.02,0.0009681210491752949,0,0
1779347903.6065874,2026-05-21T16:18:23.606,0.0078125,0.01904296875,1.0439453125,0.0,0.0,0.0,0.999755859375,-0.3515625,67.071533203125,1.0441482104116189,0.0,1.0441262897459285,2.19206656904003e-05,0.000778880972478316,0.02,0.000778880972478316,0,0
1779347903.6065874,2026-05-21T16:18:23.606,0.009765625,0.01806640625,1.04541015625,0.0,0.0,0.0,0.999755859375,-0.3515625,67.071533203125,1.0456118578406999,0.0,1.0441262897459285,0.0014855680947714056,0.000920218396936934,0.02,0.000920218396936934,0,0
1779347903.6065874,2026-05-21T16:18:23.606,0.00927734375,0.0166015625,1.04248046875,0.0,0.0,0.0,0.999755859375,-0.3515625,67.071533203125,1.0426539256674368,0.0,1.0441262897459285,0.001472364078491717,0.0010306475332478907,0.02,0.0010306475332478907,0,0
1779347903.6075878,2026-05-21T16:18:23.607,0.0068359375,0.01806640625,1.0439453125,0.0,0.0,0.0,0.999755859375,-0.3515625,67.071533203125,1.0441240063167865,0.0,1.0441262897459285,2.283429141991533e-06,0.000824974712426711,0.02,0.000824974712426711,0,0
1779347903.6075878,2026-05-21T16:18:23.607,0.01025390625,0.0185546875,1.044921875,0.0,0.0,0.0,0.999755859375,-0.3515625,67.071533203125,1.0451369019774979,0.0,1.0441262897459285,0.0010106122315693966,0.0008621022162552481,0.02,0.0008621022162552481,0,0
1779347903.6075878,2026-05-21T16:18:23.607,0.0078125,0.01953125,1.044921875,0.0,0.0,0.0,0.999755859375,-0.3570556640625,67.071533203125,1.0451335942052231,0.0,1.0441262897459285,0.0010073044592946445,0.0008911426648631275,0.02,0.0008911426648631275,0,0
1779347903.6075878,2026-05-21T16:18:23.607,0.0068359375,0.0166015625,1.04296875,0.0,0.0,0.0,0.999755859375,-0.3570556640625,67.071533203125,1.0431232695110908,0.0,1.0441262897459285,0.0010030202348376704,0.0009135181788580361,0.02,0.0009135181788580361,0,0
1779347903.6075878,2026-05-21T16:18:23.607,0.01025390625,0.01611328125,1.04345703125,0.0,0.0,0.0,0.999755859375,-0.3570556640625,67.071533203125,1.0436318107891733,0.0,1.0441262897459285,0.00049447895675514,0.0008297103344374569,0.02,0.0008297103344374569,0,0
1779347903.6075878,2026-05-21T16:18:23.607,0.00927734375,0.0185546875,1.04443359375,0.0,0.0,0.0,0.999755859375,-0.3570556640625,67.071533203125,1.0446395920549911,0.0,1.0441262897459285,0.0005133023090626576,0.0007664287293624971,0.02,0.0007664287293624971,0,0
1779347903.6075878,2026-05-21T16:18:23.607,0.00927734375,0.01806640625,1.04443359375,0.0,0.0,0.0,0.999755859375,-0.3570556640625,67.071533203125,1.0446310333775202,0.0,1.0441262897459285,0.0005047436315916976,0.0007140917098083374,0.02,0.0007140917098083374,0,0
1779347903.6075878,2026-05-21T16:18:23.607,0.00927734375,0.017578125,1.04296875,0.0,0.0,0.0,0.999755859375,-0.3570556640625,67.071533203125,1.0431581246686112,0.0,1.0441262897459285,0.000968165077317229,0.0007649063833101157,0.02,0.0007649063833101157,0,0
1779347903.608588,2026-05-21T16:18:23.608,0.00732421875,0.01904296875,1.0458984375,0.0,0.0,0.0,0.999755859375,-0.3570556640625,67.071533203125,1.04609742395441,0.0,1.0441262897459285,0.0019711342084816064,0.001006151948344414,0.02,0.001006151948344414,0,0
1779347903.608588,2026-05-21T16:18:23.608,0.00732421875,0.01708984375,1.04541015625,0.0,0.0,0.0,0.999755859375,-0.3570556640625,67.0770263671875,1.0455754882983566,0.0,1.0441262897459285,0.0014491985524280881,0.0010947612691611487,0.02,0.0010947612691611487,0,0
1779347903.608588,2026-05-21T16:18:23.608,0.0078125,0.01611328125,1.04443359375,0.0,0.0,0.0,0.999755859375,-0.3570556640625,67.0770263671875,1.0445870977292566,0.0,1.0441262897459285,0.00046080798332814865,0.0009679706119945489,0.02,0.0009679706119945489,0,0
1779347903.608588,2026-05-21T16:18:23.608,0.009765625,0.017578125,1.044921875,0.0,0.0,0.0,0.999755859375,-0.3570556640625,67.0770263671875,1.0451153442389371,0.0,1.0441262897459285,0.0009890544930086786,0.0009721873881973749,0.02,0.0009721873881973749,0,0
1779347903.608588,2026-05-21T16:18:23.608,0.00830078125,0.0166015625,1.04443359375,0.0,0.0,0.0,0.999755859375,-0.3570556640625,67.0770263671875,1.0445985097636037,0.0,1.0441262897459285,0.0004722200176752178,0.0008721939140929435,0.02,0.0008721939140929435,0,0
1779347903.608588,2026-05-21T16:18:23.608,0.0087890625,0.017578125,1.04541015625,0.0,0.0,0.0,0.999755859375,-0.3570556640625,67.0770263671875,1.0455948703435733,0.0,1.0441262897459285,0.0014685805976448751,0.00099147125080333,0.02,0.00099147125080333,0,0
1779347903.608588,2026-05-21T16:18:23.608,0.00927734375,0.02099609375,1.04345703125,0.0,0.0,0.0,0.999755859375,-0.3570556640625,67.0770263671875,1.043709481189511,0.0,1.0441262897459285,0.0004168085564175694,0.0008765387119261779,0.02,0.0008765387119261779,0,0
1779347903.608588,2026-05-21T16:18:23.608,0.0078125,0.017578125,1.044921875,0.0,0.0,0.0,0.999755859375,-0.3570556640625,67.0770263671875,1.0450989189968007,0.0,1.0441262897459285,0.00097262925087227,0.0008957568197153964,0.02,0.0008957568197153964,0,0
1779347903.669103,2026-05-21T16:18:23.669,0.0068359375,0.0185546875,1.044921875,0.0,0.0,0.0,0.999755859375,-0.3570556640625,67.0770263671875,1.0451089566754475,0.0,1.0441262897459285,0.0009826669295189827,0.0009131388416761138,0.02,0.0009131388416761138,0,0
1779347903.669103,2026-05-21T16:18:23.669,0.0087890625,0.01806640625,1.04345703125,0.0,0.0,0.0,0.999755859375,-0.3570556640625,67.0770263671875,1.0436504293677469,0.0,1.0441262897459285,0.00047586037818159177,0.0008256831489772095,0.02,0.0008256831489772095,0,0
1779347903.669103,2026-05-21T16:18:23.669,0.0087890625,0.01904296875,1.0439453125,0.0,0.0,0.0,0.999755859375,-0.362548828125,67.0770263671875,1.0441559738703625,0.0,1.0441262897459285,2.9684124434048442e-05,0.0006664833440685773,0.02,0.0006664833440685773,0,0
1779347903.669103,2026-05-21T16:18:23.669,0.0087890625,0.017578125,1.04443359375,0.0,0.0,0.0,0.999755859375,-0.362548828125,67.0770263671875,1.0446184805237195,0.0,1.0441262897459285,0.0004921907777910572,0.0006316248308130733,0.02,0.0006316248308130733,0,0
1779347903.669103,2026-05-21T16:18:23.669,0.00830078125,0.01806640625,1.04248046875,0.0,0.0,0.0,0.999755859375,-0.362548828125,67.0770263671875,1.042670046433372,0.0,1.0441262897459285,0.001456243312556449,0.0007965485271617484,0.02,0.0007965485271617484,0,0
1779347903.669103,2026-05-21T16:18:23.669,0.00732421875,0.017578125,1.04443359375,0.0,0.0,0.0,0.999755859375,-0.362548828125,67.0770263671875,1.0446071828263261,0.0,1.0441262897459285,0.00048089308039767076,0.0007334174378089329,0.02,0.0007334174378089329,0,0
1779347903.669103,2026-05-21T16:18:23.669,0.00830078125,0.01806640625,1.044921875,0.0,0.0,0.0,0.999755859375,-0.362548828125,67.0770263671875,1.0451110098251124,0.0,1.0441262897459285,0.0009847200791839317,0.0007836779660839327,0.02,0.0007836779660839327,0,0
1779347903.669103,2026-05-21T16:18:23.669,0.009765625,0.01708984375,1.04296875,0.0,0.0,0.0,0.999755859375,-0.362548828125,67.0770263671875,1.0431544677887368,0.0,1.0441262897459285,0.0009718219571916986,0.0008213067643054858,0.02,0.0008213067643054858,0,0
1779347903.7561128,2026-05-21T16:18:23.756,0.00927734375,0.01806640625,1.04248046875,0.0,0.0,0.0,0.999755859375,-0.362548828125,67.0770263671875,1.0426782782177182,0.0,1.0441262897459285,0.0014480115282102801,0.0009466477170864448,0.02,0.0009466477170864448,0,0
1779347903.7571206,2026-05-21T16:18:23.757,0.00732421875,0.01806640625,1.0439453125,0.0,0.0,0.0,0.999755859375,-0.362548828125,67.0770263671875,1.0441273172874133,0.0,1.0441262897459285,1.0275414847882303e-06,0.0007575236819661135,0.02,0.0007575236819661135,0,0
1779347903.7571206,2026-05-21T16:18:23.757,0.0068359375,0.017578125,1.0439453125,0.0,0.0,0.0,0.999755859375,-0.362548828125,67.0770263671875,1.0441156717580395,0.0,1.0441262897459285,1.0617987888927871e-05,0.0006081425431506764,0.02,0.0006081425431506764,0,0
1779347903.7571206,2026-05-21T16:18:23.757,0.0078125,0.013671875,1.0458984375,0.0,0.0,0.0,0.999755859375,-0.362548828125,67.0770263671875,1.0460169677816928,0.0,1.0441262897459285,0.0018906780357643704,0.0008646496416734152,0.02,0.0008646496416734152,0,0
1779347903.7571206,2026-05-21T16:18:23.757,0.00830078125,0.01904296875,1.0439453125,0.0,0.0,0.0,0.999755859375,-0.362548828125,67.0770263671875,1.0441519779796888,0.0,1.0441262897459285,2.5688233760368107e-05,0.0006968573600908059,0.02,0.0006968573600908059,0,0
1779347903.7571206,2026-05-21T16:18:23.757,0.009765625,0.0185546875,1.0439453125,0.0,0.0,0.0,0.999755859375,-0.362548828125,67.08251953125,1.0441558597022698,0.0,1.0441262897459285,2.9569956341291004e-05,0.000563399879340903,0.02,0.000563399879340903,0,0
1779347903.7571206,2026-05-21T16:18:23.757,0.0078125,0.017578125,1.044921875,0.0,0.0,0.0,0.999755859375,-0.362548828125,67.08251953125,1.0450989189968007,0.0,1.0441262897459285,0.00097262925087227,0.0006452457536471764,0.02,0.0006452457536471764,0,0
1779347903.7571206,2026-05-21T16:18:23.757,0.0087890625,0.01953125,1.04296875,0.0,0.0,0.0,0.999755859375,-0.362548828125,67.08251953125,1.043188636260362,0.0,1.0441262897459285,0.0009376534855665142,0.000703727300031044,0.02,0.000703727300031044,0,0
1779347903.7582326,2026-05-21T16:18:23.758,0.00634765625,0.01904296875,1.04443359375,0.0,0.0,0.0,0.999755859375,-0.362548828125,67.08251953125,1.0446264687208637,0.0,1.0441262897459285,0.0005001789749352614,0.0006630176350118875,0.02,0.0006630176350118875,0,0
1779347903.7582326,2026-05-21T16:18:23.758,0.00830078125,0.0185546875,1.04443359375,0.0,0.0,0.0,0.999755859375,-0.362548828125,67.08251953125,1.0446313757259653,0.0,1.0441262897459285,0.0005050859800368457,0.0006314313040168792,0.02,0.0006314313040168792,0,0
1779347903.7582326,2026-05-21T16:18:23.758,0.00830078125,0.01904296875,1.04296875,0.0,0.0,0.0,0.999755859375,-0.362548828125,67.08251953125,1.0431756089483382,0.0,1.0441262897459285,0.0009506807975903087,0.0006952812027315651,0.02,0.0006952812027315651,0,0
1779347903.7582326,2026-05-21T16:18:23.758,0.00732421875,0.017578125,1.04443359375,0.0,0.0,0.0,0.999755859375,-0.362548828125,67.08251953125,1.0446071828263261,0.0,1.0441262897459285,0.00048089308039767076,0.0006524035782647863,0.02,0.0006524035782647863,0,0
1779347903.7582326,2026-05-21T16:18:23.758,0.01025390625,0.017578125,1.04443359375,0.0,0.0,0.0,0.999755859375,-0.3680419921875,67.08251953125,1.0446318321903845,0.0,1.0441262897459285,0.0005055424444559975,0.0006230313515030285,0.02,0.0006230313515030285,0,0
1779347903.7582326,2026-05-21T16:18:23.758,0.0078125,0.0185546875,1.0458984375,0.0,0.0,0.0,0.999755859375,-0.3680419921875,67.08251953125,1.0460921819559756,0.0,1.0441262897459285,0.001965892210047171,0.000891603523211857,0.02,0.000891603523211857,0,0
1779347903.7582326,2026-05-21T16:18:23.758,0.0078125,0.01806640625,1.044921875,0.0,0.0,0.0,0.999755859375,-0.3680419921875,67.08251953125,1.0451072457143122,0.0,1.0441262897459285,0.0009809559683837676,0.0009094740122462391,0.02,0.0009094740122462391,0,0
1779347903.7582326,2026-05-21T16:18:23.758,0.0078125,0.017578125,1.04541015625,0.0,0.0,0.0,0.999755859375,-0.3680419921875,67.08251953125,1.045587117568601,0.0,1.0441262897459285,0.001460827822672428,0.001019744774331477,0.02,0.001019744774331477,0,0
1779347903.8222542,2026-05-21T16:18:23.822,0.00927734375,0.0166015625,1.04443359375,0.0,0.0,0.0,0.999755859375,-0.3680419921875,67.08251953125,1.044606726351136,0.0,1.0441263468315913,0.0004803795195447158,0.0009118717233741248,0.02,0.0009118717233741248,0,0
1779347903.8222542,2026-05-21T16:18:23.822,0.00927734375,0.01806640625,1.04248046875,0.0,0.0,0.0,0.999755859375,-0.3680419921875,67.08251953125,1.0426782782177182,0.0,1.0441264039172544,0.001448125699536229,0.0010191225186065456,0.02,0.0010191225186065456,0,0
1779347903.8222542,2026-05-21T16:18:23.822,0.0078125,0.02001953125,1.044921875,0.0,0.0,0.0,0.999755859375,-0.3680419921875,67.08251953125,1.0451428331291543,0.0,1.0441263468315913,0.001016486297563013,0.0010185952743978393,0.02,0.0010185952743978393,0,0
1779347903.8222542,2026-05-21T16:18:23.822,0.0078125,0.0185546875,1.044921875,0.0,0.0,0.0,0.999755859375,-0.3680419921875,67.08251953125,1.045115800491978,0.0,1.0441264039172544,0.0009893965747236333,0.0010127555344629981,0.02,0.0010127555344629981,0,0
1779347903.8222542,2026-05-21T16:18:23.822,0.009765625,0.017578125,1.04248046875,0.0,0.0,0.0,0.999755859375,-0.3680419921875,67.08251953125,1.04267439099432,0.0,1.0441264039172544,0.0014520129229345091,0.0011006070121573003,0.02,0.0011006070121573003,0,0
1779347903.8222542,2026-05-21T16:18:23.822,0.0078125,0.01708984375,1.04296875,0.0,0.0,0.0,0.999755859375,-0.3680419921875,67.08251953125,1.043138011670657,0.0,1.0441264039172544,0.0009883922465974138,0.001078164059045323,0.02,0.001078164059045323,0,0
1779347903.8222542,2026-05-21T16:18:23.822,0.0087890625,0.017578125,1.04443359375,0.0,0.0,0.0,0.999755859375,-0.3680419921875,67.08251953125,1.0446184805237195,0.0,1.0441263468315913,0.0004921336921281938,0.0009609579856618973,0.02,0.0009609579856618973,0,0
1779347903.8222542,2026-05-21T16:18:23.822,0.0068359375,0.0185546875,1.04345703125,0.0,0.0,0.0,0.999755859375,-0.3680419921875,67.08251953125,1.0436443755105425,0.0,1.0441264039172544,0.0004820284067119651,0.0008651720698719109,0.02,0.0008651720698719109,0,0
1779347903.8232334,2026-05-21T16:18:23.823,0.0078125,0.0185546875,1.04248046875,0.0,0.0,0.0,0.999755859375,-0.3680419921875,67.08251953125,1.042674848315472,0.0,1.0441263468315913,0.001451498516119365,0.0009824373591214017,0.02,0.0009824373591214017,0,0
1779347903.8232334,2026-05-21T16:18:23.823,0.0078125,0.01904296875,1.04345703125,0.0,0.0,0.0,0.999755859375,-0.3680419921875,67.08251953125,1.0436600240883651,0.0,1.0441262897459285,0.00046626565756335836,0.0008792030188097931,0.02,0.0008792030188097931,0,0
1779347903.8232334,2026-05-21T16:18:23.823,0.0087890625,0.01904296875,1.04345703125,0.0,0.0,0.0,0.999755859375,-0.3680419921875,67.08251953125,1.0436677911785464,0.0,1.0441262897459285,0.00045849856738211514,0.0007950621285242576,0.02,0.0007950621285242576,0,0
1779347903.8232334,2026-05-21T16:18:23.823,0.00830078125,0.01806640625,1.04248046875,0.0,0.0,0.0,0.999755859375,-0.3680419921875,67.0880126953125,1.042670046433372,0.0,1.0441262897459285,0.001456243312556449,0.0009272983653306958,0.02,0.0009272983653306958,0,0
1779347903.8232334,2026-05-21T16:18:23.823,0.00830078125,0.01806640625,1.0439453125,0.0,0.0,0.0,0.999755859375,-0.3680419921875,67.0880126953125,1.0441346242199196,0.0,1.0441262897459285,8.33447399117837e-06,0.0007435055870627925,0.02,0.0007435055870627925,0,0
1779347903.8232334,2026-05-21T16:18:23.823,0.0087890625,0.01953125,1.04150390625,0.0,0.0,0.0,0.999755859375,-0.3680419921875,67.0880126953125,1.0417241017084131,0.0,1.0441262897459285,0.0024021880375153515,0.0010752420771533043,0.02,0.0010752420771533043,0,0
1779347903.8232334,2026-05-21T16:18:23.823,0.0087890625,0.01708984375,1.0439453125,0.0,0.0,0.0,0.999755859375,-0.3680419921875,67.0880126953125,1.0441221795698772,0.0,1.0441262897459285,4.110176051286274e-06,0.0008610156969329007,0.02,0.0008610156969329007,0,0
1779347903.8232334,2026-05-21T16:18:23.823,0.00732421875,0.01806640625,1.0439453125,0.0,0.0,0.0,0.999755859375,-0.37353515625,67.0880126953125,1.0441273172874133,0.0,1.0441262897459285,1.0275414847882303e-06,0.0006890180658432783,0.02,0.0006890180658432783,0,0
1779347903.972266,2026-05-21T16:18:23.972,0.009765625,0.01708984375,1.044921875,0.0,0.0,0.0,0.999755859375,-0.37353515625,67.0880126953125,1.0451072457143122,0.0,1.0441263468315913,0.0009808988827209042,0.0007473942292188035,0.02,0.0007473942292188035,0,0
1779347903.972266,2026-05-21T16:18:23.972,0.00830078125,0.01806640625,1.04345703125,0.0,0.0,0.0,0.999755859375,-0.37353515625,67.0880126953125,1.0436464315414555,0.0,1.0441264039172544,0.0004799723757988872,0.0006939098585348203,0.02,0.0006939098585348203,0,0
1779347903.972266,2026-05-21T16:18:23.972,0.00732421875,0.01708984375,1.04345703125,0.0,0.0,0.0,0.999755859375,-0.37353515625,67.0880126953125,1.043622672714981,0.0,1.0441263468315913,0.000503674116610231,0.0006558627101499024,0.02,0.0006558627101499024,0,0
1779347903.972266,2026-05-21T16:18:23.972,0.00830078125,0.0185546875,1.04296875,0.0,0.0,0.0,0.999755859375,-0.37353515625,67.0880126953125,1.0431668097069353,0.0,1.0441262897459285,0.0009594800389931546,0.0007165861759185529,0.02,0.0007165861759185529,0,0
1779347903.972266,2026-05-21T16:18:23.972,0.00732421875,0.01708984375,1.04638671875,0.0,0.0,0.0,0.999755859375,-0.37353515625,67.0880126953125,1.046551896523096,0.0,1.0441262897459285,0.0024256067771675216,0.0010583902961683468,0.02,0.0010583902961683468,0,0
1779347903.972266,2026-05-21T16:18:23.972,0.0078125,0.0185546875,1.04296875,0.0,0.0,0.0,0.999755859375,-0.37353515625,67.0880126953125,1.0431630385807558,0.0,1.0441262897459285,0.0009632511651727071,0.001039362469969219,0.02,0.001039362469969219,0,0
1779347903.972266,2026-05-21T16:18:23.972,0.00732421875,0.01708984375,1.041015625,0.0,0.0,0.0,0.999755859375,-0.37353515625,67.0880126953125,1.0411816548680821,0.0,1.0441262897459285,0.0029446348778463527,0.001420416951544646,0.02,0.001420416951544646,0,0
1779347903.972266,2026-05-21T16:18:23.972,0.0107421875,0.017578125,1.044921875,0.0,0.0,0.0,0.999755859375,-0.37353515625,67.0880126953125,1.0451249255109727,0.0,1.0441262897459285,0.0009986357650442201,0.0013360607142445609,0.02,0.0013360607142445609,0,0
1779347903.972266,2026-05-21T16:18:23.972,0.0107421875,0.0185546875,1.0419921875,0.0,0.0,0.0,0.999755859375,-0.37353515625,67.0880126953125,1.042212737319758,0.0,1.0441262897459285,0.0019135524261704173,0.0014515590566297322,0.02,0.0014515590566297322,0,0
1779347903.972266,2026-05-21T16:18:23.972,0.0087890625,0.01953125,1.04345703125,0.0,0.0,0.0,0.999755859375,-0.37353515625,67.0880126953125,1.0436768146372013,0.0,1.0441262897459285,0.0004494751087271709,0.00125114226704922,0.02,0.00125114226704922,0,0
1779347903.972266,2026-05-21T16:18:23.972,0.005859375,0.0205078125,1.04345703125,0.0,0.0,0.0,0.999755859375,-0.37353515625,67.0880126953125,1.0436749871075715,0.0,1.0441262897459285,0.00045130263835702067,0.0010911743413107803,0.02,0.0010911743413107803,0,0
1779347903.972266,2026-05-21T16:18:23.972,0.00927734375,0.017578125,1.0419921875,0.0,0.0,0.0,0.999755859375,-0.37353515625,67.0880126953125,1.042181739619634,0.0,1.0441262897459285,0.0019445501262944642,0.001261849498307517,0.02,0.001261849498307517,0,0
1779347903.972266,2026-05-21T16:18:23.972,0.00927734375,0.01953125,1.04248046875,0.0,0.0,0.0,0.999755859375,-0.37353515625,67.0880126953125,1.0427046880871103,0.0,1.0441262897459285,0.0014216016588182168,0.0012937999304096569,0.02,0.0012937999304096569,0,0
1779347903.972266,2026-05-21T16:18:23.972,0.0107421875,0.01708984375,1.04248046875,0.0,0.0,0.0,0.999755859375,-0.37353515625,67.0880126953125,1.0426758772873306,0.0,1.0441262897459285,0.001450412458597894,0.0013251224360473044,0.02,0.0013251224360473044,0,0
1779347903.972266,2026-05-21T16:18:23.972,0.00927734375,0.0185546875,1.0439453125,0.0,0.0,0.0,0.999755859375,-0.37353515625,67.0880126953125,1.0441514071369156,0.0,1.0441262897459285,2.511739098709498e-05,0.0010651214270352624,0.02,0.0010651214270352624,0,0
1779347903.972266,2026-05-21T16:18:23.972,0.0087890625,0.01904296875,1.04541015625,0.0,0.0,0.0,0.999755859375,-0.37353515625,67.0880126953125,1.0456205224980484,0.0,1.0441262897459285,0.0014942327521199061,0.0011509436920521914,0.02,0.0011509436920521914,0,0
1779347903.972266,2026-05-21T16:18:23.972,0.01025390625,0.01806640625,1.04541015625,0.0,0.0,0.0,0.999755859375,-0.37353515625,67.0880126953125,1.0456165322042412,0.0,1.0441262897459285,0.0014902424583127516,0.0012188034453043035,0.02,0.0012188034453043035,0,0
1779347903.972266,2026-05-21T16:18:23.972,0.00732421875,0.021484375,1.046875,0.0,0.0,0.0,0.999755859375,-0.37353515625,67.0880126953125,1.0471210475271895,0.0,1.0441262897459285,0.002994757781261015,0.001573994312495646,0.02,0.001573994312495646,0,0
1779347903.972266,2026-05-21T16:18:23.972,0.009765625,0.01806640625,1.0439453125,0.0,0.0,0.0,0.999755859375,-0.37353515625,67.093505859375,1.0441472970597363,0.0,1.0441262897459285,2.1007313807830386e-05,0.001263396912758083,0.02,0.001263396912758083,0,0
1779347903.972266,2026-05-21T16:18:23.972,0.01025390625,0.0166015625,1.044921875,0.0,0.0,0.0,0.999755859375,-0.3790283203125,67.093505859375,1.0451040519126986,0.0,1.0441262897459285,0.0009777621667701464,0.001206269963560496,0.02,0.001206269963560496,0,0
1779347903.972266,2026-05-21T16:18:23.972,0.0078125,0.017578125,1.044921875,0.0,0.0,0.0,0.999755859375,-0.3790283203125,67.093505859375,1.0450989189968007,0.0,1.0441262897459285,0.00097262925087227,0.0011595418210228509,0.02,0.0011595418210228509,0,0
1779347903.973263,2026-05-21T16:18:23.973,0.009765625,0.0166015625,1.041015625,0.0,0.0,0.0,0.999755859375,-0.3790283203125,67.093505859375,1.0411937911854943,0.0,1.0441262897459285,0.0029324985604342046,0.0015141331689051216,0.02,0.0015141331689051216,0,0
1779347903.973263,2026-05-21T16:18:23.973,0.00830078125,0.01904296875,1.04296875,0.0,0.0,0.0,0.999755859375,-0.3790283203125,67.093505859375,1.0431756089483382,0.0,1.0441262897459285,0.0009506807975903087,0.0014014426946421593,0.02,0.0014014426946421593,0,0
1779347903.973263,2026-05-21T16:18:23.973,0.0078125,0.02001953125,1.04345703125,0.0,0.0,0.0,0.999755859375,-0.3790283203125,67.093505859375,1.0436782995026692,0.0,1.0441262897459285,0.0004479902432592553,0.0012107522043655783,0.02,0.0012107522043655783,0,0
1779347903.997263,2026-05-21T16:18:23.997,0.009765625,0.017578125,1.04345703125,0.0,0.0,0.0,0.999755859375,-0.3790283203125,67.093505859375,1.0436507720378594,0.0,1.0441262897459285,0.0004755177080690842,0.0010637053051062795,0.02,0.0010637053051062795,0,0
1779347903.997263,2026-05-21T16:18:23.997,0.0068359375,0.01806640625,1.0439453125,0.0,0.0,0.0,0.999755859375,-0.3790283203125,67.093505859375,1.0441240063167865,0.0,1.0441262897459285,2.283429141991533e-06,0.000851420929913422,0.02,0.000851420929913422,0,0
1779347903.997263,2026-05-21T16:18:23.997,0.00732421875,0.01904296875,1.04443359375,0.0,0.0,0.0,0.999755859375,-0.3790283203125,67.093505859375,1.044632859234598,0.0,1.0441262897459285,0.0005065694886694505,0.0007824506416646278,0.02,0.0007824506416646278,0,0
1779347903.997263,2026-05-21T16:18:23.997,0.00830078125,0.01806640625,1.04248046875,0.0,0.0,0.0,0.999755859375,-0.3790283203125,67.093505859375,1.042670046433372,0.0,1.0441262897459285,0.001456243312556449,0.0009172091758429921,0.02,0.0009172091758429921,0,0
1779347903.997263,2026-05-21T16:18:23.997,-0.02001953125,-0.0068359375,1.0361328125,0.0,0.0,0.0,0.999755859375,-0.3790283203125,67.093505859375,1.0363487428525853,0.0,1.0441262897459285,0.007777546893343201,0.002289276719343034,0.02,0.002289276719343034,0,0
1779347903.997263,2026-05-21T16:18:23.997,0.0146484375,0.0302734375,1.04150390625,0.0,0.0,0.0,0.999755859375,-0.3790283203125,67.093505859375,1.0420467573354213,0.0,1.0441262897459285,0.002079532410507179,0.002247327857575863,0.02,0.002247327857575863,0,0
1779347903.997263,2026-05-21T16:18:23.997,0.0,0.0166015625,1.0546875,0.0,0.0,0.0,0.999755859375,-0.3790283203125,67.093505859375,1.0548181523531397,0.0,1.0441262897459285,0.010691862607211222,0.003936234807502935,0.02,0.003936234807502935,0,0
1779347903.997263,2026-05-21T16:18:23.997,0.0068359375,0.0234375,1.04638671875,0.0,0.0,0.0,0.999755859375,-0.3790283203125,67.093505859375,1.0466714917413895,0.0,1.0441262897459285,0.002545201995461044,0.0036580282450945564,0.02,0.0036580282450945564,0,0
1779347904.0282815,2026-05-21T16:18:24.028,0.00390625,0.02099609375,1.0380859375,0.0,0.0,0.0,0.999755859375,-0.3790283203125,67.093505859375,1.0383055948886508,0.0,1.0441262897459285,0.005820694857277653,0.004090561567531176,0.02,0.004090561567531176,0,0
1779347904.0282815,2026-05-21T16:18:24.028,0.0048828125,0.01904296875,1.04345703125,0.0,0.0,0.0,0.999755859375,-0.3790283203125,67.093505859375,1.0436422052512955,0.0,1.0441262897459285,0.00048408449463299696,0.0033692661529515404,0.02,0.0033692661529515404,0,0
1779347904.0282815,2026-05-21T16:18:24.028,0.0078125,0.01953125,1.04931640625,0.0,0.0,0.0,0.999755859375,-0.3790283203125,67.093505859375,1.0495272389548675,0.0,1.0441262897459285,0.0054009492089390765,0.0037756027641490477,0.02,0.0037756027641490477,0,0
1779347904.0282815,2026-05-21T16:18:24.028,0.0068359375,0.02001953125,1.0458984375,0.0,0.0,0.0,0.999755859375,-0.3790283203125,67.093505859375,1.0461123521103817,0.0,1.0441262897459285,0.0019860623644532005,0.0034176946842098786,0.02,0.0034176946842098786,0,0
1779347904.0282815,2026-05-21T16:18:24.028,0.0078125,0.01904296875,1.0400390625,0.0,0.0,0.0,0.999755859375,-0.3790283203125,67.093505859375,1.0402427223205852,0.0,1.0441262897459285,0.0038835674253432373,0.0035108692324365507,0.02,0.0035108692324365507,0,0
1779347904.0282815,2026-05-21T16:18:24.028,0.005859375,0.01806640625,1.0458984375,0.0,0.0,0.0,0.999755859375,-0.3790283203125,67.093505859375,1.0460708718223264,0.0,1.0441262897459285,0.001944582076397916,0.003197611801228824,0.02,0.003197611801228824,0,0
1779347904.0282815,2026-05-21T16:18:24.028,0.00927734375,0.02001953125,1.04541015625,0.0,0.0,0.0,0.999755859375,-0.3790283203125,67.093505859375,1.0456429818676998,0.0,1.0441262897459285,0.0015166921217713014,0.0028614278653373197,0.02,0.0028614278653373197,0,0
1779347904.0282815,2026-05-21T16:18:24.028,0.009765625,0.01708984375,1.0419921875,0.0,0.0,0.0,0.999755859375,-0.3790283203125,67.093505859375,1.0421780793137396,0.0,1.0441262897459285,0.001948210432188846,0.002678784378707625,0.02,0.002678784378707625,0,0
1779347904.0577698,2026-05-21T16:18:24.057,0.00830078125,0.01806640625,1.04345703125,0.0,0.0,0.0,0.999755859375,-0.3790283203125,67.093505859375,1.0436464315414555,0.0,1.0441262897459285,0.00047985820447293825,0.002238999143860688,0.02,0.002238999143860688,0,0
1779347904.0577698,2026-05-21T16:18:24.057,0.0087890625,0.01904296875,1.04296875,0.0,0.0,0.0,0.999755859375,-0.3790283203125,67.093505859375,1.0431796085789853,0.0,1.0441262897459285,0.0009466811669431863,0.0019805355484771876,0.02,0.0019805355484771876,0,0
1779347904.0577698,2026-05-21T16:18:24.057,0.00732421875,0.02099609375,1.04443359375,0.0,0.0,0.0,0.999755859375,-0.3790283203125,67.093505859375,1.0446702886014307,0.0,1.0441262897459285,0.0005439988555022701,0.0016932282098822042,0.02,0.0016932282098822042,0,0
1779347904.0577698,2026-05-21T16:18:24.057,0.0087890625,0.015625,1.04345703125,0.0,0.0,0.0,0.999755859375,-0.3790283203125,67.0989990234375,1.0436110215543397,0.0,1.0441262897459285,0.000515268191588758,0.001457636206223515,0.02,0.001457636206223515,0,0
1779347904.0577698,2026-05-21T16:18:24.057,0.009765625,0.0185546875,1.044921875,0.0,0.0,0.0,0.999755859375,-0.3790283203125,67.0989990234375,1.0451322254688058,0.0,1.0441262897459285,0.001005935722877327,0.0013672961095542774,0.02,0.0013672961095542774,0,0
1779347904.0577698,2026-05-21T16:18:24.057,0.0087890625,0.0185546875,1.04541015625,0.0,0.0,0.0,0.999755859375,-0.3790283203125,67.0989990234375,1.045611743831572,0.0,1.0441262897459285,0.0014854540856434895,0.00139092770477212,0.02,0.00139092770477212,0,0
1779347904.0577698,2026-05-21T16:18:24.057,0.009765625,0.01806640625,1.04150390625,0.0,0.0,0.0,0.999755859375,-0.3790283203125,67.0989990234375,1.0417063641931152,0.0,1.0441262897459285,0.002419925552813229,0.0015967272743803418,0.02,0.0015967272743803418,0,0
1779347904.0577698,2026-05-21T16:18:24.057,0.005859375,0.0166015625,1.0439453125,0.0,0.0,0.0,0.999755859375,-0.3790283203125,67.0989990234375,1.0440937504092027,0.0,1.0441262897459285,3.2539336725756485e-05,0.0012838896868494249,0.02,0.0012838896868494249,0,0
1779347904.116774,2026-05-21T16:18:24.116,0.00830078125,0.01953125,1.04248046875,0.0,0.0,0.0,0.999755859375,-0.3790283203125,67.0989990234375,1.0426964565112622,0.0,1.0441262897459285,0.0014298332346662779,0.0013130783964127955,0.02,0.0013130783964127955,0,0
1779347904.116774,2026-05-21T16:18:24.116,0.00830078125,0.01904296875,1.04345703125,0.0,0.0,0.0,0.999755859375,-0.3790283203125,67.0989990234375,1.0436637934187605,0.0,1.0441262897459285,0.0004624963271679938,0.001142961982563835,0.02,0.001142961982563835,0,0
1779347904.116774,2026-05-21T16:18:24.116,0.00927734375,0.01708984375,1.0439453125,0.0,0.0,0.0,0.999755859375,-0.3790283203125,67.0989990234375,1.0441264039172544,0.0,1.0441262897459285,1.1417132594893076e-07,0.0009143924203162579,0.02,0.0009143924203162579,0,0
1779347904.116774,2026-05-21T16:18:24.116,0.0078125,0.01806640625,1.0439453125,0.0,0.0,0.0,0.999755859375,-0.3790283203125,67.0989990234375,1.0441308565892318,0.0,1.0441262897459285,4.566843303299706e-06,0.0007324273049136663,0.02,0.0007324273049136663,0,0
1779347904.116774,2026-05-21T16:18:24.116,0.0078125,0.01806640625,1.041015625,0.0,0.0,0.0,0.999755859375,-0.3790283203125,67.0989990234375,1.0412016911651558,0.0,1.0441262897459285,0.0029245985807726527,0.0011708615600854637,0.02,0.0011708615600854637,0,0
1779347904.116774,2026-05-21T16:18:24.116,0.009765625,0.01904296875,1.044921875,0.0,0.0,0.0,0.999755859375,-0.3790283203125,67.0989990234375,1.0451410081629988,0.0,1.0441262897459285,0.0010147184170703483,0.0011396329314824407,0.02,0.0011396329314824407,0,0
1779347904.116774,2026-05-21T16:18:24.116,0.01171875,0.01806640625,1.04541015625,0.0,0.0,0.0,0.999755859375,-0.3790283203125,67.0989990234375,1.0456319232535902,0.0,1.0441262897459285,0.0015056335076617522,0.001212833046718303,0.02,0.001212833046718303,0,0
1779347904.116774,2026-05-21T16:18:24.116,0.00927734375,0.0185546875,1.044921875,0.0,0.0,0.0,0.999755859375,-0.3790283203125,67.0989990234375,1.0451277770630698,0.0,1.0441262897459285,0.0010014873171413363,0.0011705639008029098,0.02,0.0011705639008029098,0,0
1779347904.1488054,2026-05-21T16:18:24.148,0.0078125,0.01904296875,1.04345703125,0.0,0.0,0.0,0.999755859375,-0.384521484375,67.0989990234375,1.0436600240883651,0.0,1.0441262897459285,0.00046626565756335836,0.0010297042521549996,0.02,0.0010297042521549996,0,0
1779347904.1488054,2026-05-21T16:18:24.148,0.00830078125,0.017578125,1.04296875,0.0,0.0,0.0,0.999755859375,-0.384521484375,67.0989990234375,1.043149896670866,0.0,1.0441262897459285,0.0009763930750623651,0.0010190420167364728,0.02,0.0010190420167364728,0,0
1779347904.1488054,2026-05-21T16:18:24.148,0.01025390625,0.01904296875,1.04541015625,0.0,0.0,0.0,0.999755859375,-0.384521484375,67.0989990234375,1.0456338613696703,0.0,1.0441262897459285,0.0015075716237418213,0.0011167479381375424,0.02,0.0011167479381375424,0,0
1779347904.1488054,2026-05-21T16:18:24.148,0.0087890625,0.01708984375,1.0419921875,0.0,0.0,0.0,0.999755859375,-0.384521484375,67.0989990234375,1.042169386035717,0.0,1.0441262897459285,0.0019569037102113995,0.001284779092552314,0.02,0.001284779092552314,0,0
1779347904.1488054,2026-05-21T16:18:24.148,0.00634765625,0.01953125,1.04443359375,0.0,0.0,0.0,0.999755859375,-0.384521484375,67.0989990234375,1.0446354838985563,0.0,1.0441262897459285,0.0005091941526278454,0.0011296621045674203,0.02,0.0011296621045674203,0,0
1779347904.1488054,2026-05-21T16:18:24.148,0.0087890625,0.017578125,1.04443359375,0.0,0.0,0.0,0.999755859375,-0.384521484375,67.0989990234375,1.0446184805237195,0.0,1.0441262897459285,0.0004921907777910572,0.0010021678392121477,0.02,0.0010021678392121477,0,0
1779347904.1488054,2026-05-21T16:18:24.148,0.01123046875,0.0205078125,1.04443359375,0.0,0.0,0.0,0.999755859375,-0.384521484375,67.0989990234375,1.0446952788040251,0.0,1.0441262897459285,0.0005689890580966583,0.0009155320829890498,0.02,0.0009155320829890498,0,0
1779347904.1488054,2026-05-21T16:18:24.148,0.0078125,0.01953125,1.04443359375,0.0,0.0,0.0,0.999755859375,-0.384521484375,67.0989990234375,1.0446454119156185,0.0,1.0441262897459285,0.0005191221696900783,0.0008362501003292556,0.02,0.0008362501003292556,0,0
1779347904.1762705,2026-05-21T16:18:24.176,0.009765625,0.01708984375,1.0439453125,0.0,0.0,0.0,0.999755859375,-0.384521484375,67.0989990234375,1.0441308565892318,0.0,1.0441262897459285,4.566843303299706e-06,0.0006699134489240644,0.02,0.0006699134489240644,0,0
1779347904.1762705,2026-05-21T16:18:24.176,0.00830078125,0.01904296875,1.04345703125,0.0,0.0,0.0,0.999755859375,-0.384521484375,67.0989990234375,1.0436637934187605,0.0,1.0441262897459285,0.0004624963271679938,0.0006284300245728504,0.02,0.0006284300245728504,0,0
1779347904.1762705,2026-05-21T16:18:24.176,0.009765625,0.01806640625,1.04345703125,0.0,0.0,0.0,0.999755859375,-0.384521484375,67.0989990234375,1.0436591103092494,0.0,1.0441262897459285,0.00046717943667906603,0.0005961799069940936,0.02,0.0005961799069940936,0,0
1779347904.1762705,2026-05-21T16:18:24.176,0.00634765625,0.0166015625,1.04345703125,0.0,0.0,0.0,0.999755859375,-0.384521484375,67.0989990234375,1.0436083943138696,0.0,1.0441262897459285,0.0005178954320588236,0.0005805230120070397,0.02,0.0005805230120070397,0,0
1779347904.1762705,2026-05-21T16:18:24.176,0.01123046875,0.017578125,1.0439453125,0.0,0.0,0.0,0.999755859375,-0.384521484375,67.0989990234375,1.0441536905061357,0.0,1.0441262897459285,2.7400760207241248e-05,0.00046989856164708003,0.02,0.00046989856164708003,0,0
1779347904.1762705,2026-05-21T16:18:24.176,0.00830078125,0.01953125,1.04443359375,0.0,0.0,0.0,0.999755859375,-0.384521484375,67.0989990234375,1.044649177690512,0.0,1.0441262897459285,0.0005228879445835499,0.00048049643823437404,0.02,0.00048049643823437404,0,0
1779347904.1762705,2026-05-21T16:18:24.176,0.0087890625,0.0205078125,1.04296875,0.0,0.0,0.0,0.999755859375,-0.384521484375,67.1044921875,1.043207377020373,0.0,1.0441262897459285,0.000918912725555554,0.0005681796956986101,0.02,0.0005681796956986101,0,0
1779347904.1762705,2026-05-21T16:18:24.176,0.0087890625,0.0205078125,1.04443359375,0.0,0.0,0.0,0.999755859375,-0.384521484375,67.1044921875,1.044671886166515,0.0,1.0441262897459285,0.0005455964205864916,0.0005636630406761864,0.02,0.0005636630406761864,0,0
1779347904.2678306,2026-05-21T16:18:24.267,0.00830078125,0.01904296875,1.0439453125,0.0,0.0,0.0,0.999755859375,-0.384521484375,67.1044921875,1.0441519779796888,0.0,1.0441263468315913,2.5631148097504663e-05,0.0004560566621604501,0.02,0.0004560566621604501,0,0
1779347904.2678306,2026-05-21T16:18:24.267,0.01025390625,0.0185546875,1.0419921875,0.0,0.0,0.0,0.999755859375,-0.384521484375,67.1044921875,1.0422078189270323,0.0,1.0441264039172544,0.0019185849902221275,0.0007485623277727856,0.02,0.0007485623277727856,0,0
1779347904.2678306,2026-05-21T16:18:24.267,0.00830078125,0.0166015625,1.04443359375,0.0,0.0,0.0,0.999755859375,-0.384521484375,67.1044921875,1.0445985097636037,0.0,1.0441263468315913,0.0004721629320123544,0.0006932824486206993,0.02,0.0006932824486206993,0,0
1779347904.2678306,2026-05-21T16:18:24.267,0.0078125,0.017578125,1.04345703125,0.0,0.0,0.0,0.999755859375,-0.384521484375,67.1044921875,1.0436343237455488,0.0,1.0441264039172544,0.0004920801717056555,0.0006530419932376906,0.02,0.0006530419932376906,0,0
1779347904.2678306,2026-05-21T16:18:24.267,0.00634765625,0.017578125,1.04443359375,0.0,0.0,0.0,0.999755859375,-0.384521484375,67.1044921875,1.0446007921555123,0.0,1.0441263468315913,0.00047444532392093564,0.0006173226593743396,0.02,0.0006173226593743396,0,0
1779347904.2678306,2026-05-21T16:18:24.267,0.00732421875,0.01953125,1.04638671875,0.0,0.0,0.0,0.999755859375,-0.384521484375,67.1044921875,1.046594610669887,0.0,1.0441264039172544,0.0024682067526324847,0.0009874994780259688,0.02,0.0009874994780259688,0,0
1779347904.2678306,2026-05-21T16:18:24.267,0.00927734375,0.01904296875,1.04345703125,0.0,0.0,0.0,0.999755859375,-0.384521484375,67.1044921875,1.0436720173650975,0.0,1.0441264039172544,0.0004543865521569046,0.0008808768928521561,0.02,0.0008808768928521561,0,0
1779347904.2678306,2026-05-21T16:18:24.267,0.009765625,0.01611328125,1.04345703125,0.0,0.0,0.0,0.999755859375,-0.3900146484375,67.1044921875,1.0436271275361453,0.0,1.0441264039172544,0.0004992763811091372,0.0008045567905035524,0.02,0.0008045567905035524,0,0
1779347904.2698305,2026-05-21T16:18:24.269,0.00830078125,0.015625,1.04248046875,0.0,0.0,0.0,0.999755859375,-0.3900146484375,67.1044921875,1.0426306015648976,0.0,1.0441263468315913,0.0014957452666937154,0.000942794485741585,0.02,0.000942794485741585,0,0
1779347904.2698305,2026-05-21T16:18:24.269,0.0087890625,0.01806640625,1.0439453125,0.0,0.0,0.0,0.999755859375,-0.3900146484375,67.1044921875,1.0441386201770058,0.0,1.0441262897459285,1.2330431077289816e-05,0.0007567016748087261,0.02,0.0007567016748087261,0,0
1779347904.2698305,2026-05-21T16:18:24.269,0.00830078125,0.01904296875,1.0439453125,0.0,0.0,0.0,0.999755859375,-0.3900146484375,67.1044921875,1.0441519779796888,0.0,1.0441263468315913,2.5631148097504663e-05,0.0006104875694664818,0.02,0.0006104875694664818,0,0
1779347904.2698305,2026-05-21T16:18:24.269,0.009765625,0.0185546875,1.04296875,0.0,0.0,0.0,0.999755859375,-0.3900146484375,67.1044921875,1.0431794943040367,0.0,1.0441264039172544,0.0009469096132177501,0.0006777719782167356,0.02,0.0006777719782167356,0,0
1779347904.2698305,2026-05-21T16:18:24.269,0.00830078125,0.017578125,1.0458984375,0.0,0.0,0.0,0.999755859375,-0.3900146484375,67.1044921875,1.0460790768449666,0.0,1.0441263468315913,0.001952730013375259,0.0009327635852484403,0.02,0.0009327635852484403,0,0
1779347904.2698305,2026-05-21T16:18:24.269,0.00830078125,0.0185546875,1.04345703125,0.0,0.0,0.0,0.999755859375,-0.3900146484375,67.1044921875,1.043654998293328,0.0,1.0441264039172544,0.00047140562392633534,0.0008404919929840193,0.02,0.0008404919929840193,0,0
1779347904.2698305,2026-05-21T16:18:24.269,0.00732421875,0.017578125,1.044921875,0.0,0.0,0.0,0.999755859375,-0.3900146484375,67.1044921875,1.0450953829734055,0.0,1.0441263468315913,0.0009690361418142057,0.0008662008227500567,0.02,0.0008662008227500567,0,0
1779347904.2698305,2026-05-21T16:18:24.269,0.0078125,0.0185546875,1.0439453125,0.0,0.0,0.0,0.999755859375,-0.3900146484375,67.1044921875,1.0441394193665878,0.0,1.0441264039172544,1.3015449333408924e-05,0.0006955637480667272,0.02,0.0006955637480667272,0,0
1779347904.2968411,2026-05-21T16:18:24.296,0.01025390625,0.01953125,1.04541015625,0.0,0.0,0.0,0.999755859375,-0.3900146484375,67.1044921875,1.0456428678619654,0.0,1.0441263468315913,0.0015165210303740295,0.0008597552045281878,0.02,0.0008597552045281878,0,0
1779347904.2968411,2026-05-21T16:18:24.296,0.00927734375,0.0185546875,1.044921875,0.0,0.0,0.0,0.999755859375,-0.3900146484375,67.1044921875,1.0451277770630698,0.0,1.0441264039172544,0.0010013731458153874,0.0008880787927856278,0.02,0.0008880787927856278,0,0
1779347904.2968411,2026-05-21T16:18:24.296,0.0087890625,0.01904296875,1.0439453125,0.0,0.0,0.0,0.999755859375,-0.3900146484375,67.1044921875,1.0441559738703625,0.0,1.0441264039172544,2.956995310809951e-05,0.0007163770248501221,0.02,0.0007163770248501221,0,0
1779347904.2968411,2026-05-21T16:18:24.296,0.00927734375,0.01708984375,1.04296875,0.0,0.0,0.0,0.999755859375,-0.3900146484375,67.1044921875,1.043150010949057,0.0,1.0441264039172544,0.0009763929681974037,0.0007683802135195785,0.02,0.0007683802135195785,0,0
1779347904.2968411,2026-05-21T16:18:24.296,0.00830078125,0.02001953125,1.044921875,0.0,0.0,0.0,0.999755859375,-0.3900146484375,67.1044921875,1.045146597111786,0.0,1.0441264039172544,0.0010201931945315046,0.0008187428097219638,0.02,0.0008187428097219638,0,0
1779347904.2968411,2026-05-21T16:18:24.296,0.00927734375,0.017578125,1.0419921875,0.0,0.0,0.0,0.999755859375,-0.3900146484375,67.1044921875,1.042181739619634,0.0,1.0441264039172544,0.0019446642976204132,0.0010439271073016537,0.02,0.0010439271073016537,0,0
1779347904.2968411,2026-05-21T16:18:24.296,0.00927734375,0.01904296875,1.0439453125,0.0,0.0,0.0,0.999755859375,-0.3900146484375,67.1044921875,1.0441601980810185,0.0,1.0441264039172544,3.379416376403377e-05,0.0008419005185941298,0.02,0.0008419005185941298,0,0
1779347904.2968411,2026-05-21T16:18:24.296,0.00830078125,0.02001953125,1.0419921875,0.0,0.0,0.0,0.999755859375,-0.3900146484375,67.1044921875,1.0422175413088504,0.0,1.0441264039172544,0.0019088626084040605,0.0010552929365561159,0.02,0.0010552929365561159,0,0
1779347904.3558383,2026-05-21T16:18:24.355,0.009765625,0.017578125,1.04443359375,0.0,0.0,0.0,0.999755859375,-0.3900146484375,67.1044921875,1.0446271534206337,0.0,1.0441263468315913,0.0005008065890423907,0.0009443956670533709,0.02,0.0009443956670533709,0,0
1779347904.3558383,2026-05-21T16:18:24.355,0.009765625,0.0185546875,1.04345703125,0.0,0.0,0.0,0.999755859375,-0.3900146484375,67.1044921875,1.0436676769570508,0.0,1.0441264039172544,0.0004587269602036592,0.0008472619256834287,0.02,0.0008472619256834287,0,0
1779347904.3558383,2026-05-21T16:18:24.355,0.00830078125,0.0185546875,1.041015625,0.0,0.0,0.0,0.999755859375,-0.3900146484375,67.1044921875,1.0412140562303813,0.0,1.0441263468315913,0.0029122906012100103,0.0012602676607887451,0.02,0.0012602676607887451,0,0
1779347904.3558383,2026-05-21T16:18:24.355,0.01025390625,0.017578125,1.04345703125,0.0,0.0,0.0,0.999755859375,-0.3955078125,67.1099853515625,1.043655455184786,0.0,1.0441262897459285,0.00047083456114238587,0.0011023810408594733,0.02,0.0011023810408594733,0,0
1779347904.3558383,2026-05-21T16:18:24.355,0.00830078125,0.0185546875,1.0439453125,0.0,0.0,0.0,0.999755859375,-0.3955078125,67.1099853515625,1.0441431869663784,0.0,1.0441262897459285,1.689722044995179e-05,0.000885284276777569,0.02,0.000885284276777569,0,0
1779347904.3558383,2026-05-21T16:18:24.355,0.01025390625,0.017578125,1.04296875,0.0,0.0,0.0,0.999755859375,-0.3955078125,67.1099853515625,1.0431672668122125,0.0,1.0441262897459285,0.0009590229337159695,0.0009000320081652492,0.02,0.0009000320081652492,0,0
1779347904.3558383,2026-05-21T16:18:24.355,0.00927734375,0.01904296875,1.04541015625,0.0,0.0,0.0,0.999755859375,-0.3955078125,67.1099853515625,1.0456247407920867,0.0,1.0441262897459285,0.0014984510461582001,0.0010197158157638395,0.02,0.0010197158157638395,0,0
1779347904.3558383,2026-05-21T16:18:24.355,0.0068359375,0.01806640625,1.0439453125,0.0,0.0,0.0,0.999755859375,-0.3955078125,67.1099853515625,1.0441240063167865,0.0,1.0441262897459285,2.283429141991533e-06,0.00081622933843947,0.02,0.00081622933843947,0,0
1779347904.3973484,2026-05-21T16:18:24.397,0.01025390625,0.01708984375,1.04248046875,0.0,0.0,0.0,0.999755859375,-0.3955078125,67.1099853515625,1.0426709610792866,0.0,1.0441262897459285,0.0014553286666418863,0.0009440492040799533,0.02,0.0009440492040799533,0,0
1779347904.3973484,2026-05-21T16:18:24.397,0.0078125,0.01806640625,1.04443359375,0.0,0.0,0.0,0.999755859375,-0.3955078125,67.1099853515625,1.0446190511112556,0.0,1.0441262897459285,0.0004927613653271656,0.0008537916363293959,0.02,0.0008537916363293959,0,0
1779347904.3973484,2026-05-21T16:18:24.397,0.0078125,0.0166015625,1.04296875,0.0,0.0,0.0,0.999755859375,-0.3955078125,67.1099853515625,1.04313012635541,0.0,1.0441262897459285,0.0009961633905184453,0.0008822659871672058,0.02,0.0008822659871672058,0,0
1779347904.3973484,2026-05-21T16:18:24.397,0.0078125,0.0166015625,1.04541015625,0.0,0.0,0.0,0.999755859375,-0.3955078125,67.1099853515625,1.0455711557920584,0.0,1.0441262897459285,0.0014448660461299223,0.000994785998959749,0.02,0.000994785998959749,0,0
1779347904.3973484,2026-05-21T16:18:24.397,0.00927734375,0.01806640625,1.04443359375,0.0,0.0,0.0,0.999755859375,-0.3955078125,67.1099853515625,1.0446310333775202,0.0,1.0441262897459285,0.0005047436315916976,0.0008967775254861388,0.02,0.0008967775254861388,0,0
1779347904.3973484,2026-05-21T16:18:24.397,0.009765625,0.02001953125,1.04296875,0.0,0.0,0.0,0.999755859375,-0.3955078125,67.1099853515625,1.0432065771167631,0.0,1.0441262897459285,0.0009197126291653479,0.0009013645462219807,0.02,0.0009013645462219807,0,0
1779347904.3973484,2026-05-21T16:18:24.397,0.009765625,0.0185546875,1.04443359375,0.0,0.0,0.0,0.999755859375,-0.3955078125,67.1099853515625,1.0446440425395644,0.0,1.0441262897459285,0.0005177527936359727,0.0008246421957047792,0.02,0.0008246421957047792,0,0
1779347904.3973484,2026-05-21T16:18:24.397,0.00927734375,0.0185546875,1.04541015625,0.0,0.0,0.0,0.999755859375,-0.3955078125,67.1099853515625,1.0456159621610257,0.0,1.0441262897459285,0.0014896724150972318,0.0009576482395832699,0.02,0.0009576482395832699,0,0
1779347904.4183478,2026-05-21T16:18:24.418,0.0087890625,0.01708984375,1.0439453125,0.0,0.0,0.0,0.999755859375,-0.3955078125,67.1099853515625,1.0441221795698772,0.0,1.0441264039172544,4.224347377235205e-06,0.000766963461142063,0.02,0.000766963461142063,0,0
1779347904.4183478,2026-05-21T16:18:24.418,0.00830078125,0.01953125,1.04443359375,0.0,0.0,0.0,0.999755859375,-0.3955078125,67.1099853515625,1.044649177690512,0.0,1.0441264039172544,0.000522773773257601,0.0007181255235651706,0.02,0.0007181255235651706,0,0
1779347904.4183478,2026-05-21T16:18:24.418,0.0107421875,0.01953125,1.04345703125,0.0,0.0,0.0,0.999755859375,-0.3955078125,67.1099853515625,1.0436950897574977,0.0,1.0441264039172544,0.0004313141597567238,0.0006607632508034813,0.02,0.0006607632508034813,0,0
1779347904.4183478,2026-05-21T16:18:24.418,0.0068359375,0.017578125,1.04638671875,0.0,0.0,0.0,0.999755859375,-0.3955078125,67.1099853515625,1.046556680594229,0.0,1.0441264039172544,0.0024302766769745965,0.0010146659360377045,0.02,0.0010146659360377045,0,0
1779347904.4183478,2026-05-21T16:18:24.418,0.0107421875,0.01904296875,1.0439453125,0.0,0.0,0.0,0.999755859375,-0.3955078125,67.1099853515625,1.0441742406044219,0.0,1.0441264039172544,4.783668716745737e-05,0.000821300086263655,0.02,0.000821300086263655,0,0
1779347904.4183478,2026-05-21T16:18:24.418,0.0087890625,0.01806640625,1.04443359375,0.0,0.0,0.0,0.999755859375,-0.3955078125,67.1099853515625,1.0446268110708048,0.0,1.0441264039172544,0.0005004071535503751,0.0007571214997209991,0.02,0.0007571214997209991,0,0
1779347904.4183478,2026-05-21T16:18:24.418,0.0078125,0.01708984375,1.0439453125,0.0,0.0,0.0,0.999755859375,-0.4010009765625,67.1099853515625,1.0441144158598579,0.0,1.0441264039172544,1.1988057396550289e-05,0.0006080948112561094,0.02,0.0006080948112561094,0,0
1779347904.4183478,2026-05-21T16:18:24.418,0.00732421875,0.01904296875,1.04443359375,0.0,0.0,0.0,0.999755859375,-0.4010009765625,67.1099853515625,1.044632859234598,0.0,1.0441264039172544,0.0005064553173435016,0.0005877669124735879,0.02,0.0005877669124735879,0,0
1779347904.4778638,2026-05-21T16:18:24.477,0.00830078125,0.02001953125,1.04443359375,0.0,0.0,0.0,0.999755859375,-0.4010009765625,67.1099853515625,1.0446584208986065,0.0,1.0441264039172544,0.0005320169813520792,0.0005766169262492862,0.02,0.0005766169262492862,0,0
1779347904.4778638,2026-05-21T16:18:24.477,0.0078125,0.01904296875,1.04541015625,0.0,0.0,0.0,0.999755859375,-0.4010009765625,67.1099853515625,1.0456127699132758,0.0,1.0441264039172544,0.001486365996021366,0.0007585667402037022,0.02,0.0007585667402037022,0,0
1779347904.4778638,2026-05-21T16:18:24.477,0.00732421875,0.017578125,1.04345703125,0.0,0.0,0.0,0.999755859375,-0.4010009765625,67.1099853515625,1.043630782759821,0.0,1.0441268606023337,0.0004960778425127099,0.0007060689606655038,0.02,0.0007060689606655038,0,0
1779347904.4778638,2026-05-21T16:18:24.477,0.00732421875,0.02099609375,1.04345703125,0.0,0.0,0.0,0.999755859375,-0.4010009765625,67.1099853515625,1.043693947571854,0.0,1.0441264039172544,0.00043245634540034494,0.000651346437612472,0.02,0.000651346437612472,0,0
1779347904.4778638,2026-05-21T16:18:24.477,0.0078125,0.01953125,1.04345703125,0.0,0.0,0.0,0.999755859375,-0.4010009765625,67.1099853515625,1.0436690476141735,0.0,1.0441264039172544,0.0004573563030809691,0.0006125484107061715,0.02,0.0006125484107061715,0,0
1779347904.4778638,2026-05-21T16:18:24.477,0.00732421875,0.01904296875,1.04638671875,0.0,0.0,0.0,0.999755859375,-0.4010009765625,67.1099853515625,1.0465856123679051,0.0,1.0441264039172544,0.0024592084506507295,0.000981880418695083,0.02,0.000981880418695083,0,0
1779347904.4778638,2026-05-21T16:18:24.477,0.00830078125,0.017578125,1.04541015625,0.0,0.0,0.0,0.999755859375,-0.4010009765625,67.1099853515625,1.0455908799518698,0.0,1.0441264039172544,0.001464476034615414,0.0010783995418791493,0.02,0.0010783995418791493,0,0
1779347904.4778638,2026-05-21T16:18:24.477,0.0078125,0.0185546875,1.04443359375,0.0,0.0,0.0,1.0052490234375,-0.4010009765625,67.1099853515625,1.0446276098868978,0.0,1.0441264039172544,0.0005012059696434257,0.0009629608274320045,0.02,0.0009629608274320045,0,0
1779347904.507869,2026-05-21T16:18:24.507,0.00732421875,0.017578125,1.04150390625,0.0,0.0,0.0,1.0052490234375,-0.4010009765625,67.1099853515625,1.0416779835404137,0.0,1.0441268606023337,0.002448877061919985,0.0012601440743296008,0.02,0.0012601440743296008,0,0
1779347904.507869,2026-05-21T16:18:24.507,0.0078125,0.017578125,1.04345703125,0.0,0.0,0.0,1.0052490234375,-0.4010009765625,67.1099853515625,1.0436343237455488,0.0,1.0441264039172544,0.0004920801717056555,0.0011065312938048119,0.02,0.0011065312938048119,0,0
1779347904.507869,2026-05-21T16:18:24.507,0.0078125,0.0185546875,1.04443359375,0.0,0.0,0.0,1.0052490234375,-0.4010009765625,67.1099853515625,1.0446276098868978,0.0,1.0441264039172544,0.0005012059696434257,0.0009854662289725347,0.02,0.0009854662289725347,0,0
1779347904.507869,2026-05-21T16:18:24.507,0.00634765625,0.0166015625,1.0439453125,0.0,0.0,0.0,1.0052490234375,-0.4010009765625,67.1099853515625,1.044096604777562,0.0,1.0441264039172544,2.9799139692476828e-05,0.0007943328111165231,0.02,0.0007943328111165231,0,0
1779347904.507869,2026-05-21T16:18:24.507,0.00830078125,0.01953125,1.0439453125,0.0,0.0,0.0,1.0052490234375,-0.4010009765625,67.115478515625,1.044160997254085,0.0,1.0441264039172544,3.459333683064614e-05,0.0006423849162593478,0.02,0.0006423849162593478,0,0
1779347904.507869,2026-05-21T16:18:24.507,0.00732421875,0.01904296875,1.0439453125,0.0,0.0,0.0,1.0052490234375,-0.4010009765625,67.115478515625,1.044144671168624,0.0,1.0441264039172544,1.826725136955254e-05,0.0005175613832813888,0.02,0.0005175613832813888,0,0
1779347904.507869,2026-05-21T16:18:24.507,0.0068359375,0.01953125,1.0439453125,0.0,0.0,0.0,1.0052490234375,-0.4010009765625,67.115478515625,1.0441503796191376,0.0,1.0441268606023337,2.351901680386348e-05,0.00041875290998588373,0.02,0.00041875290998588373,0,0
1779347904.507869,2026-05-21T16:18:24.507,0.00830078125,0.01953125,1.0498046875,0.0,0.0,0.0,1.0052490234375,-0.4010009765625,67.115478515625,1.0500191686787892,0.0,1.0441273172874133,0.005891851391375935,0.0015133726062638941,0.02,0.0015133726062638941,0,0
1779347904.5664017,2026-05-21T16:18:24.566,0.0068359375,0.01904296875,1.04345703125,0.0,0.0,0.0,1.0052490234375,-0.4010009765625,67.115478515625,1.0436531707254957,0.0,1.0441273172874133,0.00047414656191757665,0.0013055273973946308,0.02,0.0013055273973946308,0,0
1779347904.567402,2026-05-21T16:18:24.567,0.00927734375,0.0185546875,1.0439453125,0.0,0.0,0.0,1.0052490234375,-0.4010009765625,67.115478515625,1.0441514071369156,0.0,1.0441273172874133,2.4089849502306748e-05,0.001049239887816166,0.02,0.001049239887816166,0,0
1779347904.567402,2026-05-21T16:18:24.567,0.0087890625,0.01611328125,1.04248046875,0.0,0.0,0.0,1.0052490234375,-0.4010009765625,67.115478515625,1.0426420350136907,0.0,1.0441273172874133,0.0014852822737225768,0.0011364483649974483,0.02,0.0011364483649974483,0,0
1779347904.567402,2026-05-21T16:18:24.567,0.0107421875,0.0166015625,1.04296875,0.0,0.0,0.0,1.0052490234375,-0.4010009765625,67.115478515625,1.0431561819527742,0.0,1.0441273172874133,0.0009711353346391061,0.00110338575892578,0.02,0.00110338575892578,0,0
1779347904.567402,2026-05-21T16:18:24.567,0.00830078125,0.01806640625,1.0439453125,0.0,0.0,0.0,1.0052490234375,-0.4010009765625,67.115478515625,1.0441346242199196,0.0,1.0441273172874133,7.30693250639014e-06,0.0008841699936419021,0.02,0.0008841699936419021,0,0
1779347904.567402,2026-05-21T16:18:24.567,0.0087890625,0.01904296875,1.04443359375,0.0,0.0,0.0,1.0052490234375,-0.4010009765625,67.115478515625,1.044644156654304,0.0,1.0441273172874133,0.0005168393668908422,0.0008107038682916901,0.02,0.0008107038682916901,0,0
1779347904.567402,2026-05-21T16:18:24.567,0.0107421875,0.0166015625,1.04296875,0.0,0.0,0.0,1.0052490234375,-0.4010009765625,67.115478515625,1.0431561819527742,0.0,1.0441273172874133,0.0009711353346391061,0.0008427901615611733,0.02,0.0008427901615611733,0,0
1779347904.567402,2026-05-21T16:18:24.567,0.00927734375,0.017578125,1.04345703125,0.0,0.0,0.0,1.0052490234375,-0.4010009765625,67.115478515625,1.043646317317622,0.0,1.0441273172874133,0.0004809999697912293,0.0007704321232071845,0.02,0.0007704321232071845,0,0
1779347904.5974023,2026-05-21T16:18:24.597,0.0078125,0.01806640625,1.04296875,0.0,0.0,0.0,1.0052490234375,-0.4010009765625,67.115478515625,1.0431544677887368,0.0,1.0441273172874133,0.0009728494986764868,0.000810915598301045,0.02,0.000810915598301045,0,0
1779347904.5974023,2026-05-21T16:18:24.597,0.00732421875,0.01708984375,1.04150390625,0.0,0.0,0.0,1.0052490234375,-0.4010009765625,67.115478515625,1.0416698582918227,0.0,1.0441273172874133,0.002457458995590578,0.0011402242777589517,0.02,0.0011402242777589517,0,0
1779347904.5974023,2026-05-21T16:18:24.597,0.0087890625,0.01953125,1.04248046875,0.0,0.0,0.0,1.0052490234375,-0.406494140625,67.115478515625,1.0427004579798607,0.0,1.0441268606023337,0.0014264026224730664,0.0011974599467017748,0.02,0.0011974599467017748,0,0
1779347904.5974023,2026-05-21T16:18:24.597,0.0078125,0.01611328125,1.04443359375,0.0,0.0,0.0,1.0052490234375,-0.406494140625,67.115478515625,1.0445870977292566,0.0,1.0441264039172544,0.0004606938120021997,0.0010501067197618598,0.02,0.0010501067197618598,0,0
1779347904.5974023,2026-05-21T16:18:24.597,0.0048828125,0.0185546875,1.0458984375,0.0,0.0,0.0,1.0052490234375,-0.406494140625,67.115478515625,1.046074404548297,0.0,1.0441268606023337,0.0019475439459633037,0.0012295941650021487,0.02,0.0012295941650021487,0,0
1779347904.5974023,2026-05-21T16:18:24.597,0.00732421875,0.017578125,1.04345703125,0.0,0.0,0.0,1.0052490234375,-0.406494140625,67.115478515625,1.043630782759821,0.0,1.0441273172874133,0.0004965345275922406,0.0010829822375201673,0.02,0.0010829822375201673,0,0
1779347904.5974023,2026-05-21T16:18:24.597,0.0087890625,0.02099609375,1.04443359375,0.0,0.0,0.0,1.0052490234375,-0.406494140625,67.115478515625,1.0446815856163674,0.0,1.0441268606023337,0.0005547250140336413,0.0009773307928228623,0.02,0.0009773307928228623,0,0
1779347904.5974023,2026-05-21T16:18:24.597,0.0078125,0.01806640625,1.04345703125,0.0,0.0,0.0,1.0052490234375,-0.406494140625,67.115478515625,1.043642662148354,0.0,1.0441273172874133,0.0004846551390591536,0.0008787956620701205,0.02,0.0008787956620701205,0,0
1779347904.6274023,2026-05-21T16:18:24.627,0.0078125,0.01708984375,1.0439453125,0.0,0.0,0.0,1.0052490234375,-0.406494140625,67.115478515625,1.0441144158598579,0.0,1.0441273172874133,1.2901427555389589e-05,0.0007056168151671745,0.02,0.0007056168151671745,0,0
1779347904.6274023,2026-05-21T16:18:24.627,0.0087890625,0.01708984375,1.04296875,0.0,0.0,0.0,1.0052490234375,-0.406494140625,67.115478515625,1.043145782647656,0.0,1.0441273172874133,0.0009815346397572533,0.0007608003800851903,0.02,0.0007608003800851903,0,0
1779347904.6274023,2026-05-21T16:18:24.627,0.0078125,0.01611328125,1.0439453125,0.0,0.0,0.0,1.0052490234375,-0.406494140625,67.115478515625,1.0440988882666307,0.0,1.0441268606023337,2.7972335703063678e-05,0.000614234771208765,0.02,0.000614234771208765,0,0
1779347904.6274023,2026-05-21T16:18:24.627,0.00732421875,0.017578125,1.0458984375,0.0,0.0,0.0,1.0052490234375,-0.406494140625,67.115478515625,1.0460717834946869,0.0,1.0441264039172544,0.00194537957743246,0.000880463732453504,0.02,0.000880463732453504,0,0
1779347904.6274023,2026-05-21T16:18:24.627,0.0087890625,0.01904296875,1.0458984375,0.0,0.0,0.0,1.0052490234375,-0.406494140625,67.115478515625,1.0461087055575935,0.0,1.0441268606023337,0.0019818449552597706,0.0011007399770147574,0.02,0.0011007399770147574,0,0
1779347904.6274023,2026-05-21T16:18:24.627,0.00927734375,0.01904296875,1.044921875,0.0,0.0,0.0,1.0052490234375,-0.406494140625,67.115478515625,1.0451365597946447,0.0,1.0441273172874133,0.0010092425072314448,0.0010824404830580949,0.02,0.0010824404830580949,0,0
1779347904.6274023,2026-05-21T16:18:24.627,0.0087890625,0.01904296875,1.04443359375,0.0,0.0,0.0,1.0052490234375,-0.406494140625,67.115478515625,1.044644156654304,0.0,1.0441273172874133,0.0005168393668908422,0.0009693202598246444,0.02,0.0009693202598246444,0,0
1779347904.6274023,2026-05-21T16:18:24.627,0.00830078125,0.01708984375,1.04345703125,0.0,0.0,0.0,1.0052490234375,-0.406494140625,67.115478515625,1.043629983180736,0.0,1.0441273172874133,0.000497334106677183,0.0008749230291951522,0.02,0.0008749230291951522,0,0
1779347904.688263,2026-05-21T16:18:24.688,0.00732421875,0.017578125,1.04248046875,0.0,0.0,0.0,1.0052490234375,-0.406494140625,67.115478515625,1.0426543829975652,0.0,1.0441273172874133,0.0014729342898480713,0.0009945252813257362,0.02,0.0009945252813257362,0,0
1779347904.688263,2026-05-21T16:18:24.688,0.00830078125,0.01806640625,1.04296875,0.0,0.0,0.0,1.0052490234375,-0.406494140625,67.115478515625,1.0431582389459007,0.0,1.0441273172874133,0.0009690783415126081,0.0009894358933631106,0.02,0.0009894358933631106,0,0
1779347904.688263,2026-05-21T16:18:24.688,0.01025390625,0.01806640625,1.04443359375,0.0,0.0,0.0,1.0052490234375,-0.406494140625,67.115478515625,1.044640162630996,0.0,1.0441273172874133,0.0005128453435827574,0.00089411778340704,0.02,0.00089411778340704,0,0
1779347904.688263,2026-05-21T16:18:24.688,0.009765625,0.01806640625,1.04443359375,0.0,0.0,0.0,1.0052490234375,-0.406494140625,67.115478515625,1.0446354838985563,0.0,1.0441273172874133,0.0005081666111430572,0.0008169275489542436,0.02,0.0008169275489542436,0,0
1779347904.688263,2026-05-21T16:18:24.688,0.0087890625,0.01806640625,1.04443359375,0.0,0.0,0.0,1.0052490234375,-0.406494140625,67.115478515625,1.0446268110708048,0.0,1.0441273172874133,0.0004994937833915358,0.0007534407958417021,0.02,0.0007534407958417021,0,0
1779347904.688263,2026-05-21T16:18:24.688,0.00927734375,0.01708984375,1.044921875,0.0,0.0,0.0,1.0052490234375,-0.406494140625,67.115478515625,1.0451027972022517,0.0,1.0441273172874133,0.0009754799148384841,0.0007978486196410586,0.02,0.0007978486196410586,0,0
1779347904.688263,2026-05-21T16:18:24.688,0.00830078125,0.017578125,1.04443359375,0.0,0.0,0.0,1.0052490234375,-0.406494140625,67.115478515625,1.0446144864022402,0.0,1.0441273172874133,0.00048716911482693526,0.000735712718678234,0.02,0.000735712718678234,0,0
1779347904.688263,2026-05-21T16:18:24.688,0.00927734375,0.01904296875,1.044921875,0.0,0.0,0.0,1.0052490234375,-0.406494140625,67.1209716796875,1.0451365597946447,0.0,1.0441273172874133,0.0010092425072314448,0.0007904186763888763,0.02,0.0007904186763888763,0,0
1779347904.725281,2026-05-21T16:18:24.725,0.00927734375,0.0185546875,1.046875,0.0,0.0,0.0,1.0052490234375,-0.406494140625,67.1209716796875,1.0470805179928993,0.0,1.044130285734911,0.0029502322579881834,0.0012223813927087377,0.02,0.0012223813927087377,0,0
1779347904.725281,2026-05-21T16:18:24.725,0.0068359375,0.01953125,1.04296875,0.0,0.0,0.0,1.0052490234375,-0.406494140625,67.1209716796875,1.0431740090917856,0.0,1.044130285734911,0.0009562766431254754,0.0011691604427920854,0.02,0.0011691604427920854,0,0
1779347904.725281,2026-05-21T16:18:24.725,0.0107421875,0.01953125,1.04248046875,0.0,0.0,0.0,1.0052490234375,-0.406494140625,67.1209716796875,1.042718750212188,0.0,1.044130285734911,0.0014115355227231063,0.0012176354587782896,0.02,0.0012176354587782896,0,0
1779347904.725281,2026-05-21T16:18:24.725,0.0068359375,0.01611328125,1.04150390625,0.0,0.0,0.0,1.0052490234375,-0.406494140625,67.1209716796875,1.0416509754270642,0.0,1.044130285734911,0.0024793103078468715,0.001469970428592006,0.02,0.001469970428592006,0,0
1779347904.725281,2026-05-21T16:18:24.725,0.009765625,0.017578125,1.04443359375,0.0,0.0,0.0,1.0052490234375,-0.406494140625,67.1209716796875,1.0446271534206337,0.0,1.044130285734911,0.0004968676857226573,0.0012753498800181363,0.02,0.0012753498800181363,0,0
1779347904.725281,2026-05-21T16:18:24.725,0.00830078125,0.01611328125,1.04345703125,0.0,0.0,0.0,1.0052490234375,-0.406494140625,67.1209716796875,1.0436144483797958,0.0,1.044130285734911,0.0005158373551152895,0.001123447375037567,0.02,0.001123447375037567,0,0
1779347904.725281,2026-05-21T16:18:24.725,0.00830078125,0.01806640625,1.04541015625,0.0,0.0,0.0,1.0052490234375,-0.406494140625,67.1209716796875,1.0455992027516088,0.0,1.044130285734911,0.0014689170166977128,0.0011925413033695962,0.02,0.0011925413033695962,0,0
1779347904.725281,2026-05-21T16:18:24.725,0.00927734375,0.017578125,1.04443359375,0.0,0.0,0.0,1.0052490234375,-0.406494140625,67.1209716796875,1.0446227028641064,0.0,1.044130285734911,0.0004924171291953439,0.0010525164685347458,0.02,0.0010525164685347458,0,0
1779347904.749308,2026-05-21T16:18:24.749,0.0107421875,0.01904296875,1.0439453125,0.0,0.0,0.0,1.0052490234375,-0.406494140625,67.1209716796875,1.0441742406044219,0.0,1.044130285734911,4.39548695108094e-05,0.0008508041487299586,0.02,0.0008508041487299586,0,0
1779347904.749308,2026-05-21T16:18:24.749,0.00927734375,0.01806640625,1.04443359375,0.0,0.0,0.0,1.0052490234375,-0.4119873046875,67.1209716796875,1.0446310333775202,0.0,1.044130285734911,0.0005007476426091007,0.0007807928475057871,0.02,0.0007807928475057871,0,0
1779347904.749308,2026-05-21T16:18:24.749,0.00732421875,0.01806640625,1.044921875,0.0,0.0,0.0,1.0052490234375,-0.4119873046875,67.1209716796875,1.0451037097190898,0.0,1.044130285734911,0.0009734239841787673,0.0008193190748403832,0.02,0.0008193190748403832,0,0
1779347904.749308,2026-05-21T16:18:24.749,0.00732421875,0.01806640625,1.0439453125,0.0,0.0,0.0,1.0052490234375,-0.4119873046875,67.1209716796875,1.0441273172874133,0.0,1.044130285734911,2.9684474978086683e-06,0.0006560489493718683,0.02,0.0006560489493718683,0,0
1779347904.749308,2026-05-21T16:18:24.749,0.00927734375,0.01953125,1.04296875,0.0,0.0,0.0,1.0052490234375,-0.4119873046875,67.1209716796875,1.0431928643880672,0.0,1.044130285734911,0.0009374213468438253,0.0007123234288662597,0.02,0.0007123234288662597,0,0
1779347904.749308,2026-05-21T16:18:24.749,0.009765625,0.01708984375,1.0419921875,0.0,0.0,0.0,1.0052490234375,-0.4119873046875,67.1209716796875,1.0421780793137396,0.0,1.044130285734911,0.001952206421171443,0.0009603000273272964,0.02,0.0009603000273272964,0,0
1779347904.749308,2026-05-21T16:18:24.749,0.01025390625,0.01904296875,1.0439453125,0.0,0.0,0.0,1.0052490234375,-0.4119873046875,67.1209716796875,1.0441693314510438,0.0,1.044130285734911,3.904571613277952e-05,0.0007760491650883932,0.02,0.0007760491650883932,0,0
1779347904.749308,2026-05-21T16:18:24.749,0.00634765625,0.0185546875,1.04296875,0.0,0.0,0.0,1.0052490234375,-0.4119873046875,67.1209716796875,1.0431530964554787,0.0,1.044130285734911,0.0009771892794323556,0.0008162771879571856,0.02,0.0008162771879571856,0,0
1779347904.776802,2026-05-21T16:18:24.776,0.00927734375,0.0166015625,1.04248046875,0.0,0.0,0.0,1.0052490234375,-0.4119873046875,67.1209716796875,1.0426539256674368,0.0,1.044130285734911,0.0014763600674743138,0.0009482937638606113,0.02,0.0009482937638606113,0,0
1779347904.776802,2026-05-21T16:18:24.776,0.009765625,0.01708984375,1.044921875,0.0,0.0,0.0,1.0052490234375,-0.4119873046875,67.1209716796875,1.0451072457143122,0.0,1.044130285734911,0.0009769599794011707,0.0009540270069687232,0.02,0.0009540270069687232,0,0
1779347904.776802,2026-05-21T16:18:24.776,0.00732421875,0.01953125,1.04248046875,0.0,0.0,0.0,1.0052490234375,-0.4119873046875,67.1209716796875,1.0426891395003979,0.0,1.044130285734911,0.001441146234513191,0.001051450852477617,0.02,0.001051450852477617,0,0
1779347904.776802,2026-05-21T16:18:24.776,0.00830078125,0.01806640625,1.04345703125,0.0,0.0,0.0,1.0052490234375,-0.4119873046875,67.1209716796875,1.0436464315414555,0.0,1.044130285734911,0.00048385419345553515,0.0009379315206732007,0.02,0.0009379315206732007,0,0
1779347904.776802,2026-05-21T16:18:24.776,0.00830078125,0.017578125,1.044921875,0.0,0.0,0.0,1.0052490234375,-0.4119873046875,67.1209716796875,1.045102683137591,0.0,1.044130285734911,0.0009723974026798476,0.0009448246970745301,0.02,0.0009448246970745301,0,0
1779347904.776802,2026-05-21T16:18:24.776,0.00830078125,0.02001953125,1.04443359375,0.0,0.0,0.0,1.0052490234375,-0.4119873046875,67.1209716796875,1.0446584208986065,0.0,1.044130285734911,0.0005281351636954312,0.0008614867903987103,0.02,0.0008614867903987103,0,0
1779347904.776802,2026-05-21T16:18:24.776,0.00830078125,0.0185546875,1.04345703125,0.0,0.0,0.0,1.0052490234375,-0.4119873046875,67.1209716796875,1.043654998293328,0.0,1.044130285734911,0.0004752874415829833,0.0007842469206355649,0.02,0.0007842469206355649,0,0
1779347904.776802,2026-05-21T16:18:24.776,0.00634765625,0.01611328125,1.04345703125,0.0,0.0,0.0,1.0052490234375,-0.4119873046875,67.1209716796875,1.0436007410104562,0.0,1.044130285734911,0.0005295447244548779,0.0007333064813994276,0.02,0.0007333064813994276,0,0
1779347904.86632,2026-05-21T16:18:24.866,0.00732421875,0.017578125,1.0439453125,0.0,0.0,0.0,1.0052490234375,-0.4119873046875,67.1209716796875,1.0441189827550958,0.0,1.044130285734911,1.1302979815219771e-05,0.000588905781082586,0.02,0.000588905781082586,0,0
1779347904.86632,2026-05-21T16:18:24.866,0.01025390625,0.017578125,1.044921875,0.0,0.0,0.0,1.0052490234375,-0.4119873046875,67.1209716796875,1.0451200208231661,0.0,1.044130285734911,0.0009897350882550615,0.0006690716425170811,0.02,0.0006690716425170811,0,0
1779347904.86632,2026-05-21T16:18:24.866,0.00732421875,0.01904296875,1.044921875,0.0,0.0,0.0,1.0052490234375,-0.4119873046875,67.1209716796875,1.045121047387635,0.0,1.044130285734911,0.000990761652723826,0.0007334096445584301,0.02,0.0007334096445584301,0,0
1779347904.86632,2026-05-21T16:18:24.866,0.0078125,0.01806640625,1.04345703125,0.0,0.0,0.0,1.0052490234375,-0.4119873046875,67.1209716796875,1.043642662148354,0.0,1.044130285734911,0.00048762358655696225,0.0006842524329581366,0.02,0.0006842524329581366,0,0
1779347904.86632,2026-05-21T16:18:24.866,0.0078125,0.01904296875,1.04345703125,0.0,0.0,0.0,1.0052490234375,-0.4119873046875,67.1209716796875,1.0436600240883651,0.0,1.044130285734911,0.00047026164654595526,0.0006414542756757003,0.02,0.0006414542756757003,0,0
1779347904.86632,2026-05-21T16:18:24.866,0.0068359375,0.01806640625,1.04248046875,0.0,0.0,0.0,1.0052490234375,-0.4119873046875,67.1209716796875,1.0426594136157374,0.0,1.044130285734911,0.0014708721191736274,0.0008073378443752857,0.02,0.0008073378443752857,0,0
1779347904.86632,2026-05-21T16:18:24.866,0.00830078125,0.01708984375,1.04443359375,0.0,0.0,0.0,1.0052490234375,-0.4119873046875,67.1209716796875,1.0446063839946125,0.0,1.044128801511162,0.00047758248345042276,0.0007413867721903132,0.02,0.0007413867721903132,0,0
1779347904.86632,2026-05-21T16:18:24.866,0.00732421875,0.017578125,1.04345703125,0.0,0.0,0.0,1.0052490234375,-0.4119873046875,67.1209716796875,1.043630782759821,0.0,1.044130285734911,0.0004995029750900493,0.0006930100127702605,0.02,0.0006930100127702605,0,0
1779347904.8972137,2026-05-21T16:18:24.897,0.00732421875,0.01806640625,1.04248046875,0.0,0.0,0.0,1.0052490234375,-0.4119873046875,67.1209716796875,1.0426627292371717,0.0,1.044130285734911,0.0014675564977393307,0.0008479193097640746,0.02,0.0008479193097640746,0,0
1779347904.8972137,2026-05-21T16:18:24.897,0.01025390625,0.01806640625,1.0458984375,0.0,0.0,0.0,1.0052490234375,-0.4119873046875,67.1209716796875,1.0461047171259268,0.0,1.044130285734911,0.0019744313910157185,0.0010732217260144034,0.02,0.0010732217260144034,0,0
1779347904.8972137,2026-05-21T16:18:24.897,0.01123046875,0.0166015625,1.0439453125,0.0,0.0,0.0,1.0052490234375,-0.4119873046875,67.1209716796875,1.0441377068167343,0.0,1.044130285734911,7.421081823277831e-06,0.0008600615971761783,0.02,0.0008600615971761783,0,0
1779347904.8972137,2026-05-21T16:18:24.897,0.009765625,0.017578125,1.0419921875,0.0,0.0,0.0,1.0052490234375,-0.4119873046875,67.1209716796875,1.0421862006000613,0.0,1.044130285734911,0.0019440851348497823,0.0010768663047108992,0.02,0.0010768663047108992,0,0
1779347904.8972137,2026-05-21T16:18:24.897,0.0087890625,0.0185546875,1.0439453125,0.0,0.0,0.0,1.0052490234375,-0.4119873046875,67.1209716796875,1.044147182890695,0.0,1.044130285734911,1.6897155783901496e-05,0.0008648724749254997,0.02,0.0008648724749254997,0,0
1779347904.8972137,2026-05-21T16:18:24.897,0.0068359375,0.0185546875,1.04248046875,0.0,0.0,0.0,1.0052490234375,-0.4119873046875,67.1209716796875,1.0426679884771308,0.0,1.044130285734911,0.0014622972577802429,0.0009843574314964483,0.02,0.0009843574314964483,0,0
1779347904.8972137,2026-05-21T16:18:24.897,0.00732421875,0.0166015625,1.04541015625,0.0,0.0,0.0,1.0052490234375,-0.4119873046875,67.1209716796875,1.045567621365729,0.0,1.044130285734911,0.0014373356308179375,0.0010749530713607463,0.02,0.0010749530713607463,0,0
1779347904.8972137,2026-05-21T16:18:24.897,0.0107421875,0.01904296875,1.04443359375,0.0,0.0,0.0,1.0052490234375,-0.41748046875,67.12646484375,1.0446624148521084,0.0,1.044130285734911,0.0005321291171973552,0.0009663882805280682,0.02,0.0009663882805280682,0,0
1779347904.9285386,2026-05-21T16:18:24.928,0.0078125,0.01806640625,1.0400390625,0.0,0.0,0.0,1.0052490234375,-0.41748046875,67.12646484375,1.0402253033439048,0.0,1.0441308565892318,0.0039055532453269315,0.001554221273487841,0.02,0.001554221273487841,0,0
1779347904.9285386,2026-05-21T16:18:24.928,0.00927734375,0.01953125,1.0439453125,0.0,0.0,0.0,1.0052490234375,-0.41748046875,67.12646484375,1.0441692172844117,0.0,1.0441308565892318,3.836069517992868e-05,0.0012510491578262585,0.02,0.0012510491578262585,0,0
1779347904.9285386,2026-05-21T16:18:24.928,0.00830078125,0.0185546875,1.04541015625,0.0,0.0,0.0,1.0052490234375,-0.41748046875,67.12646484375,1.0456077535042634,0.0,1.0441308565892318,0.0014768969150316114,0.0012962187092673291,0.02,0.0012962187092673291,0,0
1779347904.9285386,2026-05-21T16:18:24.928,0.00927734375,0.01806640625,1.04345703125,0.0,0.0,0.0,1.0052490234375,-0.41748046875,67.12646484375,1.0436546556246031,0.0,1.0441308565892318,0.0004762009646286369,0.0011322151603395908,0.02,0.0011322151603395908,0,0
1779347904.9285386,2026-05-21T16:18:24.928,0.00830078125,0.017578125,1.0439453125,0.0,0.0,0.0,1.0052490234375,-0.41748046875,67.12646484375,1.0441262897459285,0.0,1.0441308565892318,4.566843303299706e-06,0.0009066854969323326,0.02,0.0009066854969323326,0,0
1779347904.9285386,2026-05-21T16:18:24.928,0.009765625,0.017578125,1.04541015625,0.0,0.0,0.0,1.0052490234375,-0.41748046875,67.12646484375,1.045603535141693,0.0,1.0441308565892318,0.0014726785524612485,0.0010198841080381158,0.02,0.0010198841080381158,0,0
1779347904.9285386,2026-05-21T16:18:24.928,0.0078125,0.0205078125,1.04443359375,0.0,0.0,0.0,1.0052490234375,-0.41748046875,67.12646484375,1.044664126541792,0.0,1.0441308565892318,0.0005332699525602003,0.0009225612769425327,0.02,0.0009225612769425327,0,0
1779347904.9285386,2026-05-21T16:18:24.928,0.00732421875,0.0185546875,1.04248046875,0.0,0.0,0.0,1.0052490234375,-0.41748046875,67.12646484375,1.0426713040712976,0.0,1.0441308565892318,0.0014595525179341706,0.0010299595251408603,0.02,0.0010299595251408603,0,0
1779347904.9580672,2026-05-21T16:18:24.958,0.00634765625,0.0205078125,1.0439453125,0.0,0.0,0.0,1.0052490234375,-0.41748046875,67.12646484375,1.0441660206136407,0.0,1.0441308565892318,3.516402440895128e-05,0.0008310004249944786,0.02,0.0008310004249944786,0,0
1779347904.9580672,2026-05-21T16:18:24.958,0.00927734375,0.01806640625,1.04345703125,0.0,0.0,0.0,1.0052490234375,-0.41748046875,67.12646484375,1.0436546556246031,0.0,1.0441308565892318,0.0004762009646286369,0.0007600405329213103,0.02,0.0007600405329213103,0,0
1779347904.9580672,2026-05-21T16:18:24.958,0.0078125,0.01611328125,1.04052734375,0.0,0.0,0.0,1.0052490234375,-0.41748046875,67.12646484375,1.0406814239143132,0.0,1.0441308565892318,0.0034494326749185955,0.0012979189613207672,0.02,0.0012979189613207672,0,0
1779347904.9580672,2026-05-21T16:18:24.958,0.00830078125,0.0185546875,1.0419921875,0.0,0.0,0.0,1.0052490234375,-0.41748046875,67.12646484375,1.0421904327946108,0.0,1.0441308565892318,0.0019404237946210046,0.0014264199279808148,0.02,0.0014264199279808148,0,0
1779347904.9580672,2026-05-21T16:18:24.958,0.00927734375,0.01708984375,1.0439453125,0.0,0.0,0.0,1.0052490234375,-0.41748046875,67.12646484375,1.0441264039172544,0.0,1.0441305711620714,4.1672448169993714e-06,0.0011419693913480517,0.02,0.0011419693913480517,0,0
1779347904.9580672,2026-05-21T16:18:24.958,0.0087890625,0.01611328125,1.04248046875,0.0,0.0,0.0,1.0052490234375,-0.41748046875,67.12646484375,1.0426420350136907,0.0,1.044130285734911,0.0014882507212203855,0.0012112256573225185,0.02,0.0012112256573225185,0,0
1779347904.9580672,2026-05-21T16:18:24.958,0.009765625,0.0205078125,1.041015625,0.0,0.0,0.0,1.0052490234375,-0.41748046875,67.12646484375,1.0412634005376913,0.0,1.044130285734911,0.0028668851972197817,0.0015423575653019713,0.02,0.0015423575653019713,0,0
1779347904.9580672,2026-05-21T16:18:24.958,0.0078125,0.017578125,1.04296875,0.0,0.0,0.0,1.0052490234375,-0.41748046875,67.12646484375,1.0431461254835432,0.0,1.044130285734911,0.0009841602513678271,0.0014307181025151427,0.02,0.0014307181025151427,0,0
1779347904.9870994,2026-05-21T16:18:24.987,0.00732421875,0.01904296875,1.0439453125,0.0,0.0,0.0,1.0052490234375,-0.41748046875,67.12646484375,1.044144671168624,0.0,1.044130285734911,1.4385433712904572e-05,0.001147451568754695,0.02,0.001147451568754695,0,0
1779347904.9870994,2026-05-21T16:18:24.987,0.0068359375,0.0205078125,1.04345703125,0.0,0.0,0.0,1.0052490234375,-0.41748046875,67.12646484375,1.043680926567168,0.0,1.044130285734911,0.0004493591677430242,0.0010078330885523608,0.02,0.0010078330885523608,0,0
1779347904.9870994,2026-05-21T16:18:24.987,0.01025390625,0.01708984375,1.0439453125,0.0,0.0,0.0,1.0052490234375,-0.41748046875,67.12646484375,1.0441355375828876,0.0,1.044130285734911,5.251847976506241e-06,0.00080731684043719,0.02,0.00080731684043719,0,0
1779347904.9870994,2026-05-21T16:18:24.987,0.0087890625,0.0185546875,1.04541015625,0.0,0.0,0.0,1.0052490234375,-0.41748046875,67.12646484375,1.045611743831572,0.0,1.044130285734911,0.0014814580966608926,0.0009421450916819306,0.02,0.0009421450916819306,0,0
1779347904.9870994,2026-05-21T16:18:24.987,0.0087890625,0.017578125,1.0439453125,0.0,0.0,0.0,1.0052490234375,-0.41748046875,67.12646484375,1.044130285734911,0.0,1.044130285734911,0.0,0.0007537160733455446,0.02,0.0007537160733455446,0,0
1779347904.9870994,2026-05-21T16:18:24.987,0.005859375,0.017578125,1.04345703125,0.0,0.0,0.0,1.0052490234375,-0.41748046875,67.12646484375,1.043621530450081,0.0,1.044130285734911,0.0005087552848299648,0.0007047239156424287,0.02,0.0007047239156424287,0,0
1779347904.9880853,2026-05-21T16:18:24.988,0.0087890625,0.0185546875,1.044921875,0.0,0.0,0.0,1.0052490234375,-0.41748046875,67.12646484375,1.0451235567632027,0.0,1.044130285734911,0.000993271028291609,0.0007624333381722648,0.02,0.0007624333381722648,0,0
1779347904.9880853,2026-05-21T16:18:24.988,0.0078125,0.0166015625,1.046875,0.0,0.0,0.0,1.0052490234375,-0.41748046875,67.12646484375,1.0470357742974647,0.0,1.044130285734911,0.002905488562553682,0.0011910443830485482,0.02,0.0011910443830485482,0,0
1779347905.047127,2026-05-21T16:18:25.047,0.0087890625,0.01904296875,1.044921875,0.0,0.0,0.0,1.0052490234375,-0.41748046875,67.12646484375,1.0451323395302425,0.0,1.044130285734911,0.00100205379533147,0.0011532462655051328,0.02,0.0011532462655051328,0,0
1779347905.047127,2026-05-21T16:18:25.047,0.00732421875,0.0185546875,1.0458984375,0.0,0.0,0.0,1.0052490234375,-0.41748046875,67.12646484375,1.0460886492900408,0.0,1.044130285734911,0.001958363555129683,0.0013142697234300427,0.02,0.0013142697234300427,0,0
1779347905.047127,2026-05-21T16:18:25.047,0.0107421875,0.01953125,1.0439453125,0.0,0.0,0.0,1.0052490234375,-0.41748046875,67.12646484375,1.044183259686522,0.0,1.0441305711620714,5.268852445050598e-05,0.0010619534836341356,0.02,0.0010619534836341356,0,0
1779347905.047127,2026-05-21T16:18:25.047,0.00732421875,0.01611328125,1.04345703125,0.0,0.0,0.0,1.0052490234375,-0.41748046875,67.12646484375,1.0436071378052199,0.0,1.0441308565892318,0.0005237187840119173,0.000954306543709692,0.02,0.000954306543709692,0,0
1779347905.047127,2026-05-21T16:18:25.047,0.0078125,0.0185546875,1.04443359375,0.0,0.0,0.0,1.0052490234375,-0.41748046875,67.12646484375,1.0446276098868978,0.0,1.0441305711620714,0.0004970387248264263,0.0008628529799330389,0.02,0.0008628529799330389,0,0
1779347905.047127,2026-05-21T16:18:25.047,0.0126953125,0.0166015625,1.0439453125,0.0,0.0,0.0,1.0052490234375,-0.41748046875,67.12646484375,1.044154489684183,0.0,1.0441308565892318,2.3633094951236444e-05,0.0006950090029366785,0.02,0.0006950090029366785,0,0
1779347905.047127,2026-05-21T16:18:25.047,0.01025390625,0.01806640625,1.04248046875,0.0,0.0,0.0,1.0052490234375,-0.41748046875,67.12646484375,1.042687424568549,0.0,1.0441308565892318,0.0014434320206828666,0.000844693606485916,0.02,0.000844693606485916,0,0
1779347905.047127,2026-05-21T16:18:25.047,0.00927734375,0.0185546875,1.04248046875,0.0,0.0,0.0,1.0052490234375,-0.41748046875,67.12646484375,1.0426868529239726,0.0,1.0441308565892318,0.001444003665259208,0.0009645556182405745,0.02,0.0009645556182405745,0,0
1779347905.0766346,2026-05-21T16:18:25.076,0.0087890625,0.0166015625,1.04345703125,0.0,0.0,0.0,1.0052490234375,-0.41748046875,67.12646484375,1.0436260995021798,0.0,1.0441305711620714,0.0005044716598916477,0.0008725388265707891,0.02,0.0008725388265707891,0,0
1779347905.0766346,2026-05-21T16:18:25.076,0.0087890625,0.01806640625,1.0439453125,0.0,0.0,0.0,1.0052490234375,-0.41748046875,67.12646484375,1.0441386201770058,0.0,1.044130285734911,8.334442094692918e-06,0.0006996979496755698,0.02,0.0006996979496755698,0,0
1779347905.0766346,2026-05-21T16:18:25.076,0.00634765625,0.01611328125,1.04443359375,0.0,0.0,0.0,1.0052490234375,-0.4229736328125,67.12646484375,1.0445771691579564,0.0,1.0441305711620714,0.0004465979958849786,0.0006490779589174516,0.02,0.0006490779589174516,0,0
1779347905.0766346,2026-05-21T16:18:25.076,0.0087890625,0.017578125,1.04296875,0.0,0.0,0.0,1.0052490234375,-0.4229736328125,67.12646484375,1.0431538964000984,0.0,1.0441308565892318,0.0009769601891334023,0.0007146544049606417,0.02,0.0007146544049606417,0,0
1779347905.0766346,2026-05-21T16:18:25.076,0.0078125,0.017578125,1.0419921875,0.0,0.0,0.0,1.0052490234375,-0.4229736328125,67.12646484375,1.0421697291928032,0.0,1.0441305711620714,0.0019608419692682677,0.0009638919178221669,0.02,0.0009638919178221669,0,0
1779347905.0766346,2026-05-21T16:18:25.076,0.00927734375,0.0166015625,1.04345703125,0.0,0.0,0.0,1.0052490234375,-0.4229736328125,67.12646484375,1.0436303258575617,0.0,1.044130285734911,0.0004999598773494096,0.0008711055097276155,0.02,0.0008711055097276155,0,0
1779347905.0766346,2026-05-21T16:18:25.076,0.00732421875,0.01904296875,1.044921875,0.0,0.0,0.0,1.0052490234375,-0.4229736328125,67.12646484375,1.045121047387635,0.0,1.044130285734911,0.000990761652723826,0.0008950367383268576,0.02,0.0008950367383268576,0,0
1779347905.0766346,2026-05-21T16:18:25.076,0.00830078125,0.01708984375,1.04296875,0.0,0.0,0.0,1.0052490234375,-0.4229736328125,67.12646484375,1.043141782887313,0.0,1.044130285734911,0.000988502847597994,0.000913729960181085,0.02,0.000913729960181085,0,0
1779347905.1072843,2026-05-21T16:18:25.107,0.00927734375,0.017578125,1.0439453125,0.0,0.0,0.0,1.0052490234375,-0.4229736328125,67.12646484375,1.0441345100494925,0.0,1.0441308565892318,3.6534602607662947e-06,0.0007317146601970212,0.02,0.0007317146601970212,0,0
1779347905.1072843,2026-05-21T16:18:25.107,0.00732421875,0.0166015625,1.04345703125,0.0,0.0,0.0,0.999755859375,-0.4229736328125,67.12646484375,1.0436147910617226,0.0,1.0441308565892318,0.0005160655275091575,0.0006885848336594484,0.02,0.0006885848336594484,0,0
1779347905.1072843,2026-05-21T16:18:25.107,0.0078125,0.02001953125,1.0439453125,0.0,0.0,0.0,0.999755859375,-0.4229736328125,67.12646484375,1.044166477281493,0.0,1.0441308565892318,3.562069226115128e-05,0.000557992005379789,0.02,0.000557992005379789,0,0
1779347905.1072843,2026-05-21T16:18:25.107,0.01025390625,0.01806640625,1.04296875,0.0,0.0,0.0,0.999755859375,-0.4229736328125,67.12646484375,1.0431756089483382,0.0,1.0441308565892318,0.0009552476408936084,0.0006374431324825528,0.02,0.0006374431324825528,0,0
1779347905.1072843,2026-05-21T16:18:25.107,0.00927734375,0.017578125,1.04296875,0.0,0.0,0.0,0.999755859375,-0.4229736328125,67.1319580078125,1.0431581246686112,0.0,1.0441308565892318,0.0009727319206205287,0.0007045008901101481,0.02,0.0007045008901101481,0,0
1779347905.1072843,2026-05-21T16:18:25.107,0.00732421875,0.017578125,1.0439453125,0.0,0.0,0.0,0.999755859375,-0.4229736328125,67.1319580078125,1.0441189827550958,0.0,1.0441308565892318,1.1873834135922579e-05,0.000565975478915303,0.02,0.000565975478915303,0,0
1779347905.1072843,2026-05-21T16:18:25.107,0.00830078125,0.0185546875,1.04345703125,0.0,0.0,0.0,0.999755859375,-0.4229736328125,67.1319580078125,1.043654998293328,0.0,1.0441305711620714,0.0004755728687433347,0.0005478949568809093,0.02,0.0005478949568809093,0,0
1779347905.1072843,2026-05-21T16:18:25.107,0.009765625,0.017578125,1.0458984375,0.0,0.0,0.0,0.999755859375,-0.4229736328125,67.1319580078125,1.0460917261287834,0.0,1.044130285734911,0.00196144039387236,0.0008306040442791995,0.02,0.0008306040442791995,0,0
1779347905.1764154,2026-05-21T16:18:25.176,0.00732421875,0.02099609375,1.04443359375,0.0,0.0,0.0,0.999755859375,-0.4229736328125,67.1319580078125,1.0446702886014307,0.0,1.0441308565892318,0.0005394320121989704,0.0007723696378631538,0.02,0.0007723696378631538,0,0
1779347905.1764154,2026-05-21T16:18:25.176,0.01123046875,0.017578125,1.04345703125,0.0,0.0,0.0,0.999755859375,-0.4229736328125,67.1319580078125,1.0436655067462581,0.0,1.0441308565892318,0.00046534984297363913,0.0007109656788852509,0.02,0.0007109656788852509,0,0
1779347905.1764154,2026-05-21T16:18:25.176,0.00634765625,0.0185546875,1.04296875,0.0,0.0,0.0,0.999755859375,-0.4229736328125,67.1319580078125,1.0431530964554787,0.0,1.0441308565892318,0.0009777601337530584,0.0007643245698588124,0.02,0.0007643245698588124,0,0
1779347905.1764154,2026-05-21T16:18:25.176,0.00927734375,0.0166015625,1.044921875,0.0,0.0,0.0,0.999755859375,-0.4229736328125,67.1319580078125,1.0450949267114509,0.0,1.0441308565892318,0.0009640701222191073,0.0008042736803308714,0.02,0.0008042736803308714,0,0
1779347905.1764154,2026-05-21T16:18:25.176,0.00830078125,0.01904296875,1.04443359375,0.0,0.0,0.0,0.999755859375,-0.4229736328125,67.1319580078125,1.044640162630996,0.0,1.0441308565892318,0.0005093060417642459,0.0007452801526175463,0.02,0.0007452801526175463,0,0
1779347905.1764154,2026-05-21T16:18:25.176,0.00732421875,0.01708984375,1.04296875,0.0,0.0,0.0,0.999755859375,-0.4229736328125,67.1319580078125,1.0431344690001667,0.0,1.0441308565892318,0.000996387589065062,0.0007955016399070494,0.02,0.0007955016399070494,0,0
1779347905.1764154,2026-05-21T16:18:25.176,0.00732421875,0.01904296875,1.0439453125,0.0,0.0,0.0,0.999755859375,-0.4229736328125,67.1319580078125,1.044144671168624,0.0,1.0441308565892318,1.3814579392201765e-05,0.00063916422780408,0.02,0.00063916422780408,0,0
1779347905.1764154,2026-05-21T16:18:25.176,0.00732421875,0.021484375,1.04541015625,0.0,0.0,0.0,0.999755859375,-0.4229736328125,67.1319580078125,1.0456565484613425,0.0,1.0441308565892318,0.0015256918721107127,0.0008164697566654066,0.02,0.0008164697566654066,0,0
1779347905.1966686,2026-05-21T16:18:25.196,0.0078125,0.01904296875,1.04443359375,0.0,0.0,0.0,0.999755859375,-0.4229736328125,67.1319580078125,1.0446363968236045,0.0,1.0441335395999065,0.0005028572236980278,0.0007537472500719309,0.02,0.0007537472500719309,0,0
1779347905.1966686,2026-05-21T16:18:25.196,0.01025390625,0.0185546875,1.0419921875,0.0,0.0,0.0,0.999755859375,-0.4229736328125,67.1319580078125,1.0422078189270323,0.0,1.0441345100494925,0.0019266911224602445,0.0009883360245495935,0.02,0.0009883360245495935,0,0
1779347905.1966686,2026-05-21T16:18:25.196,0.01025390625,0.015625,1.0439453125,0.0,0.0,0.0,0.999755859375,-0.4229736328125,67.1319580078125,1.0441125890961696,0.0,1.0441335395999065,2.0950503736960613e-05,0.000794858920387067,0.02,0.000794858920387067,0,0
1779347905.1966686,2026-05-21T16:18:25.196,0.00830078125,0.01708984375,1.04443359375,0.0,0.0,0.0,0.999755859375,-0.4229736328125,67.1319580078125,1.0446063839946125,0.0,1.0441325691503207,0.00047381484429176446,0.0007306501051680065,0.02,0.0007306501051680065,0,0
1779347905.1966686,2026-05-21T16:18:25.196,0.00927734375,0.0185546875,1.04345703125,0.0,0.0,0.0,0.999755859375,-0.4229736328125,67.1319580078125,1.0436632223089697,0.0,1.0441335395999065,0.00047031729093682806,0.0006785835423217708,0.02,0.0006785835423217708,0,0
1779347905.1966686,2026-05-21T16:18:25.196,0.00830078125,0.0166015625,1.044921875,0.0,0.0,0.0,0.999755859375,-0.4229736328125,67.1319580078125,1.045086713962204,0.0,1.0441325691503207,0.0009541448118832729,0.0007336957962340712,0.02,0.0007336957962340712,0,0
1779347905.1966686,2026-05-21T16:18:25.196,0.00830078125,0.0166015625,1.04296875,0.0,0.0,0.0,0.999755859375,-0.4229736328125,67.1319580078125,1.0431338976005737,0.0,1.0441335395999065,0.0009996419993327788,0.0007868850368538127,0.02,0.0007868850368538127,0,0
1779347905.1966686,2026-05-21T16:18:25.196,0.0068359375,0.01806640625,1.04296875,0.0,0.0,0.0,0.999755859375,-0.4229736328125,67.1319580078125,1.0431476111044191,0.0,1.0441325691503207,0.000984958045901596,0.0008264996386633694,0.02,0.0008264996386633694,0,0
1779347905.2266006,2026-05-21T16:18:25.226,0.00927734375,0.01953125,1.04443359375,0.0,0.0,0.0,0.999755859375,-0.4229736328125,67.1319580078125,1.0446573938795236,0.0,1.0441317128697762,0.0005256810097473696,0.0007663359128801696,0.02,0.0007663359128801696,0,0
1779347905.2266006,2026-05-21T16:18:25.226,0.00927734375,0.017578125,1.04345703125,0.0,0.0,0.0,0.999755859375,-0.4229736328125,67.1319580078125,1.043646317317622,0.0,1.0441325691503207,0.0004862518326986809,0.000710319096843872,0.02,0.000710319096843872,0,0
1779347905.2266006,2026-05-21T16:18:25.226,0.00927734375,0.01708984375,1.04443359375,0.0,0.0,0.0,0.999755859375,-0.4229736328125,67.1319580078125,1.0446146005202086,0.0,1.0441317128697762,0.00048288765043236204,0.0006648328075615701,0.02,0.0006648328075615701,0,0
1779347905.2266006,2026-05-21T16:18:25.226,0.00927734375,0.01953125,1.04443359375,0.0,0.0,0.0,0.999755859375,-0.4229736328125,67.1319580078125,1.0446573938795236,0.0,1.0441325691503207,0.0005248247292028996,0.0006368311918898361,0.02,0.0006368311918898361,0,0
1779347905.2266006,2026-05-21T16:18:25.226,0.01025390625,0.0185546875,1.04541015625,0.0,0.0,0.0,0.999755859375,-0.4229736328125,67.1319580078125,1.0456250828151818,0.0,1.0441335395999065,0.0014915432152753372,0.0008077735965669364,0.02,0.0008077735965669364,0,0
1779347905.2266006,2026-05-21T16:18:25.226,0.0078125,0.017578125,1.04443359375,0.0,0.0,0.0,0.999755859375,-0.4229736328125,67.1319580078125,1.0446107205022863,0.0,1.0441345100494925,0.0004762104527937794,0.000741460967812305,0.02,0.000741460967812305,0,0
1779347905.2266006,2026-05-21T16:18:25.226,0.0068359375,0.0185546875,1.04296875,0.0,0.0,0.0,0.999755859375,-0.428466796875,67.1319580078125,1.0431561819527742,0.0,1.044134567134706,0.000978385181931829,0.0007888458106362099,0.02,0.0007888458106362099,0,0
1779347905.2266006,2026-05-21T16:18:25.226,0.00927734375,0.0185546875,1.04248046875,0.0,0.0,0.0,0.999755859375,-0.428466796875,67.1319580078125,1.0426868529239726,0.0,1.0441345100494925,0.0014476571255199744,0.0009206080736129628,0.02,0.0009206080736129628,0,0
1779347905.2867098,2026-05-21T16:18:25.286,0.00927734375,0.0185546875,1.0439453125,0.0,0.0,0.0,0.999755859375,-0.428466796875,67.1319580078125,1.0441514071369156,0.0,1.0441308565892318,2.0550547683795273e-05,0.0007405965684271294,0.02,0.0007405965684271294,0,0
1779347905.2867098,2026-05-21T16:18:25.286,0.0107421875,0.01953125,1.04443359375,0.0,0.0,0.0,0.999755859375,-0.428466796875,67.1319580078125,1.0446714297195974,0.0,1.0441308565892318,0.0005405731303655958,0.0007005918808148227,0.02,0.0007005918808148227,0,0
1779347905.2867098,2026-05-21T16:18:25.286,0.00927734375,0.01953125,1.04296875,0.0,0.0,0.0,0.999755859375,-0.428466796875,67.1319580078125,1.0431928643880672,0.0,1.0441317128697762,0.0009388484817089982,0.0007482432009936578,0.02,0.0007482432009936578,0,0
1779347905.2867098,2026-05-21T16:18:25.286,0.01025390625,0.0185546875,1.04296875,0.0,0.0,0.0,0.999755859375,-0.428466796875,67.1319580078125,1.0431841795666617,0.0,1.0441308565892318,0.0009466770225701193,0.0007879299653089501,0.02,0.0007879299653089501,0,0
1779347905.2867098,2026-05-21T16:18:25.286,0.0107421875,0.01708984375,1.04345703125,0.0,0.0,0.0,0.999755859375,-0.428466796875,67.1319580078125,1.0436522569403797,0.0,1.0441308565892318,0.00047859964885210715,0.0007260639020175816,0.02,0.0007260639020175816,0,0
1779347905.2867098,2026-05-21T16:18:25.286,0.0087890625,0.01806640625,1.0439453125,0.0,0.0,0.0,0.999755859375,-0.428466796875,67.1319580078125,1.0441386201770058,0.0,1.0441308565892318,7.76358777399011e-06,0.0005824038391688634,0.02,0.0005824038391688634,0,0
1779347905.2867098,2026-05-21T16:18:25.286,0.00927734375,0.015625,1.044921875,0.0,0.0,0.0,0.999755859375,-0.428466796875,67.1319580078125,1.0450798699551969,0.0,1.0441308565892318,0.0009490133659650901,0.0006557257445281088,0.02,0.0006557257445281088,0,0
1779347905.2867098,2026-05-21T16:18:25.286,0.01025390625,0.017578125,1.04296875,0.0,0.0,0.0,0.999755859375,-0.428466796875,67.1319580078125,1.0431672668122125,0.0,1.0441308565892318,0.0009635897770192692,0.0007172985510263409,0.02,0.0007172985510263409,0,0
1779347905.3278422,2026-05-21T16:18:25.327,0.009765625,0.01806640625,1.044921875,0.0,0.0,0.0,0.999755859375,-0.428466796875,67.1319580078125,1.0451236708255853,0.0,1.0441308565892318,0.0009928142363535564,0.000772401688091784,0.02,0.000772401688091784,0,0
1779347905.3278422,2026-05-21T16:18:25.327,0.00927734375,0.0185546875,1.04296875,0.0,0.0,0.0,0.999755859375,-0.428466796875,67.1319580078125,1.0431750375712796,0.0,1.0441308565892318,0.0009558190179521642,0.0008090851540638601,0.02,0.0008090851540638601,0,0
1779347905.3278422,2026-05-21T16:18:25.327,0.0078125,0.01904296875,1.04443359375,0.0,0.0,0.0,0.999755859375,-0.428466796875,67.1319580078125,1.0446363968236045,0.0,1.0441308565892318,0.00050554023437277,0.000748376170125642,0.02,0.000748376170125642,0,0
1779347905.3278422,2026-05-21T16:18:25.327,0.0087890625,0.017578125,1.044921875,0.0,0.0,0.0,0.999755859375,-0.428466796875,67.1319580078125,1.0451066753933114,0.0,1.0441308565892318,0.0009758188040795979,0.0007938646969164332,0.02,0.0007938646969164332,0,0
1779347905.3278422,2026-05-21T16:18:25.327,0.0107421875,0.01904296875,1.04345703125,0.0,0.0,0.0,0.999755859375,-0.428466796875,67.1319580078125,1.043686066456845,0.0,1.0441308565892318,0.0004447901323867409,0.0007240497840104948,0.02,0.0007240497840104948,0,0
1779347905.3278422,2026-05-21T16:18:25.327,0.0087890625,0.01806640625,1.04541015625,0.0,0.0,0.0,0.999755859375,-0.428466796875,67.1319580078125,1.0456031931115495,0.0,1.0441308565892318,0.0014723365223177076,0.0008737071316719375,0.02,0.0008737071316719375,0,0
1779347905.3278422,2026-05-21T16:18:25.327,0.0087890625,0.01708984375,1.04443359375,0.0,0.0,0.0,0.999755859375,-0.428466796875,67.1319580078125,1.044610378147072,0.0,1.0441308565892318,0.0004795215578401457,0.0007948700169055792,0.02,0.0007948700169055792,0,0
1779347905.3278422,2026-05-21T16:18:25.327,0.009765625,0.015625,1.04248046875,0.0,0.0,0.0,0.999755859375,-0.428466796875,67.1319580078125,1.0426432926854037,0.0,1.0441308565892318,0.001487563903828093,0.000933408794290082,0.02,0.000933408794290082,0,0
1779347905.3478742,2026-05-21T16:18:25.347,0.0087890625,0.0185546875,1.044921875,0.0,0.0,0.0,0.999755859375,-0.428466796875,67.1319580078125,1.0451235567632027,0.0,1.0441308565892318,0.0009927001739709063,0.000945267070226247,0.02,0.000945267070226247,0,0
1779347905.3478742,2026-05-21T16:18:25.347,0.0087890625,0.0185546875,1.0439453125,0.0,0.0,0.0,0.999755859375,-0.428466796875,67.1319580078125,1.044147182890695,0.0,1.0441308565892318,1.632630146319869e-05,0.0007594789164736374,0.02,0.0007594789164736374,0,0
1779347905.3478742,2026-05-21T16:18:25.347,0.0087890625,0.01904296875,1.04443359375,0.0,0.0,0.0,0.999755859375,-0.428466796875,67.1319580078125,1.044644156654304,0.0,1.0441326833193623,0.0005114733349418366,0.0007098778001672773,0.02,0.0007098778001672773,0,0
1779347905.3478742,2026-05-21T16:18:25.347,0.00830078125,0.0185546875,1.04541015625,0.0,0.0,0.0,0.999755859375,-0.428466796875,67.1319580078125,1.0456077535042634,0.0,1.0441345100494925,0.001473243454770845,0.0008625509310879909,0.02,0.0008625509310879909,0,0
1779347905.3478742,2026-05-21T16:18:25.347,0.0107421875,0.0185546875,1.0439453125,0.0,0.0,0.0,0.999755859375,-0.428466796875,67.1319580078125,1.0441654497785446,0.0,1.044134567134706,3.088264383865891e-05,0.0006962172736381245,0.02,0.0006962172736381245,0,0
1779347905.3478742,2026-05-21T16:18:25.347,0.00732421875,0.0166015625,1.0419921875,0.0,0.0,0.0,0.999755859375,-0.428466796875,67.1319580078125,1.0421501690585548,0.0,1.0441346242199196,0.0019844551613648065,0.000953864851183461,0.02,0.000953864851183461,0,0
1779347905.3478742,2026-05-21T16:18:25.347,0.00927734375,0.0166015625,1.0439453125,0.0,0.0,0.0,0.999755859375,-0.428466796875,67.1319580078125,1.044118526066471,0.0,1.044134567134706,1.6041068235050915e-05,0.000766300094593779,0.02,0.000766300094593779,0,0
1779347905.3478742,2026-05-21T16:18:25.347,0.0078125,0.01904296875,1.04541015625,0.0,0.0,0.0,0.999755859375,-0.428466796875,67.1319580078125,1.0456127699132758,0.0,1.0441345100494925,0.001478259863783249,0.0009086920484316731,0.02,0.0009086920484316731,0,0
1779347905.436967,2026-05-21T16:18:25.436,0.00927734375,0.015625,1.04296875,0.0,0.0,0.0,0.999755859375,-0.4339599609375,67.1319580078125,1.0431270407810442,0.0,1.0441308565892318,0.001003815808187536,0.0009277168003828457,0.02,0.0009277168003828457,0,0
1779347905.436967,2026-05-21T16:18:25.436,0.0087890625,0.01708984375,1.04296875,0.0,0.0,0.0,0.999755859375,-0.4339599609375,67.137451171875,1.043145782647656,0.0,1.0441308565892318,0.0009850739415757648,0.0009391882286214296,0.02,0.0009391882286214296,0,0
1779347905.436967,2026-05-21T16:18:25.436,0.0087890625,0.0166015625,1.04345703125,0.0,0.0,0.0,0.999755859375,-0.4339599609375,67.137451171875,1.0436260995021798,0.0,1.0441308565892318,0.0005047570870519991,0.0008523020003075436,0.02,0.0008523020003075436,0,0
1779347905.436967,2026-05-21T16:18:25.436,0.0068359375,0.017578125,1.0419921875,0.0,0.0,0.0,0.999755859375,-0.4339599609375,67.137451171875,1.0421628660296118,0.0,1.0441308565892318,0.0019679905596199365,0.0010754397121700223,0.02,0.0010754397121700223,0,0
1779347905.436967,2026-05-21T16:18:25.436,0.0078125,0.017578125,1.0458984375,0.0,0.0,0.0,0.999755859375,-0.4339599609375,67.137451171875,1.0460753162175787,0.0,1.0441308565892318,0.001944459628346884,0.0012492436954053947,0.02,0.0012492436954053947,0,0
1779347905.436967,2026-05-21T16:18:25.436,0.00830078125,0.01904296875,1.04296875,0.0,0.0,0.0,0.999755859375,-0.4339599609375,67.137451171875,1.0431756089483382,0.0,1.0441308565892318,0.0009552476408936084,0.0011904444845030374,0.02,0.0011904444845030374,0,0
1779347905.436967,2026-05-21T16:18:25.436,0.0078125,0.01904296875,1.04296875,0.0,0.0,0.0,0.999755859375,-0.4339599609375,67.137451171875,1.0431718378539683,0.0,1.0441308565892318,0.0009590187352634949,0.001144159334655129,0.02,0.001144159334655129,0,0
1779347905.436967,2026-05-21T16:18:25.436,0.0087890625,0.01953125,1.04443359375,0.0,0.0,0.0,0.999755859375,-0.4339599609375,67.137451171875,1.0446531716793528,0.0,1.0441308565892318,0.0005223150901210172,0.0010197904857483066,0.02,0.0010197904857483066,0,0
1779347905.437969,2026-05-21T16:18:25.437,0.0087890625,0.0205078125,1.0439453125,0.0,0.0,0.0,0.999755859375,-0.4339599609375,67.137451171875,1.0441837163468346,0.0,1.0441308565892318,5.2859757602830015e-05,0.0008264043401192113,0.02,0.0008264043401192113,0,0
1779347905.437969,2026-05-21T16:18:25.437,0.01025390625,0.017578125,1.0439453125,0.0,0.0,0.0,0.999755859375,-0.4339599609375,67.137451171875,1.0441436436442173,0.0,1.0441308565892318,1.2787054985530233e-05,0.0006636808830924752,0.02,0.0006636808830924752,0,0
1779347905.437969,2026-05-21T16:18:25.437,0.0087890625,0.01806640625,1.04296875,0.0,0.0,0.0,0.999755859375,-0.4339599609375,67.137451171875,1.0431622386431467,0.0,1.0441308565892318,0.0009686179460850486,0.0007246682956909898,0.02,0.0007246682956909898,0,0
1779347905.437969,2026-05-21T16:18:25.437,0.00830078125,0.0166015625,1.04150390625,0.0,0.0,0.0,0.999755859375,-0.4339599609375,67.137451171875,1.041669286088829,0.0,1.0441308565892318,0.0024615705004027433,0.0010720487366333406,0.02,0.0010720487366333406,0,0
1779347905.437969,2026-05-21T16:18:25.437,0.00732421875,0.0185546875,1.04638671875,0.0,0.0,0.0,0.999755859375,-0.4339599609375,67.137451171875,1.046576841796584,0.0,1.0441308565892318,0.002445985207352175,0.0013468360307771076,0.02,0.0013468360307771076,0,0
1779347905.437969,2026-05-21T16:18:25.437,0.00927734375,0.01806640625,1.04345703125,0.0,0.0,0.0,0.999755859375,-0.4339599609375,67.137451171875,1.0436546556246031,0.0,1.0441308565892318,0.0004762009646286369,0.0011727090175474135,0.02,0.0011727090175474135,0,0
1779347905.437969,2026-05-21T16:18:25.437,0.009765625,0.01953125,1.04150390625,0.0,0.0,0.0,0.999755859375,-0.4339599609375,67.137451171875,1.0417327987023408,0.0,1.0441308565892318,0.0023980578868909586,0.0014177787914161225,0.02,0.0014177787914161225,0,0
1779347905.437969,2026-05-21T16:18:25.437,0.00927734375,0.01708984375,1.04443359375,0.0,0.0,0.0,0.999755859375,-0.4339599609375,67.137451171875,1.0446146005202086,0.0,1.0441308565892318,0.0004837439309768321,0.0012309718193282645,0.02,0.0012309718193282645,0,0
1779347905.5305214,2026-05-21T16:18:25.530,0.0087890625,0.0166015625,1.04345703125,0.0,0.0,0.0,0.999755859375,-0.4339599609375,67.137451171875,1.0436260995021798,0.0,1.0441308565892318,0.0005047570870519991,0.0010857288728730115,0.02,0.0010857288728730115,0,0
1779347905.5305214,2026-05-21T16:18:25.530,0.00634765625,0.01708984375,1.0458984375,0.0,0.0,0.0,0.999755859375,-0.4339599609375,67.137451171875,1.046057310602153,0.0,1.0441308565892318,0.0019264540129211305,0.0012538739008826354,0.02,0.0012538739008826354,0,0
1779347905.5305214,2026-05-21T16:18:25.530,0.00830078125,0.01708984375,1.04296875,0.0,0.0,0.0,0.999755859375,-0.4339599609375,67.137451171875,1.043141782887313,0.0,1.0441308565892318,0.0009890737019186968,0.001200913861089848,0.02,0.001200913861089848,0,0
1779347905.5305214,2026-05-21T16:18:25.530,0.0087890625,0.01708984375,1.044921875,0.0,0.0,0.0,0.999755859375,-0.4339599609375,67.137451171875,1.045098576801511,0.0,1.0441308565892318,0.0009677202122793105,0.0011542751313277405,0.02,0.0011542751313277405,0,0
1779347905.5305214,2026-05-21T16:18:25.530,0.0078125,0.01904296875,1.0439453125,0.0,0.0,0.0,0.999755859375,-0.4339599609375,67.137451171875,1.0441482104116189,0.0,1.0441308565892318,1.7353822387100593e-05,0.0009268908695396126,0.02,0.0009268908695396126,0,0
1779347905.5305214,2026-05-21T16:18:25.530,0.01171875,0.01708984375,1.0458984375,0.0,0.0,0.0,0.999755859375,-0.4339599609375,67.137451171875,1.0461036915267545,0.0,1.0441308565892318,0.0019728349375227605,0.0011360796831362424,0.02,0.0011360796831362424,0,0
1779347905.5305214,2026-05-21T16:18:25.530,0.0068359375,0.01806640625,1.04443359375,0.0,0.0,0.0,0.999755859375,-0.4339599609375,67.137451171875,1.0446122040402523,0.0,1.0441308565892318,0.0004813474510205751,0.001005133236713109,0.02,0.001005133236713109,0,0
1779347905.5305214,2026-05-21T16:18:25.530,0.00830078125,0.01708984375,1.04541015625,0.0,0.0,0.0,0.999755859375,-0.4339599609375,67.137451171875,1.04558278511049,0.0,1.0441308565892318,0.0014519285212581945,0.0010944922936221263,0.02,0.0010944922936221263,0,0
1779347905.5305214,2026-05-21T16:18:25.530,0.01025390625,0.01806640625,1.04248046875,0.0,0.0,0.0,0.999755859375,-0.4339599609375,67.137451171875,1.042687424568549,0.0,1.0441326833193623,0.0014452587508133607,0.0011646455850603732,0.02,0.0011646455850603732,0,0
1779347905.5305214,2026-05-21T16:18:25.530,0.00732421875,0.0185546875,1.04296875,0.0,0.0,0.0,0.999755859375,-0.4339599609375,67.137451171875,1.043159495995259,0.0,1.0441308565892318,0.0009713605939727366,0.0011259885868428459,0.02,0.0011259885868428459,0,0
1779347905.5305214,2026-05-21T16:18:25.530,0.0087890625,0.01904296875,1.0419921875,0.0,0.0,0.0,0.999755859375,-0.4339599609375,67.137451171875,1.0422032436571464,0.0,1.0441308565892318,0.0019276129320853208,0.0012863134558913408,0.02,0.0012863134558913408,0,0
1779347905.5305214,2026-05-21T16:18:25.530,0.0087890625,0.01953125,1.04443359375,0.0,0.0,0.0,0.999755859375,-0.4339599609375,67.137451171875,1.0446531716793528,0.0,1.0441308565892318,0.0005223150901210172,0.001133513782737276,0.02,0.001133513782737276,0,0
1779347905.5305214,2026-05-21T16:18:25.530,0.00927734375,0.0185546875,1.04345703125,0.0,0.0,0.0,0.999755859375,-0.4339599609375,67.137451171875,1.0436632223089697,0.0,1.0441308565892318,0.00046763428026208587,0.001000337882242238,0.02,0.001000337882242238,0,0
1779347905.5305214,2026-05-21T16:18:25.530,0.00732421875,0.01904296875,1.04443359375,0.0,0.0,0.0,0.999755859375,-0.4339599609375,67.137451171875,1.044632859234598,0.0,1.0441308565892318,0.0005020026453661508,0.0009006708348670207,0.02,0.0009006708348670207,0,0
1779347905.5305214,2026-05-21T16:18:25.530,0.009765625,0.017578125,1.0419921875,0.0,0.0,0.0,0.999755859375,-0.4339599609375,67.137451171875,1.0421862006000613,0.0,1.0441308565892318,0.001944655989170485,0.0011094678657277137,0.02,0.0011094678657277137,0,0
1779347905.5305214,2026-05-21T16:18:25.530,0.0078125,0.01904296875,1.04443359375,0.0,0.0,0.0,0.999755859375,-0.4339599609375,67.137451171875,1.0446363968236045,0.0,1.0441308565892318,0.00050554023437277,0.0009886823394567252,0.02,0.0009886823394567252,0,0
1779347905.5851827,2026-05-21T16:18:25.585,0.009765625,0.01904296875,1.0439453125,0.0,0.0,0.0,0.999755859375,-0.4339599609375,67.137451171875,1.044164650608886,0.0,1.0441308565892318,3.379401965419859e-05,0.0007977046754962198,0.02,0.0007977046754962198,0,0
1779347905.586185,2026-05-21T16:18:25.586,0.0078125,0.01806640625,1.04443359375,0.0,0.0,0.0,0.999755859375,-0.4339599609375,67.137451171875,1.0446190511112556,0.0,1.0441308565892318,0.00048819452202386593,0.0007358026448017491,0.02,0.0007358026448017491,0,0
1779347905.586185,2026-05-21T16:18:25.586,0.0087890625,0.01708984375,1.04345703125,0.0,0.0,0.0,0.999755859375,-0.439453125,67.137451171875,1.0436339810700357,0.0,1.0441308565892318,0.0004968755191960827,0.0006880172196806159,0.02,0.0006880172196806159,0,0
1779347905.586185,2026-05-21T16:18:25.586,0.0087890625,0.017578125,1.04345703125,0.0,0.0,0.0,0.999755859375,-0.439453125,67.137451171875,1.0436420910269995,0.0,1.0441308565892318,0.0004887655622323184,0.0006481668881909565,0.02,0.0006481668881909565,0,0
1779347905.586185,2026-05-21T16:18:25.586,0.00732421875,0.017578125,1.04345703125,0.0,0.0,0.0,0.999755859375,-0.439453125,67.137451171875,1.043630782759821,0.0,1.0441308565892318,0.0005000738294107521,0.0006185482764349156,0.02,0.0006185482764349156,0,0
1779347905.586185,2026-05-21T16:18:25.586,0.0068359375,0.01953125,1.04248046875,0.0,0.0,0.0,0.999755859375,-0.439453125,67.137451171875,1.0426858239629453,0.0,1.0441308565892318,0.0014450326262864799,0.0007838451464052285,0.02,0.0007838451464052285,0,0
1779347905.586185,2026-05-21T16:18:25.586,0.00732421875,0.017578125,1.044921875,0.0,0.0,0.0,0.999755859375,-0.439453125,67.137451171875,1.0450953829734055,0.0,1.0441308565892318,0.0009645263841737695,0.0008199813939589367,0.02,0.0008199813939589367,0,0
1779347905.586185,2026-05-21T16:18:25.586,0.00732421875,0.01708984375,1.04443359375,0.0,0.0,0.0,0.999755859375,-0.439453125,67.137451171875,1.0445990803620484,0.0,1.0441308565892318,0.00046822377281663385,0.0007496298697304761,0.02,0.0007496298697304761,0,0
1779347905.6181881,2026-05-21T16:18:25.618,0.00830078125,0.0185546875,1.044921875,0.0,0.0,0.0,0.999755859375,-0.439453125,67.137451171875,1.0451195645719673,0.0,1.0441308565892318,0.0009887079827355372,0.0007974454923314884,0.02,0.0007974454923314884,0,0
1779347905.6181881,2026-05-21T16:18:25.618,0.0087890625,0.0185546875,1.041015625,0.0,0.0,0.0,0.999755859375,-0.439453125,67.137451171875,1.0412180633959403,0.0,1.0441308565892318,0.0029127931932915185,0.0012205150325234945,0.02,0.0012205150325234945,0,0
1779347905.6181881,2026-05-21T16:18:25.618,0.00732421875,0.0185546875,1.04345703125,0.0,0.0,0.0,0.999755859375,-0.439453125,67.137451171875,1.0436476880027972,0.0,1.0441308565892318,0.00048316858643460137,0.001073045743305716,0.02,0.001073045743305716,0,0
1779347905.6181881,2026-05-21T16:18:25.618,0.0087890625,0.0166015625,1.04443359375,0.0,0.0,0.0,0.999755859375,-0.439453125,67.137451171875,1.044602503946171,0.0,1.0441308565892318,0.0004716473569392754,0.0009527660660324279,0.02,0.0009527660660324279,0,0
1779347905.6181881,2026-05-21T16:18:25.618,0.009765625,0.0185546875,1.044921875,0.0,0.0,0.0,0.999755859375,-0.439453125,67.137451171875,1.0451322254688058,0.0,1.0441308565892318,0.0010013688795740272,0.0009624866287407478,0.02,0.0009624866287407478,0,0
1779347905.6181881,2026-05-21T16:18:25.618,0.01123046875,0.02001953125,1.0458984375,0.0,0.0,0.0,0.999755859375,-0.439453125,67.137451171875,1.0461502982959743,0.0,1.0441308565892318,0.0020194417067425086,0.0011738776443411,0.02,0.0011738776443411,0,0
1779347905.6181881,2026-05-21T16:18:25.618,0.00927734375,0.0166015625,1.0458984375,0.0,0.0,0.0,0.999755859375,-0.439453125,67.137451171875,1.046071327658606,0.0,1.0441308565892318,0.0019404710693742278,0.0013271963293477256,0.02,0.0013271963293477256,0,0
1779347905.6181881,2026-05-21T16:18:25.618,0.01025390625,0.01708984375,1.04296875,0.0,0.0,0.0,0.999755859375,-0.439453125,67.137451171875,1.043159153163766,0.0,1.0441308565892318,0.0009717034254657086,0.0012560977485713224,0.02,0.0012560977485713224,0,0
1779347905.6472142,2026-05-21T16:18:25.647,0.0107421875,0.01806640625,1.04345703125,0.0,0.0,0.0,0.999755859375,-0.439453125,67.137451171875,1.0436687049500615,0.0,1.0441346242199196,0.00046591926985817267,0.0010980620528286925,0.02,0.0010980620528286925,0,0
1779347905.6472142,2026-05-21T16:18:25.647,0.0087890625,0.017578125,1.04296875,0.0,0.0,0.0,0.999755859375,-0.439453125,67.137451171875,1.0431538964000984,0.0,1.0441346242199196,0.000980727819821281,0.0010745952062272102,0.02,0.0010745952062272102,0,0
1779347905.6472142,2026-05-21T16:18:25.647,0.00927734375,0.02001953125,1.04345703125,0.0,0.0,0.0,0.999755859375,-0.439453125,67.137451171875,1.0436902925693947,0.0,1.044134567134706,0.0004442745653112645,0.0009485310780440212,0.02,0.0009485310780440212,0,0
1779347905.6472142,2026-05-21T16:18:25.647,0.00732421875,0.01806640625,1.041015625,0.0,0.0,0.0,0.999755859375,-0.439453125,67.137451171875,1.0411981419063465,0.0,1.0441345100494925,0.0029363681431460176,0.0013460984910644205,0.02,0.0013460984910644205,0,0
1779347905.6472142,2026-05-21T16:18:25.647,0.00927734375,0.017578125,1.044921875,0.0,0.0,0.0,0.999755859375,-0.439453125,67.137451171875,1.045110895761348,0.0,1.0441326833193623,0.0009782124419857041,0.0012725212812486773,0.02,0.0012725212812486773,0,0
1779347905.6472142,2026-05-21T16:18:25.647,0.00830078125,0.01904296875,1.0439453125,0.0,0.0,0.0,0.999755859375,-0.439453125,67.137451171875,1.0441519779796888,0.0,1.0441345100494925,1.7467930196302106e-05,0.0010215106110382022,0.02,0.0010215106110382022,0,0
1779347905.6472142,2026-05-21T16:18:25.647,0.0087890625,0.01708984375,1.0458984375,0.0,0.0,0.0,0.999755859375,-0.439453125,67.137451171875,1.046074974341691,0.0,1.044134567134706,0.001940407206985073,0.0012052899302275764,0.02,0.0012052899302275764,0,0
1779347905.6472142,2026-05-21T16:18:25.647,0.00830078125,0.017578125,1.04443359375,0.0,0.0,0.0,0.999755859375,-0.439453125,67.137451171875,1.0446144864022402,0.0,1.0441346242199196,0.0004798621823205451,0.00106020438064617,0.02,0.00106020438064617,0,0
1779347905.6797268,2026-05-21T16:18:25.679,0.00732421875,0.01708984375,1.04296875,0.0,0.0,0.0,0.999755859375,-0.439453125,67.137451171875,1.0431344690001667,0.0,1.0441346242199196,0.0010001552197529406,0.0010481945484675243,0.02,0.0010481945484675243,0,0
1779347905.6797268,2026-05-21T16:18:25.679,0.0078125,0.01806640625,1.04248046875,0.0,0.0,0.0,0.999755859375,-0.439453125,67.137451171875,1.0426662735104937,0.0,1.0441346242199196,0.0014683507094259696,0.0011322257806592134,0.02,0.0011322257806592134,0,0
1779347905.6797268,2026-05-21T16:18:25.679,0.00927734375,0.0166015625,1.0419921875,0.0,0.0,0.0,0.999755859375,-0.439453125,67.137451171875,1.0421657256864343,0.0,1.044134567134706,0.0019688414482716965,0.0012995489141817101,0.02,0.0012995489141817101,0,0
1779347905.6797268,2026-05-21T16:18:25.679,0.0087890625,0.01708984375,1.0439453125,0.0,0.0,0.0,0.999755859375,-0.439453125,67.137451171875,1.0441221795698772,0.0,1.0441345100494925,1.2330479615352274e-05,0.0010421052272684386,0.02,0.0010421052272684386,0,0
1779347905.6797268,2026-05-21T16:18:25.679,0.005859375,0.01611328125,1.04296875,0.0,0.0,0.0,0.999755859375,-0.439453125,67.137451171875,1.043109669969843,0.0,1.0441326833193623,0.001023013349519264,0.0010382868517186039,0.02,0.0010382868517186039,0,0
1779347905.6797268,2026-05-21T16:18:25.679,0.01025390625,0.01904296875,1.0439453125,0.0,0.0,0.0,0.999755859375,-0.439453125,67.137451171875,1.0441693314510438,0.0,1.0441308565892318,3.847486181207671e-05,0.0008383244537372985,0.02,0.0008383244537372985,0,0
1779347905.6797268,2026-05-21T16:18:25.679,0.0087890625,0.0166015625,1.04443359375,0.0,0.0,0.0,0.999755859375,-0.439453125,67.137451171875,1.044602503946171,0.0,1.0441326833193623,0.00046982062680878123,0.0007646236883515951,0.02,0.0007646236883515951,0,0
1779347905.6797268,2026-05-21T16:18:25.679,0.01025390625,0.01904296875,1.04443359375,0.0,0.0,0.0,0.999755859375,-0.439453125,67.1429443359375,1.0446575079928049,0.0,1.0441345100494925,0.0005229979433123422,0.0007162985393437446,0.02,0.0007162985393437446,0,0
1779347905.7059164,2026-05-21T16:18:25.705,0.00732421875,0.0185546875,1.04541015625,0.0,0.0,0.0,0.999755859375,-0.439453125,67.1429443359375,1.045600456866374,0.0,1.044134567134706,0.0014658897316679464,0.000866216777808585,0.02,0.000866216777808585,0,0
1779347905.7059164,2026-05-21T16:18:25.705,0.0087890625,0.01611328125,1.0419921875,0.0,0.0,0.0,0.999755859375,-0.439453125,67.1429443359375,1.042153829462477,0.0,1.0441346242199196,0.0019807947574426166,0.0010891323737353914,0.02,0.0010891323737353914,0,0
1779347905.7059164,2026-05-21T16:18:25.705,0.0078125,0.01806640625,1.0439453125,0.0,0.0,0.0,0.999755859375,-0.439453125,67.1429443359375,1.0441308565892318,0.0,1.044134567134706,3.7105454742114574e-06,0.0008720480080831555,0.02,0.0008720480080831555,0,0
1779347905.7059164,2026-05-21T16:18:25.705,0.0078125,0.01953125,1.04296875,0.0,0.0,0.0,0.999755859375,-0.439453125,67.1429443359375,1.043180865602593,0.0,1.0441345100494925,0.0009536444468996041,0.0008883672958464454,0.02,0.0008883672958464454,0,0
1779347905.7059164,2026-05-21T16:18:25.705,0.01123046875,0.0185546875,1.04638671875,0.0,0.0,0.0,0.999755859375,-0.439453125,67.1429443359375,1.046611468040055,0.0,1.0441326833193623,0.0024787847206926283,0.001206450780815682,0.02,0.001206450780815682,0,0
1779347905.7069154,2026-05-21T16:18:25.706,0.00830078125,0.01904296875,1.04541015625,0.0,0.0,0.0,0.999755859375,-0.439453125,67.1429443359375,1.0456165322042412,0.0,1.0441345100494925,0.0014820221547486856,0.0012615650556022828,0.02,0.0012615650556022828,0,0
1779347905.7069154,2026-05-21T16:18:25.706,0.0078125,0.01904296875,1.04541015625,0.0,0.0,0.0,0.999755859375,-0.439453125,67.1429443359375,1.0456127699132758,0.0,1.044134567134706,0.0014782027785698038,0.0013048926001957872,0.02,0.0013048926001957872,0,0
1779347905.7069154,2026-05-21T16:18:25.706,0.0087890625,0.01611328125,1.04443359375,0.0,0.0,0.0,0.999755859375,-0.439453125,67.1429443359375,1.0445948579261772,0.0,1.0441346242199196,0.00046023370625758453,0.0011359608214081467,0.02,0.0011359608214081467,0,0
1779347905.7706258,2026-05-21T16:18:25.770,0.009765625,0.01904296875,1.0419921875,0.0,0.0,0.0,0.999755859375,-0.439453125,67.1429443359375,1.0422119366527565,0.0,1.0441346242199196,0.0019226875671631838,0.0012933061705591542,0.02,0.0012933061705591542,0,0
1779347905.7706258,2026-05-21T16:18:25.770,0.00732421875,0.017578125,1.04443359375,0.0,0.0,0.0,0.999755859375,-0.439453125,67.1429443359375,1.0446071828263261,0.0,1.0441346242199196,0.0004725586064064924,0.0011291566577286219,0.02,0.0011291566577286219,0,0
1779347905.7706258,2026-05-21T16:18:25.770,0.00927734375,0.01904296875,1.0439453125,0.0,0.0,0.0,0.999755859375,-0.439453125,67.1429443359375,1.0441601980810185,0.0,1.0441346242199196,2.557386109880433e-05,0.0009084400984026584,0.02,0.0009084400984026584,0,0
1779347905.7706258,2026-05-21T16:18:25.770,0.00830078125,0.01904296875,1.04443359375,0.0,0.0,0.0,0.999755859375,-0.439453125,67.1429443359375,1.044640162630996,0.0,1.0441346242199196,0.0005055384110763672,0.0008278597609374001,0.02,0.0008278597609374001,0,0
1779347905.7706258,2026-05-21T16:18:25.770,0.0078125,0.0166015625,1.04345703125,0.0,0.0,0.0,0.999755859375,-0.439453125,67.1429443359375,1.0436183321017098,0.0,1.0441346242199196,0.0005162921182098046,0.0007655462323918811,0.02,0.0007655462323918811,0,0
1779347905.7706258,2026-05-21T16:18:25.770,0.009765625,0.01953125,1.04443359375,0.0,0.0,0.0,0.999755859375,-0.439453125,67.1429443359375,1.0446618442882574,0.0,1.0441346242199196,0.0005272200683377193,0.0007178809995810489,0.02,0.0007178809995810489,0,0
1779347905.7706258,2026-05-21T16:18:25.770,0.0087890625,0.01904296875,1.0439453125,0.0,0.0,0.0,0.999755859375,-0.439453125,67.1429443359375,1.0441559738703625,0.0,1.0441346242199196,2.1349650442870072e-05,0.0005785747297534131,0.02,0.0005785747297534131,0,0
1779347905.7706258,2026-05-21T16:18:25.770,0.0087890625,0.01806640625,1.0439453125,0.0,0.0,0.0,0.999755859375,-0.4449462890625,67.1429443359375,1.0441386201770058,0.0,1.0441346242199196,3.995957086111446e-06,0.0004636589752199528,0.02,0.0004636589752199528,0,0
1779347905.7966297,2026-05-21T16:18:25.796,0.00927734375,0.02001953125,1.04345703125,0.0,0.0,0.0,0.999755859375,-0.4449462890625,67.1429443359375,1.0436902925693947,0.0,1.0441346242199196,0.00044433165052493173,0.00045979351028094863,0.02,0.00045979351028094863,0,0
1779347905.7966297,2026-05-21T16:18:25.796,0.00732421875,0.01904296875,1.04541015625,0.0,0.0,0.0,0.999755859375,-0.4449462890625,67.1429443359375,1.0456092356276128,0.0,1.0441346242199196,0.001474611407693116,0.0006627570897633822,0.02,0.0006627570897633822,0,0
1779347905.7966297,2026-05-21T16:18:25.796,0.0078125,0.01953125,1.044921875,0.0,0.0,0.0,0.999755859375,-0.4449462890625,67.1429443359375,1.0451335942052231,0.0,1.0441346242199196,0.0009989699853034661,0.000729999668871399,0.02,0.000729999668871399,0,0
1779347905.7966297,2026-05-21T16:18:25.796,0.00732421875,0.01806640625,1.0419921875,0.0,0.0,0.0,0.999755859375,-0.4449462890625,67.1429443359375,1.042174533380145,0.0,1.0441346242199196,0.001960090839774553,0.0009760179030520299,0.02,0.0009760179030520299,0,0
1779347905.7966297,2026-05-21T16:18:25.796,0.0087890625,0.01953125,1.04150390625,0.0,0.0,0.0,0.999755859375,-0.4449462890625,67.1429443359375,1.0417241017084131,0.0,1.0441346242199196,0.00241052251150653,0.00126291882474293,0.02,0.00126291882474293,0,0
1779347905.7966297,2026-05-21T16:18:25.796,0.0078125,0.02001953125,1.0458984375,0.0,0.0,0.0,0.999755859375,-0.4449462890625,67.1429443359375,1.046119189362599,0.0,1.0441346242199196,0.0019845651426793065,0.0014072480883302054,0.02,0.0014072480883302054,0,0
1779347905.7966297,2026-05-21T16:18:25.796,0.0078125,0.017578125,1.04296875,0.0,0.0,0.0,0.999755859375,-0.4449462890625,67.1429443359375,1.0431461254835432,0.0,1.0441346242199196,0.0009884987363764086,0.0013234982179394462,0.02,0.0013234982179394462,0,0
1779347905.7966297,2026-05-21T16:18:25.796,0.00732421875,0.017578125,1.04638671875,0.0,0.0,0.0,0.999755859375,-0.4449462890625,67.1429443359375,1.0465599838686768,0.0,1.0441346242199196,0.0024253596487571194,0.001543870504102981,0.02,0.001543870504102981,0,0
1779347905.8296256,2026-05-21T16:18:25.829,0.0078125,0.01806640625,1.04296875,0.0,0.0,0.0,0.999755859375,-0.4449462890625,67.1429443359375,1.0431544677887368,0.0,1.0441346242199196,0.000980156431182877,0.0014311276895189603,0.02,0.0014311276895189603,0,0
1779347905.8296256,2026-05-21T16:18:25.829,0.0087890625,0.01904296875,1.04443359375,0.0,0.0,0.0,0.999755859375,-0.4449462890625,67.1429443359375,1.044644156654304,0.0,1.0441346242199196,0.0005095324343844521,0.0012468086384920588,0.02,0.0012468086384920588,0,0
1779347905.8296256,2026-05-21T16:18:25.829,0.0087890625,0.01611328125,1.04345703125,0.0,0.0,0.0,0.999755859375,-0.4449462890625,67.1429443359375,1.0436184463286062,0.0,1.0441346242199196,0.0005161778913134185,0.0011006824890563308,0.02,0.0011006824890563308,0,0
1779347905.8296256,2026-05-21T16:18:25.829,0.00830078125,0.01708984375,1.04345703125,0.0,0.0,0.0,0.999755859375,-0.4449462890625,67.1429443359375,1.043629983180736,0.0,1.0441346242199196,0.0005046410391835732,0.0009814741990817792,0.02,0.0009814741990817792,0,0
1779347905.8296256,2026-05-21T16:18:25.829,0.01025390625,0.01806640625,1.044921875,0.0,0.0,0.0,0.999755859375,-0.4449462890625,67.1429443359375,1.0451283473725557,0.0,1.0441346242199196,0.0009937231526360168,0.0009839239897926268,0.02,0.0009839239897926268,0,0
1779347905.8296256,2026-05-21T16:18:25.829,0.0087890625,0.01708984375,1.04638671875,0.0,0.0,0.0,0.999755859375,-0.4449462890625,67.1429443359375,1.046563173227216,0.0,1.0441346242199196,0.002428549007296388,0.001272848993293379,0.02,0.001272848993293379,0,0
1779347905.8296256,2026-05-21T16:18:25.829,0.00830078125,0.01806640625,1.04248046875,0.0,0.0,0.0,0.999755859375,-0.4449462890625,67.1429443359375,1.042670046433372,0.0,1.0441346242199196,0.0014645777865476273,0.0013111947519442288,0.02,0.0013111947519442288,0,0
1779347905.8296256,2026-05-21T16:18:25.829,0.005859375,0.01953125,1.04443359375,0.0,0.0,0.0,0.999755859375,-0.4449462890625,67.1429443359375,1.0446326310026377,0.0,1.0441346242199196,0.0004980067827180523,0.0011485571580989937,0.02,0.0011485571580989937,0,0
1779347905.8871408,2026-05-21T16:18:25.887,0.009765625,0.01904296875,1.04296875,0.0,0.0,0.0,0.999755859375,-0.4449462890625,67.1429443359375,1.0431882934384455,0.0,1.0441346242199196,0.0009463307814741029,0.0011081118827740155,0.02,0.0011081118827740155,0,0
1779347905.8871408,2026-05-21T16:18:25.887,0.00927734375,0.0185546875,1.0419921875,0.0,0.0,0.0,0.999755859375,-0.4449462890625,67.1429443359375,1.0421986683671753,0.0,1.0441346242199196,0.0019359558527443088,0.0012736806767680742,0.02,0.0012736806767680742,0,0
1779347905.8871408,2026-05-21T16:18:25.887,0.00732421875,0.0185546875,1.04345703125,0.0,0.0,0.0,0.999755859375,-0.4449462890625,67.1429443359375,1.0436476880027972,0.0,1.0441346242199196,0.00048693621712248003,0.0011163317848389555,0.02,0.0011163317848389555,0,0
1779347905.8871408,2026-05-21T16:18:25.887,0.0087890625,0.01708984375,1.0439453125,0.0,0.0,0.0,0.999755859375,-0.4449462890625,67.1429443359375,1.0441221795698772,0.0,1.0441346242199196,1.2444650042464644e-05,0.0008955543578796573,0.02,0.0008955543578796573,0,0
1779347905.8871408,2026-05-21T16:18:25.887,0.00732421875,0.01904296875,1.04248046875,0.0,0.0,0.0,0.999755859375,-0.4449462890625,67.1429443359375,1.0426801074943028,0.0,1.0441346242199196,0.0014545167256168057,0.001007346831427087,0.02,0.001007346831427087,0,0
1779347905.8871408,2026-05-21T16:18:25.887,0.00830078125,0.01904296875,1.04345703125,0.0,0.0,0.0,0.999755859375,-0.4449462890625,67.1429443359375,1.0436637934187605,0.0,1.0441346242199196,0.0004708308011591722,0.0009000436253735041,0.02,0.0009000436253735041,0,0
1779347905.8871408,2026-05-21T16:18:25.887,0.0087890625,0.01513671875,1.04248046875,0.0,0.0,0.0,0.999755859375,-0.4449462890625,67.1429443359375,1.0426274001767675,0.0,1.044134567134706,0.0015071669579385105,0.0010214682918865054,0.02,0.0010214682918865054,0,0
1779347905.8871408,2026-05-21T16:18:25.887,0.0078125,0.01708984375,1.04248046875,0.0,0.0,0.0,0.999755859375,-0.4449462890625,67.1429443359375,1.042649809687255,0.0,1.0441345100494925,0.0014847003622375787,0.00111411470595672,0.02,0.00111411470595672,0,0
1779347905.916453,2026-05-21T16:18:25.916,0.00830078125,0.0185546875,1.04541015625,0.0,0.0,0.0,0.999755859375,-0.4449462890625,67.1429443359375,1.0456077535042634,0.0,1.0441326833193623,0.0014750701849011172,0.0011863058017455995,0.02,0.0011863058017455995,0,0
1779347905.916453,2026-05-21T16:18:25.916,0.0087890625,0.017578125,1.04443359375,0.0,0.0,0.0,0.999755859375,-0.4449462890625,67.1429443359375,1.0446184805237195,0.0,1.0441345100494925,0.00048397047422699124,0.001045838736241878,0.02,0.001045838736241878,0,0
1779347905.916453,2026-05-21T16:18:25.916,0.00927734375,0.01904296875,1.04345703125,0.0,0.0,0.0,0.999755859375,-0.4449462890625,67.1429443359375,1.0436720173650975,0.0,1.044134567134706,0.00046254976960846683,0.0009291809429151957,0.02,0.0009291809429151957,0,0
1779347905.916453,2026-05-21T16:18:25.916,0.0087890625,0.0185546875,1.04345703125,0.0,0.0,0.0,0.999755859375,-0.4449462890625,67.1429443359375,1.0436589960868037,0.0,1.0441345100494925,0.00047551396268885604,0.0008384475468699278,0.02,0.0008384475468699278,0,0
1779347905.916453,2026-05-21T16:18:25.916,0.0078125,0.017578125,1.04638671875,0.0,0.0,0.0,0.999755859375,-0.4449462890625,67.1429443359375,1.0465635149436259,0.0,1.0441326833193623,0.0024308316242636074,0.0011569243623486638,0.02,0.0011569243623486638,0,0
1779347905.916453,2026-05-21T16:18:25.916,0.01025390625,0.0185546875,1.0419921875,0.0,0.0,0.0,0.999755859375,-0.4449462890625,67.1429443359375,1.0422078189270323,0.0,1.0441345100494925,0.0019266911224602445,0.0013108777143709801,0.02,0.0013108777143709801,0,0
1779347905.916453,2026-05-21T16:18:25.916,0.00830078125,0.0185546875,1.04443359375,0.0,0.0,0.0,0.999755859375,-0.4449462890625,67.1429443359375,1.0446313757259653,0.0,1.0441326833193623,0.0004986924066030518,0.0011484406528173945,0.02,0.0011484406528173945,0,0
1779347905.916453,2026-05-21T16:18:25.916,0.0078125,0.01708984375,1.0439453125,0.0,0.0,0.0,0.999755859375,-0.4449462890625,67.1429443359375,1.0441144158598579,0.0,1.0441345100494925,2.009418963466736e-05,0.0009227713601808491,0.02,0.0009227713601808491,0,0
1779347905.9474602,2026-05-21T16:18:25.947,0.00732421875,0.01953125,1.04345703125,0.0,0.0,0.0,0.999755859375,-0.4449462890625,67.1429443359375,1.0436655067462581,0.0,1.0441326833193623,0.0004671765731041333,0.000831652402765506,0.02,0.000831652402765506,0,0
1779347905.9484603,2026-05-21T16:18:25.948,0.00927734375,0.01953125,1.0458984375,0.0,0.0,0.0,0.999755859375,-0.4449462890625,67.1429443359375,1.0461219242509736,0.0,1.0441308565892318,0.001991067661741841,0.0010635354545607731,0.02,0.0010635354545607731,0,0
1779347905.9484603,2026-05-21T16:18:25.948,0.0078125,0.01611328125,1.04443359375,0.0,0.0,0.0,0.999755859375,-0.4449462890625,67.1429443359375,1.0445870977292566,0.0,1.0441326833193623,0.0004544144098943548,0.0009417112456274895,0.02,0.0009417112456274895,0,0
1779347905.9484603,2026-05-21T16:18:25.948,0.00830078125,0.01708984375,1.0419921875,0.0,0.0,0.0,0.999755859375,-0.4449462890625,67.1429443359375,1.04216538252803,0.0,1.0441345100494925,0.0019691275214626103,0.0011471945007945137,0.02,0.0011471945007945137,0,0
1779347905.9484603,2026-05-21T16:18:25.948,0.0087890625,0.01806640625,1.04345703125,0.0,0.0,0.0,0.999755859375,-0.4449462890625,67.1429443359375,1.0436504293677469,0.0,1.0441326833193623,0.00048225395161538565,0.001014206390958688,0.02,0.001014206390958688,0,0
1779347905.9484603,2026-05-21T16:18:25.948,0.00927734375,0.01708984375,1.04541015625,0.0,0.0,0.0,0.999755859375,-0.4449462890625,67.1429443359375,1.0455909939632726,0.0,1.0441308565892318,0.0014601373740408263,0.0011033925875751156,0.02,0.0011033925875751156,0,0
1779347905.9484603,2026-05-21T16:18:25.948,0.00830078125,0.0185546875,1.04541015625,0.0,0.0,0.0,0.999755859375,-0.4449462890625,67.1429443359375,1.0456077535042634,0.0,1.0441326833193623,0.0014750701849011172,0.0011777281070403161,0.02,0.0011777281070403161,0,0
1779347905.9484603,2026-05-21T16:18:25.948,0.0068359375,0.01904296875,1.04296875,0.0,0.0,0.0,0.999755859375,-0.4449462890625,67.1429443359375,1.0431649812838235,0.0,1.0441345100494925,0.0009695287656690255,0.001136088238766058,0.02,0.001136088238766058,0,0
1779347906.0099707,2026-05-21T16:18:26.009,0.0087890625,0.0185546875,1.04248046875,0.0,0.0,0.0,0.999755859375,-0.4449462890625,67.1429443359375,1.0426826227443666,0.0,1.0441305711620714,0.0014479484177047919,0.001198460274553805,0.02,0.001198460274553805,0,0
1779347906.0099707,2026-05-21T16:18:26.009,0.0068359375,0.01708984375,1.0419921875,0.0,0.0,0.0,0.999755859375,-0.4449462890625,67.1429443359375,1.0421547445614487,0.0,1.044130285734911,0.001975541173462325,0.001353876454335509,0.02,0.001353876454335509,0,0
1779347906.0099707,2026-05-21T16:18:26.009,0.009765625,0.0185546875,1.04296875,0.0,0.0,0.0,0.999755859375,-0.4449462890625,67.1429443359375,1.0431794943040367,0.0,1.044130285734911,0.0009507914308743981,0.0012732594496432871,0.02,0.0012732594496432871,0,0
1779347906.0099707,2026-05-21T16:18:26.009,0.00927734375,0.01806640625,1.0458984375,0.0,0.0,0.0,0.999755859375,-0.4449462890625,67.1429443359375,1.0460956006535862,0.0,1.044130285734911,0.0019653149186751318,0.0014116705434496562,0.02,0.0014116705434496562,0,0
1779347906.0099707,2026-05-21T16:18:26.009,0.0107421875,0.01708984375,1.044921875,0.0,0.0,0.0,0.999755859375,-0.4449462890625,67.1429443359375,1.0451168270605924,0.0,1.044130285734911,0.0009865413256813227,0.0013266446998959896,0.02,0.0013266446998959896,0,0
1779347906.0099707,2026-05-21T16:18:26.009,0.00830078125,0.0185546875,1.04443359375,0.0,0.0,0.0,0.999755859375,-0.4449462890625,67.1429443359375,1.0446313757259653,0.0,1.044130285734911,0.0005010899910542488,0.0011615337581276416,0.02,0.0011615337581276416,0,0
1779347906.0099707,2026-05-21T16:18:26.009,0.00830078125,0.0166015625,1.04345703125,0.0,0.0,0.0,0.999755859375,-0.4449462890625,67.1429443359375,1.0436221015826874,0.0,1.0441305711620714,0.0005084695793839966,0.0010309209223789127,0.02,0.0010309209223789127,0,0
1779347906.0099707,2026-05-21T16:18:26.009,0.0087890625,0.017578125,1.04345703125,0.0,0.0,0.0,0.999755859375,-0.4449462890625,67.1429443359375,1.0436420910269995,0.0,1.044130285734911,0.00048819470791161557,0.0009223756794854533,0.02,0.0009223756794854533,0,0
1779347906.03797,2026-05-21T16:18:26.037,0.00927734375,0.017578125,1.04248046875,0.0,0.0,0.0,0.999755859375,-0.4449462890625,67.1429443359375,1.0426699321025763,0.0,1.044130285734911,0.0014603536323347655,0.0010299712700553158,0.02,0.0010299712700553158,0,0
1779347906.03797,2026-05-21T16:18:26.037,0.00927734375,0.0185546875,1.04248046875,0.0,0.0,0.0,0.999755859375,-0.4449462890625,67.1429443359375,1.0426868529239726,0.0,1.044130285734911,0.0014434328109385053,0.0011126635782319537,0.02,0.0011126635782319537,0,0
1779347906.03797,2026-05-21T16:18:26.037,0.0087890625,0.017578125,1.04248046875,0.0,0.0,0.0,0.999755859375,-0.4449462890625,67.1429443359375,1.0426657018543213,0.0,1.044130285734911,0.001464583880589787,0.0011830476387035204,0.02,0.0011830476387035204,0,0
1779347906.03797,2026-05-21T16:18:26.037,0.00927734375,0.01953125,1.04248046875,0.0,0.0,0.0,0.999755859375,-0.4449462890625,67.1429443359375,1.0427046880871103,0.0,1.044130285734911,0.0014255976478008137,0.0012315576405229792,0.02,0.0012315576405229792,0,0
1779347906.03797,2026-05-21T16:18:26.037,0.0068359375,0.01904296875,1.044921875,0.0,0.0,0.0,0.999755859375,-0.4449462890625,67.1429443359375,1.0451177395651807,0.0,1.044128801511162,0.0009889380540186732,0.001183033723222118,0.02,0.001183033723222118,0,0
1779347906.03797,2026-05-21T16:18:26.037,0.0087890625,0.0185546875,1.04248046875,0.0,0.0,0.0,0.999755859375,-0.4449462890625,67.1429443359375,1.0426826227443666,0.0,1.044130285734911,0.0014476629905444405,0.0012359595766865826,0.02,0.0012359595766865826,0,0
1779347906.03797,2026-05-21T16:18:26.037,0.0087890625,0.0185546875,1.04150390625,0.0,0.0,0.0,0.999755859375,-0.4449462890625,67.1429443359375,1.0417062497565521,0.0,1.044128801511162,0.002422551754609925,0.0014732780122712512,0.02,0.0014732780122712512,0,0
1779347906.03797,2026-05-21T16:18:26.037,0.00830078125,0.01806640625,1.0419921875,0.0,0.0,0.0,0.999755859375,-0.4449462890625,67.1429443359375,1.042181854003986,0.0,1.0441273172874133,0.0019454632834272623,0.0015677150665024536,0.02,0.0015677150665024536,0,0
1779347906.077483,2026-05-21T16:18:26.077,0.0087890625,0.017578125,1.04150390625,0.0,0.0,0.0,0.999755859375,-0.4449462890625,67.1429443359375,1.0416893130065956,0.0,1.0441273172874133,0.0024380042808176405,0.0017417729093654913,0.02,0.0017417729093654913,0,0
1779347906.077483,2026-05-21T16:18:26.077,0.00830078125,0.01953125,1.0419921875,0.0,0.0,0.0,0.999755859375,-0.4449462890625,67.1429443359375,1.0422082764529161,0.0,1.0441273172874133,0.001919040834497121,0.0017772264943918172,0.02,0.0017772264943918172,0,0
1779347906.077483,2026-05-21T16:18:26.077,0.00927734375,0.01904296875,1.04248046875,0.0,0.0,0.0,0.999755859375,-0.4449462890625,67.1429443359375,1.0426956562157,0.0,1.0441273172874133,0.0014316610717133305,0.00170811340985612,0.02,0.00170811340985612,0,0
1779347906.077483,2026-05-21T16:18:26.077,0.009765625,0.0185546875,1.0439453125,0.0,0.0,0.0,0.999755859375,-0.4449462890625,67.1484375,1.0441558597022698,0.0,1.0441273172874133,2.8542414856502774e-05,0.0013721992108561968,0.02,0.0013721992108561968,0,0
1779347906.077483,2026-05-21T16:18:26.077,0.00634765625,0.0185546875,1.04296875,0.0,0.0,0.0,0.999755859375,-0.4449462890625,67.1484375,1.0431530964554787,0.0,1.0441273172874133,0.0009742208319345469,0.001292603535071867,0.02,0.001292603535071867,0,0
1779347906.077483,2026-05-21T16:18:26.077,0.0087890625,0.0166015625,1.04345703125,0.0,0.0,0.0,0.999755859375,-0.4449462890625,67.1484375,1.0436260995021798,0.0,1.0441273172874133,0.0005012177852334876,0.0011343263851041911,0.02,0.0011343263851041911,0,0
1779347906.077483,2026-05-21T16:18:26.077,0.0087890625,0.01806640625,1.04296875,0.0,0.0,0.0,0.999755859375,-0.4449462890625,67.1484375,1.0431622386431467,0.0,1.0441273172874133,0.0009650786442665371,0.0011004768369366604,0.02,0.0011004768369366604,0,0
1779347906.077483,2026-05-21T16:18:26.077,0.009765625,0.01513671875,1.04345703125,0.0,0.0,0.0,0.999755859375,-0.4449462890625,67.1484375,1.0436125065134187,0.0,1.0441273172874133,0.0005148107739945118,0.0009833436243482307,0.02,0.0009833436243482307,0,0
1779347906.1267881,2026-05-21T16:18:26.126,0.00927734375,0.01806640625,1.044921875,0.0,0.0,0.0,0.999755859375,-0.450439453125,67.1484375,1.0451192223834376,0.0,1.0441273172874133,0.0009919050960243148,0.0009850559186834475,0.02,0.0009850559186834475,0,0
1779347906.1267881,2026-05-21T16:18:26.126,0.00830078125,0.01708984375,1.04248046875,0.0,0.0,0.0,0.999755859375,-0.450439453125,67.1484375,1.042653582669709,0.0,1.0441273172874133,0.001473734617704281,0.0010827916584876143,0.02,0.0010827916584876143,0,0
1779347906.1267881,2026-05-21T16:18:26.126,0.0078125,0.017578125,1.044921875,0.0,0.0,0.0,0.999755859375,-0.450439453125,67.1484375,1.0450989189968007,0.0,1.0441273172874133,0.0009716017093874818,0.001060553668667588,0.02,0.001060553668667588,0,0
1779347906.1267881,2026-05-21T16:18:26.126,0.01025390625,0.017578125,1.04345703125,0.0,0.0,0.0,0.999755859375,-0.450439453125,67.1484375,1.043655455184786,0.0,1.0441273172874133,0.0004718621026271741,0.0009428153554595052,0.02,0.0009428153554595052,0,0
1779347906.1267881,2026-05-21T16:18:26.126,0.00830078125,0.01806640625,1.0419921875,0.0,0.0,0.0,0.999755859375,-0.450439453125,67.1484375,1.042181854003986,0.0,1.0441273172874133,0.0019454632834272623,0.0011433449410530568,0.02,0.0011433449410530568,0,0
1779347906.1267881,2026-05-21T16:18:26.126,0.00830078125,0.01708984375,1.04443359375,0.0,0.0,0.0,0.999755859375,-0.450439453125,67.1484375,1.0446063839946125,0.0,1.0441273172874133,0.00047906670719921607,0.0010104892942822887,0.02,0.0010104892942822887,0,0
1779347906.1267881,2026-05-21T16:18:26.126,0.00732421875,0.0185546875,1.0439453125,0.0,0.0,0.0,0.999755859375,-0.450439453125,67.1484375,1.0441358800937948,0.0,1.0441273172874133,8.56280638150686e-06,0.0008101039967021323,0.02,0.0008101039967021323,0,0
1779347906.1267881,2026-05-21T16:18:26.126,0.0078125,0.01708984375,1.044921875,0.0,0.0,0.0,0.999755859375,-0.450439453125,67.1484375,1.0450908203448948,0.0,1.0441273172874133,0.0009635030574814962,0.0008407838088580052,0.02,0.0008407838088580052,0,0
1779347906.1583219,2026-05-21T16:18:26.158,0.0087890625,0.01806640625,1.0419921875,0.0,0.0,0.0,0.999755859375,-0.450439453125,67.1484375,1.0421858574483986,0.0,1.0441273172874133,0.0019414598390146143,0.0010609190148893272,0.02,0.0010609190148893272,0,0
1779347906.1583219,2026-05-21T16:18:26.158,0.005859375,0.01904296875,1.0419921875,0.0,0.0,0.0,0.999755859375,-0.450439453125,67.1484375,1.0421826546940989,0.0,1.0441273172874133,0.0019446625933143835,0.0012376677305743385,0.02,0.0012376677305743385,0,0
1779347906.1583219,2026-05-21T16:18:26.158,0.0087890625,0.02001953125,1.0439453125,0.0,0.0,0.0,0.999755859375,-0.450439453125,67.1484375,1.0441742406044219,0.0,1.0441273172874133,4.692331700861807e-05,0.0009995188478611945,0.02,0.0009995188478611945,0,0
1779347906.1583219,2026-05-21T16:18:26.158,0.00927734375,0.01611328125,1.044921875,0.0,0.0,0.0,0.999755859375,-0.450439453125,67.1484375,1.0450872842940981,0.0,1.0441273172874133,0.0009599670066848809,0.0009916084796259318,0.02,0.0009916084796259318,0,0
1779347906.1583219,2026-05-21T16:18:26.158,0.00927734375,0.01806640625,1.04248046875,0.0,0.0,0.0,0.999755859375,-0.450439453125,67.1484375,1.0426782782177182,0.0,1.0441273172874133,0.0014490390696950683,0.0010830945976397592,0.02,0.0010830945976397592,0,0
1779347906.1583219,2026-05-21T16:18:26.158,0.009765625,0.01806640625,1.04541015625,0.0,0.0,0.0,0.999755859375,-0.450439453125,67.1484375,1.0456118578406999,0.0,1.0441273172874133,0.0014845405532866174,0.0011633837887691308,0.02,0.0011633837887691308,0,0
1779347906.1583219,2026-05-21T16:18:26.158,0.0107421875,0.01953125,1.0439453125,0.0,0.0,0.0,0.999755859375,-0.450439453125,67.1484375,1.044183259686522,0.0,1.0441273172874133,5.594239910866605e-05,0.0009418955108370379,0.02,0.0009418955108370379,0,0
1779347906.1583219,2026-05-21T16:18:26.158,0.0087890625,0.017578125,1.0419921875,0.0,0.0,0.0,0.999755859375,-0.450439453125,67.1484375,1.0421775073897823,0.0,1.0441273172874133,0.0019498098976309386,0.001143478388195818,0.02,0.001143478388195818,0,0
1779347906.1873257,2026-05-21T16:18:26.187,0.00732421875,0.0166015625,1.04443359375,0.0,0.0,0.0,0.999755859375,-0.450439453125,67.1484375,1.044591206075984,0.0,1.044130285734911,0.0004609203410730345,0.0010069667787712614,0.02,0.0010069667787712614,0,0
1779347906.1873257,2026-05-21T16:18:26.187,0.0068359375,0.01708984375,1.04541015625,0.0,0.0,0.0,0.999755859375,-0.450439453125,67.1484375,1.0455721819135935,0.0,1.044130285734911,0.0014418961786824003,0.0010939526587534893,0.02,0.0010939526587534893,0,0
1779347906.1873257,2026-05-21T16:18:26.187,0.00927734375,0.01904296875,1.04345703125,0.0,0.0,0.0,0.999755859375,-0.450439453125,67.1484375,1.0436720173650975,0.0,1.044130285734911,0.00045826836981355257,0.000966815800965502,0.02,0.000966815800965502,0,0
1779347906.1873257,2026-05-21T16:18:26.187,0.0078125,0.01953125,1.044921875,0.0,0.0,0.0,0.999755859375,-0.450439453125,67.1484375,1.0451335942052231,0.0,1.044130285734911,0.0010033084703120476,0.0009741143348348112,0.02,0.0009741143348348112,0,0
1779347906.1873257,2026-05-21T16:18:26.187,0.0087890625,0.017578125,1.04345703125,0.0,0.0,0.0,0.999755859375,-0.450439453125,67.1484375,1.0436420910269995,0.0,1.044130285734911,0.00048819470791161557,0.0008769304094501722,0.02,0.0008769304094501722,0,0
1779347906.1873257,2026-05-21T16:18:26.187,0.00634765625,0.01904296875,1.04638671875,0.0,0.0,0.0,0.999755859375,-0.450439453125,67.1484375,1.0465792337778699,0.0,1.044130285734911,0.0024489480429588095,0.0011913339361518996,0.02,0.0011913339361518996,0,0
1779347906.1873257,2026-05-21T16:18:26.187,0.0087890625,0.0166015625,1.04296875,0.0,0.0,0.0,0.999755859375,-0.450439453125,67.1484375,1.0431378973911516,0.0,1.044130285734911,0.000992388343759476,0.001151544817673415,0.02,0.001151544817673415,0,0
1779347906.1873257,2026-05-21T16:18:26.187,0.00732421875,0.01806640625,1.04248046875,0.0,0.0,0.0,0.999755859375,-0.450439453125,67.1484375,1.0426627292371717,0.0,1.044130285734911,0.0014675564977393307,0.0012147471536865983,0.02,0.0012147471536865983,0,0
1779347906.2479355,2026-05-21T16:18:26.247,0.00830078125,0.0185546875,1.044921875,0.0,0.0,0.0,0.999755859375,-0.450439453125,67.1484375,1.0451195645719673,0.0,1.044128801511162,0.0009907630608052553,0.0011699503351103298,0.02,0.0011699503351103298,0,0
1779347906.2479355,2026-05-21T16:18:26.247,0.00732421875,0.0185546875,1.0439453125,0.0,0.0,0.0,0.999755859375,-0.450439453125,67.1484375,1.0441358800937948,0.0,1.044130285734911,5.594358883698192e-06,0.0009370791398650034,0.02,0.0009370791398650034,0,0
1779347906.2479355,2026-05-21T16:18:26.247,0.009765625,0.0166015625,1.0439453125,0.0,0.0,0.0,0.999755859375,-0.450439453125,67.1484375,1.0441229787720432,0.0,1.044130285734911,7.306962867881239e-06,0.000751124704465579,0.02,0.000751124704465579,0,0
1779347906.2479355,2026-05-21T16:18:26.247,0.009765625,0.017578125,1.04443359375,0.0,0.0,0.0,0.999755859375,-0.450439453125,67.1484375,1.0446271534206337,0.0,1.044130285734911,0.0004968676857226573,0.0007002733007169948,0.02,0.0007002733007169948,0,0
1779347906.2479355,2026-05-21T16:18:26.247,0.0107421875,0.017578125,1.0458984375,0.0,0.0,0.0,0.999755859375,-0.450439453125,67.1484375,1.0461012984581093,0.0,1.044130285734911,0.0019710127231982177,0.0009544211852132394,0.02,0.0009544211852132394,0,0
1779347906.2479355,2026-05-21T16:18:26.247,0.01025390625,0.017578125,1.04248046875,0.0,0.0,0.0,0.999755859375,-0.450439453125,67.1484375,1.042679078526619,0.0,1.044130285734911,0.0014512072082921712,0.0010537783898290258,0.02,0.0010537783898290258,0,0
1779347906.2479355,2026-05-21T16:18:26.247,0.00732421875,0.01904296875,1.04345703125,0.0,0.0,0.0,0.999755859375,-0.450439453125,67.1484375,1.0436564831898352,0.0,1.044130285734911,0.0004738025450758965,0.0009377832208784001,0.02,0.0009377832208784001,0,0
1779347906.2479355,2026-05-21T16:18:26.247,0.00732421875,0.01953125,1.044921875,0.0,0.0,0.0,0.999755859375,-0.450439453125,67.1484375,1.0451300582991458,0.0,1.044130285734911,0.00099977256423478,0.0009501810895496761,0.02,0.0009501810895496761,0,0
